account_id,account_name,industry,country,signup_date,referral_source,plan_tier,seats,is_trial,churn_flag,tenure_years,signup_half,seats_band,subs_total,subs_ended,sub_mrr_median,sub_trial_share,sub_upgrade_share,sub_downgrade_share,sub_annual_share,sub_autorenew_share,sub_seats_median,sub_enterprise_share,active_subs_eop,active_mrr_proxy_eop,active_non_autorenew_subs,usage_rows,usage_count,usage_duration_h,usage_errors,usage_features,usage_beta_share,usage_active_days,usage_error_rate,usage_per_year,tickets,ticket_resolution_h,ticket_first_response_min,ticket_escalations,ticket_urgent_high_share,csat_mean,csat_min,csat_no_response_share,tickets_per_year,churn_events,reactivation_events,refund_usd,first_churn_event,has_churn_event,churn_events_per_year,any_sub_ended
A-2e4581,Company_0,EdTech,US,2024-10-16,partner,Basic,9,False,False,0.2108145106091718,2024H2,6-15,10,0,736.5,0.2,0.1,0.0,0.3,0.8,16.5,0.2,10,12603,2,55,535,42.31638888888889,38,27,0.07272727272727272,55,0.07102803738317758,2537.775974025974,2.0,23.0,91.0,0.0,1.0,3.0,3.0,0.5,9.487012987012987,2.0,0.0,0.0,2024-11-23,True,9.487012987012987,False
A-43a9e3,Company_1,FinTech,IN,2023-08-17,other,Basic,18,False,True,1.377138945927447,2023H2,16-30,8,0,697.5,0.0,0.375,0.0,0.75,0.75,20.0,0.125,8,10004,2,35,355,28.093333333333334,14,23,0.05714285714285714,35,0.03943661971830986,257.7808151093439,3.0,38.0,73.33333333333333,0.0,0.6666666666666666,4.0,3.0,0.0,2.1784294234592445,0.0,0.0,0.0,,False,0.0,False
A-0a282f,Company_2,DevTools,US,2024-08-27,organic,Basic,1,False,False,0.34770704996577684,2024H2,1-5,15,3,760.0,0.06666666666666667,0.06666666666666667,0.06666666666666667,0.4666666666666667,1.0,12.0,0.26666666666666666,12,13311,0,83,821,69.78055555555555,48,34,0.060240963855421686,80,0.058465286236297195,2361.183070866142,3.0,43.666666666666664,63.666666666666664,0.0,0.3333333333333333,4.666666666666667,4.0,0.0,8.627952755905513,2.0,0.0,62.66,2024-10-06,True,5.751968503937008,True
A-1f0ac7,Company_3,HealthTech,UK,2023-08-27,other,Basic,24,True,False,1.3497604380561259,2023H2,16-30,7,0,893.0,0.14285714285714285,0.2857142857142857,0.0,0.42857142857142855,0.7142857142857143,24.0,0.14285714285714285,7,9275,2,41,382,28.48,21,26,0.12195121951219512,40,0.0549738219895288,283.01318458417853,2.0,29.0,174.0,0.0,0.5,,,1.0,1.4817444219066938,1.0,0.0,0.0,2024-11-08,True,0.7408722109533469,False
A-ce550d,Company_4,HealthTech,US,2024-10-27,event,Enterprise,35,False,True,0.1806981519507187,2024H2,31+,9,2,1715.0,0.1111111111111111,0.2222222222222222,0.0,0.5555555555555556,0.6666666666666666,35.0,0.4444444444444444,7,25355,3,58,579,59.93861111111111,31,32,0.06896551724137931,56,0.0535405872193437,3204.238636363636,7.0,42.285714285714285,107.85714285714286,1.0,0.5714285714285714,3.8,3.0,0.2857142857142857,38.73863636363636,1.0,0.0,0.0,2024-12-28,True,5.534090909090908,True
A-1b9609,Company_5,EdTech,IN,2023-10-12,ads,Enterprise,4,False,False,1.2238193018480492,2023H2,1-5,11,1,342.0,0.09090909090909091,0.0,0.0,0.5454545454545454,0.8181818181818182,17.0,0.36363636363636365,10,16614,2,47,457,39.03916666666667,21,28,0.1276595744680851,44,0.045951859956236324,373.42114093959736,4.0,43.0,74.75,0.0,0.75,3.0,3.0,0.75,3.2684563758389262,3.0,0.0,0.0,2024-01-02,True,2.4513422818791946,True
A-a0ca4e,Company_6,Cybersecurity,US,2024-03-08,ads,Pro,11,False,False,0.8186173853524983,2024H1,6-15,9,0,539.0,0.1111111111111111,0.0,0.0,0.7777777777777778,0.8888888888888888,12.0,0.4444444444444444,9,16633,1,39,373,32.49,14,26,0.07692307692307693,39,0.03753351206434316,455.64632107023414,6.0,39.166666666666664,89.83333333333333,3.0,0.3333333333333333,3.8,3.0,0.16666666666666666,7.329431438127091,0.0,0.0,0.0,,False,0.0,False
A-e5d6ab,Company_7,EdTech,US,2023-04-15,partner,Pro,3,False,False,1.7166324435318274,2023H1,1-5,10,1,703.0,0.1,0.0,0.0,0.5,0.9,16.0,0.3,9,12383,1,41,382,30.97388888888889,23,29,0.12195121951219512,39,0.060209424083769635,222.5287081339713,3.0,42.666666666666664,57.0,0.0,0.6666666666666666,,,1.0,1.7476076555023925,2.0,0.0,0.0,2023-04-24,True,1.1650717703349283,True
A-7dacce,Company_8,Cybersecurity,CA,2024-09-10,event,Enterprise,12,False,True,0.30937713894592744,2024H2,6-15,10,0,588.0,0.3,0.1,0.0,0.8,0.7,12.0,0.4,10,23057,3,48,472,40.39694444444444,29,27,0.10416666666666667,48,0.0614406779661017,1525.646017699115,4.0,32.5,75.25,0.0,1.0,3.6666666666666665,3.0,0.25,12.929203539823009,3.0,0.0,0.0,2024-09-18,True,9.696902654867257,False
A-10b8da,Company_9,DevTools,US,2023-05-08,partner,Enterprise,14,False,True,1.6536618754277892,2023H1,6-15,6,1,1176.0,0.16666666666666666,0.16666666666666666,0.0,0.5,0.6666666666666666,15.5,0.5,5,5404,2,27,257,20.505,14,23,0.07407407407407407,26,0.054474708171206226,155.4126655629139,3.0,31.333333333333332,71.33333333333333,0.0,0.6666666666666666,3.5,3.0,0.3333333333333333,1.8141556291390728,0.0,0.0,0.0,,False,0.0,True
A-592832,Company_10,Cybersecurity,US,2024-09-25,organic,Basic,18,False,True,0.2683093771389459,2024H2,16-30,19,3,882.0,0.15789473684210525,0.05263157894736842,0.05263157894736842,0.5263157894736842,0.7894736842105263,18.0,0.21052631578947367,16,26833,3,101,1053,90.63416666666667,55,38,0.12871287128712872,92,0.052231718898385564,3924.5739795918366,3.0,32.666666666666664,80.66666666666667,0.0,0.3333333333333333,5.0,5.0,0.6666666666666666,11.181122448979592,1.0,0.0,22.66,2024-10-04,True,3.7270408163265305,True
A-d40bf7,Company_11,FinTech,IN,2024-11-08,organic,Basic,59,False,False,0.14784394250513347,2024H2,31+,10,0,2006.0,0.3,0.1,0.0,0.4,0.6,59.0,0.4,10,43247,4,55,562,41.718333333333334,22,29,0.09090909090909091,54,0.03914590747330961,3801.3055555555557,2.0,20.5,125.5,0.0,1.0,5.0,5.0,0.0,13.527777777777779,0.0,0.0,0.0,,False,0.0,False
A-6c093d,Company_12,DevTools,US,2023-04-14,partner,Basic,7,True,False,1.7193702943189597,2023H1,6-15,12,3,314.0,0.16666666666666666,0.16666666666666666,0.0,0.5833333333333334,0.8333333333333334,11.0,0.25,9,15556,2,64,670,60.354166666666664,30,30,0.15625,63,0.04477611940298507,389.67754777070064,3.0,40.333333333333336,68.33333333333333,1.0,0.6666666666666666,5.0,5.0,0.6666666666666666,1.7448248407643312,0.0,0.0,0.0,,False,0.0,True
A-462d45,Company_13,Cybersecurity,US,2024-01-15,partner,Enterprise,11,True,False,0.9637234770704997,2024H1,6-15,12,2,1045.0,0.16666666666666666,0.08333333333333333,0.16666666666666666,0.5,0.8333333333333334,24.5,0.16666666666666666,10,18752,1,69,642,44.3225,26,34,0.11594202898550725,64,0.040498442367601244,666.1661931818181,4.0,26.75,95.0,0.0,0.75,4.0,4.0,0.75,4.150568181818182,1.0,0.0,0.0,2024-05-17,True,1.0376420454545454,True
A-956988,Company_14,EdTech,UK,2024-11-30,ads,Enterprise,1,False,False,0.08761122518822724,2024H2,1-5,13,1,1330.0,0.15384615384615385,0.0,0.07692307692307693,0.38461538461538464,0.7692307692307693,26.0,0.38461538461538464,12,29407,2,70,658,48.12,49,32,0.11428571428571428,67,0.07446808510638298,7510.453125,2.0,50.5,118.0,0.0,0.5,3.0,3.0,0.5,22.828125,2.0,1.0,0.0,2024-12-08,True,22.828125,True
A-ac14bb,Company_15,FinTech,US,2023-09-08,partner,Enterprise,21,False,False,1.3169062286105406,2023H2,16-30,8,2,780.5,0.125,0.25,0.0,0.5,0.875,26.5,0.375,6,20382,1,54,531,47.45166666666667,42,31,0.12962962962962962,54,0.07909604519774012,403.2177754677755,2.0,24.5,30.5,0.0,0.5,4.0,4.0,0.5,1.5187110187110189,2.0,0.0,128.79,2024-08-29,True,1.5187110187110189,True
A-463db0,Company_16,HealthTech,US,2024-12-05,partner,Basic,15,False,False,0.07392197125256673,2024H2,6-15,7,0,735.0,0.0,0.0,0.0,0.7142857142857143,0.7142857142857143,15.0,0.14285714285714285,7,13266,2,37,367,29.51638888888889,13,25,0.08108108108108109,36,0.035422343324250684,4964.694444444444,6.0,50.166666666666664,94.83333333333333,1.0,0.3333333333333333,4.25,4.0,0.3333333333333333,81.16666666666667,1.0,1.0,0.0,2024-12-30,True,13.527777777777779,False
A-ce66f8,Company_17,EdTech,CA,2023-08-23,event,Pro,29,False,False,1.3607118412046544,2023H2,16-30,6,0,986.0,0.0,0.0,0.0,0.6666666666666666,1.0,29.0,0.16666666666666666,6,11858,0,46,494,37.09972222222222,19,29,0.13043478260869565,45,0.038461538461538464,363.04527162977865,6.0,41.666666666666664,79.16666666666667,0.0,0.3333333333333333,3.5,3.0,0.6666666666666666,4.409456740442656,0.0,0.0,0.0,,False,0.0,False
A-c4ea60,Company_18,FinTech,DE,2023-03-09,other,Enterprise,18,False,True,1.8179329226557153,2023H1,16-30,9,0,882.0,0.1111111111111111,0.0,0.1111111111111111,0.5555555555555556,0.7777777777777778,18.0,0.3333333333333333,9,14646,2,43,427,38.123333333333335,18,28,0.20930232558139536,41,0.04215456674473068,234.88215361445782,5.0,36.0,59.0,0.0,0.2,3.6,3.0,0.0,2.7503765060240966,0.0,0.0,0.0,,False,0.0,False
A-832ec2,Company_19,FinTech,UK,2023-11-19,event,Enterprise,4,True,False,1.1197809719370295,2023H2,1-5,8,0,228.0,0.25,0.375,0.0,0.5,0.375,15.5,0.25,8,9299,5,49,511,43.80861111111111,25,31,0.12244897959183673,46,0.04892367906066536,456.3392420537897,3.0,26.0,108.66666666666667,1.0,0.3333333333333333,4.0,4.0,0.3333333333333333,2.679095354523227,2.0,0.0,0.0,2023-12-19,True,1.7860635696821514,False
A-684255,Company_20,FinTech,US,2024-04-14,ads,Enterprise,9,False,False,0.7173169062286106,2024H1,6-15,14,3,563.5,0.14285714285714285,0.21428571428571427,0.07142857142857142,0.7142857142857143,0.6428571428571429,11.5,0.2857142857142857,11,10864,4,66,653,53.29138888888889,44,34,0.22727272727272727,65,0.06738131699846861,910.3368320610687,4.0,14.25,97.75,1.0,0.25,4.666666666666667,4.0,0.25,5.576335877862595,2.0,1.0,0.0,2024-05-04,True,2.7881679389312977,True
A-c42f1f,Company_21,HealthTech,US,2024-07-28,other,Pro,8,False,False,0.42984257357973993,2024H2,6-15,8,1,535.5,0.0,0.125,0.125,0.625,0.75,11.5,0.125,7,4636,2,35,337,27.328611111111112,20,24,0.14285714285714285,33,0.05934718100890208,784.0079617834394,9.0,31.333333333333332,81.88888888888889,1.0,0.4444444444444444,4.0,3.0,0.4444444444444444,20.937898089171973,0.0,0.0,0.0,,False,0.0,True
A-4e44e8,Company_22,DevTools,US,2024-08-20,ads,Enterprise,3,False,True,0.3668720054757016,2024H2,1-5,14,2,294.5,0.21428571428571427,0.14285714285714285,0.0,0.5,0.7857142857142857,17.5,0.21428571428571427,12,20531,3,69,687,57.88527777777778,37,32,0.11594202898550725,68,0.053857350800582245,1872.5876865671642,3.0,31.333333333333332,76.66666666666667,0.0,0.3333333333333333,3.3333333333333335,3.0,0.0,8.177238805970148,2.0,1.0,35.48,2024-08-25,True,5.451492537313433,True
A-30b4ca,Company_23,EdTech,IN,2024-05-20,organic,Basic,86,False,True,0.6187542778918549,2024H1,31+,8,0,10664.0,0.125,0.0,0.0,0.375,0.875,86.0,0.5,8,75938,1,42,402,35.39805555555556,22,28,0.23809523809523808,41,0.05472636815920398,649.6924778761062,3.0,57.666666666666664,108.33333333333333,0.0,0.0,4.0,4.0,0.6666666666666666,4.8484513274336285,1.0,0.0,0.0,2024-09-01,True,1.616150442477876,False
A-9f2731,Company_24,FinTech,IN,2024-10-04,event,Enterprise,1,False,False,0.243668720054757,2024H2,1-5,7,0,637.0,0.42857142857142855,0.0,0.14285714285714285,0.42857142857142855,1.0,27.0,0.0,7,3613,0,32,324,27.253611111111113,20,23,0.0625,30,0.06172839506172839,1329.6741573033707,0.0,,,0.0,,,,,0.0,2.0,0.0,136.94,2024-10-15,True,8.207865168539326,False
A-32fb14,Company_25,DevTools,US,2023-03-07,event,Enterprise,26,False,True,1.8234086242299794,2023H1,16-30,9,2,494.0,0.1111111111111111,0.2222222222222222,0.0,0.6666666666666666,0.7777777777777778,26.0,0.1111111111111111,7,8775,2,47,488,41.86333333333334,19,27,0.0425531914893617,44,0.0389344262295082,267.63063063063066,5.0,34.0,59.6,0.0,0.6,4.5,4.0,0.6,2.7421171171171173,3.0,0.0,0.0,2023-08-19,True,1.6452702702702704,True
A-00cac8,Company_26,HealthTech,AU,2023-09-15,organic,Enterprise,8,True,False,1.297741273100616,2023H2,6-15,9,0,392.0,0.1111111111111111,0.0,0.1111111111111111,0.4444444444444444,0.8888888888888888,9.0,0.3333333333333333,9,14121,1,58,602,47.60166666666667,31,30,0.1206896551724138,57,0.05149501661129568,463.8829113924051,2.0,33.0,120.5,0.0,1.0,,,1.0,1.5411392405063291,0.0,0.0,0.0,,False,0.0,False
A-35083d,Company_27,HealthTech,IN,2023-04-28,partner,Basic,19,False,True,1.68104038329911,2023H1,16-30,16,1,931.0,0.1875,0.1875,0.0,0.4375,0.875,19.0,0.375,15,31502,2,72,791,65.84861111111111,37,29,0.09722222222222222,70,0.04677623261694058,470.5419381107492,4.0,49.75,119.0,0.0,0.75,5.0,5.0,0.25,2.3794788273615635,0.0,0.0,0.0,,False,0.0,True
A-eb7fac,Company_28,DevTools,US,2023-10-28,organic,Enterprise,7,False,False,1.1800136892539357,2023H2,6-15,10,1,1393.0,0.0,0.0,0.0,0.3,0.9,13.0,0.5,9,41753,1,53,538,51.591388888888886,44,27,0.11320754716981132,51,0.08178438661710037,455.92691415313226,4.0,34.0,126.5,0.0,0.5,4.0,4.0,0.75,3.3897911832946637,1.0,0.0,0.0,2024-07-22,True,0.8474477958236659,True
A-b20d99,Company_29,HealthTech,IN,2023-09-27,other,Basic,20,False,False,1.264887063655031,2023H2,16-30,7,0,646.0,0.0,0.14285714285714285,0.0,0.42857142857142855,0.8571428571428571,20.0,0.2857142857142857,7,11069,1,33,329,29.226111111111113,12,22,0.15151515151515152,32,0.0364741641337386,260.1022727272727,2.0,61.5,27.0,0.0,0.0,3.5,3.0,0.0,1.581168831168831,1.0,0.0,0.0,2024-03-04,True,0.7905844155844155,False
A-396e5f,Company_30,Cybersecurity,CA,2024-10-02,other,Enterprise,2,False,False,0.24914442162902123,2024H2,1-5,10,0,842.0,0.1,0.2,0.1,0.4,0.8,8.5,0.4,10,10236,2,55,540,48.72972222222222,23,29,0.09090909090909091,54,0.04259259259259259,2167.4175824175823,5.0,24.8,102.8,1.0,0.8,4.0,4.0,0.8,20.068681318681318,1.0,0.0,0.0,2024-11-30,True,4.013736263736264,False
A-45ce7a,Company_31,FinTech,US,2023-07-23,ads,Enterprise,16,False,False,1.4455852156057496,2023H2,16-30,7,1,418.0,0.14285714285714285,0.2857142857142857,0.14285714285714285,0.2857142857142857,0.7142857142857143,16.0,0.2857142857142857,6,7432,2,39,424,34.71611111111111,30,21,0.05128205128205128,39,0.07075471698113207,293.3068181818182,5.0,45.4,91.8,0.0,0.0,3.6666666666666665,3.0,0.4,3.458806818181818,0.0,0.0,0.0,,False,0.0,True
A-08e34e,Company_32,EdTech,US,2024-06-27,event,Basic,14,False,True,0.5147159479808351,2024H1,6-15,11,0,931.0,0.18181818181818182,0.0,0.0,0.5454545454545454,0.6363636363636364,29.0,0.36363636363636365,11,21821,4,63,651,51.92472222222222,32,34,0.1111111111111111,61,0.04915514592933948,1264.7752659574467,3.0,43.0,84.0,0.0,0.3333333333333333,3.0,3.0,0.3333333333333333,5.82845744680851,2.0,0.0,228.75,2024-07-13,True,3.8856382978723403,False
A-8145a0,Company_33,Cybersecurity,AU,2023-04-25,partner,Basic,2,True,False,1.6892539356605065,2023H1,1-5,12,1,696.5,0.08333333333333333,0.16666666666666666,0.0,0.4166666666666667,0.9166666666666666,12.0,0.5833333333333334,11,12285,1,64,693,55.60472222222222,27,32,0.078125,60,0.03896103896103896,410.2402755267423,6.0,23.666666666666668,90.16666666666667,0.0,0.3333333333333333,4.0,3.0,0.5,3.5518638573743924,1.0,0.0,0.0,2023-07-12,True,0.5919773095623987,True
A-bad8c1,Company_34,FinTech,AU,2023-03-01,organic,Basic,7,False,False,1.839835728952772,2023H1,6-15,7,0,798.0,0.2857142857142857,0.2857142857142857,0.0,0.14285714285714285,1.0,37.0,0.2857142857142857,7,7797,0,37,385,34.90972222222222,11,29,0.16216216216216217,37,0.02857142857142857,209.2578125,1.0,27.0,49.0,0.0,1.0,4.0,4.0,0.0,0.5435267857142857,1.0,1.0,0.0,2023-10-04,True,0.5435267857142857,False
A-44dc83,Company_35,EdTech,FR,2024-05-12,other,Basic,5,False,False,0.6406570841889117,2024H1,1-5,4,0,0.0,0.75,0.0,0.0,0.75,1.0,20.5,0.5,4,456,0,24,248,22.533055555555556,13,16,0.125,24,0.05241935483870968,387.10256410256414,7.0,40.857142857142854,76.14285714285714,0.0,0.5714285714285714,4.6,4.0,0.2857142857142857,10.926282051282053,1.0,0.0,98.48,2024-11-29,True,1.5608974358974361,False
A-f446b6,Company_36,DevTools,DE,2023-05-12,ads,Pro,5,True,False,1.6427104722792607,2023H1,1-5,9,1,570.0,0.0,0.0,0.0,0.4444444444444444,0.7777777777777778,12.0,0.3333333333333333,8,8805,2,39,376,35.420833333333334,31,27,0.07692307692307693,39,0.08244680851063829,228.89000000000001,8.0,30.75,82.5,1.0,0.75,4.25,3.0,0.5,4.87,0.0,0.0,0.0,,False,0.0,True
A-a45270,Company_37,HealthTech,US,2024-06-24,ads,Enterprise,3,False,False,0.5229295003422314,2024H1,1-5,12,1,617.0,0.16666666666666666,0.16666666666666666,0.08333333333333333,0.5,0.75,13.5,0.5833333333333334,11,19984,3,71,733,61.82833333333333,53,35,0.056338028169014086,68,0.0723055934515689,1401.7185863874345,4.0,64.0,110.0,0.0,0.75,4.0,4.0,0.5,7.649214659685863,1.0,0.0,0.0,2024-11-12,True,1.9123036649214658,True
A-854864,Company_38,FinTech,IN,2024-12-07,event,Enterprise,20,False,False,0.06844626967830253,2024H2,16-30,6,1,2480.0,0.0,0.0,0.0,0.5,0.8333333333333334,20.0,0.3333333333333333,5,14379,1,24,248,20.421388888888888,10,17,0.16666666666666666,24,0.04032258064516129,3623.28,5.0,44.2,100.8,0.0,0.4,4.8,4.0,0.0,73.05,1.0,0.0,8.47,2024-12-24,True,14.610000000000001,True
A-1b7577,Company_39,Cybersecurity,US,2024-10-27,other,Pro,4,False,False,0.1806981519507187,2024H2,1-5,11,2,539.0,0.09090909090909091,0.0,0.09090909090909091,0.45454545454545453,1.0,9.0,0.2727272727272727,9,8505,0,62,647,54.33277777777778,33,33,0.06451612903225806,58,0.05100463678516229,3580.556818181818,5.0,27.2,109.4,0.0,0.6,4.0,3.0,0.2,27.670454545454543,0.0,0.0,0.0,,False,0.0,True
A-05f0e5,Company_40,FinTech,US,2023-05-04,partner,Basic,32,False,False,1.6646132785763177,2023H1,31+,12,0,2548.0,0.0,0.16666666666666666,0.0,0.6666666666666666,0.8333333333333334,32.0,0.3333333333333333,12,51109,2,67,706,57.532222222222224,46,32,0.13432835820895522,62,0.06515580736543909,424.1225328947368,4.0,20.0,108.5,0.0,0.5,4.0,4.0,0.25,2.4029605263157894,2.0,0.0,72.19,2024-01-14,True,1.2014802631578947,False
A-9077b0,Company_41,HealthTech,US,2024-08-25,ads,Basic,2,False,False,0.3531827515400411,2024H2,1-5,7,2,38.0,0.42857142857142855,0.42857142857142855,0.0,0.2857142857142857,1.0,7.0,0.2857142857142857,5,779,0,46,493,40.63916666666667,31,26,0.10869565217391304,45,0.06288032454361055,1395.877906976744,3.0,40.333333333333336,136.33333333333334,0.0,1.0,4.333333333333333,3.0,0.0,8.494186046511627,0.0,0.0,0.0,,False,0.0,True
A-7f8241,Company_42,EdTech,US,2023-03-14,organic,Pro,34,False,True,1.8042436687200547,2023H1,31+,15,0,1666.0,0.06666666666666667,0.13333333333333333,0.0,0.4666666666666667,0.6666666666666666,34.0,0.3333333333333333,15,39516,5,77,734,63.10722222222222,38,34,0.06493506493506493,74,0.051771117166212535,406.8186646433991,1.0,36.0,135.0,0.0,0.0,3.0,3.0,0.0,0.5542488619119879,0.0,0.0,0.0,,False,0.0,False
A-2bc93d,Company_43,HealthTech,US,2023-03-14,event,Basic,14,False,False,1.8042436687200547,2023H1,6-15,13,1,1715.0,0.07692307692307693,0.3076923076923077,0.0,0.5384615384615384,0.8461538461538461,20.0,0.46153846153846156,12,32128,1,67,666,59.92638888888889,31,33,0.07462686567164178,62,0.046546546546546545,369.12974203338393,2.0,12.0,78.0,0.0,0.5,4.5,4.0,0.0,1.1084977238239757,2.0,1.0,99.1,2023-08-10,True,1.1084977238239757,True
A-f3ff05,Company_44,FinTech,IN,2024-07-06,other,Enterprise,2,False,False,0.49007529089664614,2024H2,1-5,13,1,361.0,0.07692307692307693,0.07692307692307693,0.0,0.5384615384615384,0.9230769230769231,4.0,0.23076923076923078,12,19427,1,66,672,58.424166666666665,36,28,0.06060606060606061,64,0.05357142857142857,1371.217877094972,3.0,42.666666666666664,111.33333333333333,0.0,0.3333333333333333,3.5,3.0,0.3333333333333333,6.121508379888268,1.0,0.0,0.0,2024-10-20,True,2.0405027932960893,True
A-2d4502,Company_45,FinTech,IN,2024-04-29,event,Basic,7,False,False,0.676249144421629,2024H1,6-15,10,0,1276.0,0.1,0.2,0.0,0.6,0.7,26.0,0.5,10,29071,3,47,465,35.554722222222225,19,29,0.14893617021276595,46,0.04086021505376344,687.6163967611336,3.0,26.333333333333332,82.0,0.0,0.6666666666666666,5.0,5.0,0.3333333333333333,4.436234817813766,1.0,0.0,0.0,2024-05-07,True,1.478744939271255,False
A-6a4e2d,Company_46,EdTech,UK,2023-04-07,partner,Pro,9,False,False,1.7385352498288844,2023H1,6-15,11,3,494.0,0.09090909090909091,0.18181818181818182,0.09090909090909091,0.6363636363636364,0.8181818181818182,20.0,0.18181818181818182,8,9537,1,59,597,47.99,31,27,0.05084745762711865,59,0.051926298157453935,343.39251968503936,2.0,18.5,141.0,1.0,0.0,4.5,4.0,0.0,1.1503937007874014,1.0,0.0,0.0,2024-07-19,True,0.5751968503937007,True
A-eb7c38,Company_47,DevTools,AU,2024-02-25,organic,Enterprise,5,False,False,0.8514715947980835,2024H1,1-5,15,4,171.0,0.26666666666666666,0.2,0.06666666666666667,0.6666666666666666,0.6666666666666666,15.0,0.3333333333333333,11,17144,4,70,693,56.651666666666664,27,33,0.08571428571428572,66,0.03896103896103896,813.8850482315112,5.0,22.4,67.4,0.0,0.4,4.333333333333333,4.0,0.4,5.872186495176849,1.0,0.0,6.26,2024-03-22,True,1.1744372990353698,True
A-c37601,Company_48,EdTech,US,2024-10-31,partner,Basic,6,True,False,0.1697467488021903,2024H2,6-15,12,2,539.0,0.25,0.0,0.0,0.6666666666666666,0.8333333333333334,12.0,0.3333333333333333,10,17490,1,48,489,36.62083333333333,21,28,0.0625,47,0.04294478527607362,2880.762096774193,4.0,42.25,83.0,0.0,0.5,3.6666666666666665,3.0,0.25,23.564516129032256,1.0,0.0,0.0,2024-12-17,True,5.891129032258064,True
A-3b5cd1,Company_49,FinTech,US,2023-09-12,event,Basic,13,True,False,1.3059548254620124,2023H2,6-15,13,0,1029.0,0.15384615384615385,0.15384615384615385,0.07692307692307693,0.46153846153846156,0.6923076923076923,16.0,0.46153846153846156,13,23676,4,52,523,49.43277777777778,24,27,0.09615384615384616,48,0.045889101338432124,400.47327044025155,5.0,27.4,46.6,0.0,0.4,4.0,4.0,0.6,3.8286163522012577,3.0,0.0,113.17,2024-01-21,True,2.297169811320755,False
A-b2225d,Company_50,FinTech,US,2024-03-08,ads,Basic,47,False,True,0.8186173853524983,2024H1,31+,12,0,893.0,0.4166666666666667,0.08333333333333333,0.08333333333333333,0.5833333333333334,0.75,47.0,0.25,12,19088,3,73,696,65.74805555555555,60,34,0.0684931506849315,72,0.08620689655172414,850.2140468227425,2.0,42.0,38.0,0.0,1.0,3.0,3.0,0.5,2.44314381270903,3.0,1.0,0.0,2024-03-31,True,3.6647157190635453,False
A-94f8c9,Company_51,HealthTech,US,2024-03-29,other,Basic,13,False,False,0.7611225188227242,2024H1,6-15,16,1,2587.0,0.1875,0.125,0.0625,0.5625,0.875,13.0,0.6875,15,31989,2,77,746,56.70111111111111,63,33,0.09090909090909091,73,0.08445040214477212,980.1312949640287,3.0,47.333333333333336,87.66666666666667,0.0,0.6666666666666666,5.0,5.0,0.3333333333333333,3.941546762589928,1.0,0.0,0.0,2024-05-02,True,1.3138489208633093,True
A-02fac6,Company_52,FinTech,US,2023-04-06,event,Pro,22,False,False,1.7412731006160165,2023H1,16-30,11,0,1078.0,0.0,0.09090909090909091,0.0,0.2727272727272727,0.8181818181818182,22.0,0.36363636363636365,11,26410,2,53,514,47.181666666666665,34,32,0.09433962264150944,51,0.06614785992217899,295.186320754717,6.0,23.333333333333332,100.5,0.0,0.3333333333333333,4.0,3.0,0.6666666666666666,3.445754716981132,1.0,0.0,0.0,2024-08-21,True,0.5742924528301887,False
A-c1dfe1,Company_53,DevTools,DE,2023-08-07,ads,Pro,26,False,False,1.404517453798768,2023H2,16-30,8,1,2900.5,0.0,0.125,0.25,0.25,0.625,26.0,0.5,7,25296,2,39,375,35.46861111111111,30,24,0.10256410256410256,39,0.08,266.9956140350877,3.0,50.333333333333336,93.66666666666667,0.0,0.6666666666666666,4.0,4.0,0.6666666666666666,2.1359649122807016,2.0,0.0,0.0,2023-09-21,True,1.4239766081871346,True
A-32728c,Company_54,DevTools,US,2023-01-03,event,Pro,20,False,True,1.995893223819302,2023H1,16-30,8,1,589.0,0.25,0.125,0.0,0.625,1.0,20.0,0.25,7,4118,0,41,418,32.03472222222222,22,26,0.14634146341463414,38,0.05263157894736842,209.43004115226336,2.0,34.5,61.5,0.0,0.0,3.5,3.0,0.0,1.0020576131687242,3.0,1.0,7.58,2023-01-25,True,1.5030864197530864,True
A-4c38bc,Company_55,HealthTech,UK,2024-03-09,event,Basic,36,False,True,0.8158795345653662,2024H1,31+,16,2,1764.0,0.0625,0.125,0.0,0.5,0.875,36.0,0.3125,14,45612,1,81,818,75.37722222222222,27,37,0.12345679012345678,76,0.03300733496332518,1002.5989932885906,3.0,48.333333333333336,43.0,0.0,0.6666666666666666,3.5,3.0,0.3333333333333333,3.6770134228187916,0.0,0.0,0.0,,False,0.0,True
A-1b707d,Company_56,Cybersecurity,US,2023-07-14,organic,Enterprise,1,False,False,1.4702258726899384,2023H2,1-5,8,1,546.5,0.125,0.125,0.0,0.625,0.625,14.5,0.25,7,9180,3,38,399,30.682222222222222,12,27,0.07894736842105263,35,0.03007518796992481,271.3868715083799,3.0,42.666666666666664,75.33333333333333,0.0,0.0,,,1.0,2.0405027932960893,1.0,1.0,0.0,2023-07-21,True,0.6801675977653631,True
A-6f8ad2,Company_57,EdTech,IN,2024-07-09,organic,Basic,1,False,False,0.48186173853524983,2024H2,1-5,17,2,784.0,0.11764705882352941,0.11764705882352941,0.058823529411764705,0.5294117647058824,0.5882352941176471,21.0,0.29411764705882354,15,25046,7,88,924,72.63583333333334,59,38,0.14772727272727273,87,0.06385281385281386,1917.5625,4.0,35.25,37.25,0.0,0.5,4.333333333333333,4.0,0.25,8.301136363636363,0.0,0.0,0.0,,False,0.0,True
A-4d1e75,Company_58,DevTools,US,2024-08-21,other,Basic,20,False,False,0.36413415468856947,2024H2,16-30,13,0,980.0,0.15384615384615385,0.23076923076923078,0.07692307692307693,0.15384615384615385,0.6923076923076923,20.0,0.23076923076923078,13,31390,4,51,477,41.14055555555556,25,28,0.09803921568627451,48,0.05241090146750524,1309.9567669172932,2.0,15.0,98.5,0.0,0.0,4.0,4.0,0.0,5.492481203007519,1.0,0.0,0.0,2024-09-05,True,2.7462406015037595,False
A-9ee962,Company_59,HealthTech,US,2023-02-28,ads,Basic,9,False,True,1.842573579739904,2023H1,6-15,9,2,171.0,0.2222222222222222,0.3333333333333333,0.1111111111111111,0.5555555555555556,0.7777777777777778,9.0,0.1111111111111111,7,9249,2,39,439,33.39611111111111,17,25,0.07692307692307693,38,0.0387243735763098,238.2537147102526,3.0,37.0,69.66666666666667,0.0,0.3333333333333333,4.0,4.0,0.6666666666666666,1.6281575037147102,1.0,0.0,0.0,2024-10-03,True,0.5427191679049035,True
A-378b99,Company_60,EdTech,UK,2024-09-01,ads,Pro,8,True,False,0.33401779603011633,2024H2,6-15,12,1,857.5,0.16666666666666666,0.08333333333333333,0.08333333333333333,0.5833333333333334,1.0,16.0,0.3333333333333333,11,10524,0,58,565,52.09027777777778,38,33,0.08620689655172414,55,0.06725663716814159,1691.5266393442623,6.0,28.5,78.83333333333333,0.0,0.16666666666666666,4.5,3.0,0.3333333333333333,17.963114754098363,1.0,0.0,0.0,2024-10-12,True,2.9938524590163937,True
A-94d3da,Company_61,HealthTech,US,2023-05-03,other,Basic,41,False,False,1.6673511293634498,2023H1,31+,12,1,779.0,0.4166666666666667,0.08333333333333333,0.0,0.4166666666666667,0.6666666666666666,41.0,0.16666666666666666,11,20664,4,48,464,41.68083333333333,25,29,0.10416666666666667,46,0.05387931034482758,278.2857142857143,6.0,26.833333333333332,80.5,0.0,0.6666666666666666,3.5,3.0,0.3333333333333333,3.5985221674876846,1.0,0.0,0.0,2024-04-12,True,0.5997536945812808,True
A-e351e1,Company_62,EdTech,US,2024-09-26,other,Enterprise,33,False,False,0.2655715263518138,2024H2,31+,5,1,627.0,0.2,0.0,0.0,0.2,0.8,33.0,0.0,4,2871,1,29,295,28.45888888888889,22,18,0.10344827586206896,27,0.07457627118644068,1110.8118556701031,4.0,17.0,65.25,0.0,0.25,3.75,3.0,0.0,15.061855670103094,3.0,1.0,113.84,2024-10-24,True,11.296391752577321,True
A-9badbd,Company_63,Cybersecurity,DE,2024-06-19,ads,Enterprise,5,True,False,0.5366187542778919,2024H1,1-5,13,2,995.0,0.15384615384615385,0.0,0.0,0.46153846153846156,0.7692307692307693,23.0,0.46153846153846156,11,20299,3,70,729,61.21722222222222,45,33,0.11428571428571428,69,0.06172839506172839,1358.5063775510205,5.0,30.2,102.6,0.0,0.6,5.0,5.0,0.6,9.317602040816327,0.0,0.0,0.0,,False,0.0,True
A-7e0a10,Company_64,FinTech,US,2023-11-18,ads,Enterprise,46,False,False,1.1225188227241616,2023H2,31+,10,0,1564.0,0.0,0.1,0.0,0.4,0.7,46.0,0.3,10,41116,3,50,511,48.10055555555556,35,34,0.1,49,0.0684931506849315,455.2262195121951,5.0,39.4,62.6,0.0,1.0,4.0,3.0,0.6,4.454268292682927,1.0,0.0,0.0,2024-09-26,True,0.8908536585365853,False
A-118d55,Company_65,Cybersecurity,US,2024-10-22,organic,Basic,8,False,False,0.1943874058863792,2024H2,6-15,12,1,710.5,0.0,0.25,0.3333333333333333,0.3333333333333333,0.75,15.5,0.4166666666666667,11,18148,3,60,599,46.70638888888889,33,29,0.08333333333333333,55,0.05509181969949917,3081.475352112676,5.0,24.2,56.8,0.0,0.2,4.333333333333333,4.0,0.4,25.721830985915492,2.0,0.0,0.0,2024-11-25,True,10.288732394366196,True
A-526d93,Company_66,HealthTech,FR,2024-04-14,organic,Basic,43,False,False,0.7173169062286106,2024H1,31+,9,1,2107.0,0.2222222222222222,0.2222222222222222,0.0,0.5555555555555556,0.5555555555555556,43.0,0.5555555555555556,8,30644,3,56,565,44.225833333333334,45,28,0.08928571428571429,55,0.07964601769911504,787.6574427480916,5.0,51.4,134.6,1.0,0.6,3.5,3.0,0.6,6.970419847328245,3.0,0.0,41.17,2024-07-10,True,4.182251908396947,True
A-f92792,Company_67,FinTech,US,2024-07-04,ads,Pro,1,False,False,0.49555099247091033,2024H2,1-5,14,0,351.5,0.21428571428571427,0.07142857142857142,0.07142857142857142,0.5714285714285714,0.5714285714285714,15.0,0.21428571428571427,14,18807,6,53,528,41.42333333333333,31,32,0.11320754716981132,50,0.058712121212121215,1065.4806629834254,2.0,45.0,82.0,0.0,0.0,4.0,4.0,0.5,4.035911602209945,1.0,1.0,0.0,2024-11-03,True,2.0179558011049723,False
A-84ebe4,Company_68,FinTech,US,2023-03-12,ads,Pro,18,True,True,1.809719370294319,2023H1,16-30,11,2,882.0,0.18181818181818182,0.0,0.0,0.6363636363636364,0.9090909090909091,18.0,0.5454545454545454,9,27652,1,42,396,34.34861111111111,26,27,0.16666666666666666,40,0.06565656565656566,218.8184568835098,4.0,29.5,135.5,0.0,0.25,4.0,4.0,0.5,2.210287443267776,2.0,0.0,0.0,2024-01-05,True,1.105143721633888,True
A-5b4ebb,Company_69,Cybersecurity,UK,2024-07-10,other,Basic,21,True,True,0.4791238877481177,2024H2,16-30,13,1,988.0,0.07692307692307693,0.07692307692307693,0.0,0.46153846153846156,0.8461538461538461,21.0,0.23076923076923078,12,27404,1,70,692,54.52777777777778,25,34,0.08571428571428572,67,0.036127167630057806,1444.3028571428572,5.0,35.4,63.0,0.0,0.0,4.75,4.0,0.2,10.435714285714287,0.0,0.0,0.0,,False,0.0,True
A-2922b6,Company_70,HealthTech,US,2024-11-14,organic,Basic,15,False,False,0.13141683778234087,2024H2,6-15,6,1,852.0,0.0,0.16666666666666666,0.0,0.5,0.8333333333333334,17.5,0.16666666666666666,5,9934,1,37,393,32.56583333333333,13,27,0.05405405405405406,36,0.03307888040712468,2990.484375,2.0,15.5,103.0,0.0,1.0,4.0,4.0,0.5,15.21875,1.0,0.0,0.0,2024-12-25,True,7.609375,True
A-9b9fe9,Company_71,EdTech,AU,2023-09-28,other,Basic,5,False,False,1.2621492128678986,2023H2,1-5,12,1,730.0,0.16666666666666666,0.0,0.08333333333333333,0.5,0.8333333333333334,14.0,0.16666666666666666,11,19480,2,58,597,54.63916666666667,22,30,0.05172413793103448,56,0.03685092127303183,473.00271149674626,4.0,33.5,156.5,0.0,0.5,4.0,3.0,0.25,3.1691973969631237,2.0,0.0,27.92,2023-12-27,True,1.5845986984815619,True
A-a8b49c,Company_72,Cybersecurity,UK,2023-10-06,partner,Basic,7,False,False,1.2402464065708418,2023H2,6-15,12,0,392.0,0.16666666666666666,0.08333333333333333,0.0,0.5833333333333334,0.9166666666666666,14.0,0.25,12,11567,1,54,545,50.94416666666667,43,27,0.018518518518518517,54,0.07889908256880734,439.4288079470199,1.0,72.0,105.0,0.0,0.0,4.0,4.0,0.0,0.8062913907284769,1.0,0.0,0.0,2024-06-17,True,0.8062913907284769,False
A-9174e0,Company_73,Cybersecurity,US,2024-12-04,partner,Basic,37,False,False,0.07665982203969883,2024H2,31+,15,1,1813.0,0.13333333333333333,0.13333333333333333,0.0,0.3333333333333333,0.8,37.0,0.5333333333333333,14,46613,2,69,689,57.260555555555555,61,34,0.08695652173913043,66,0.08853410740203194,8987.75892857143,2.0,39.0,167.0,0.0,0.5,5.0,5.0,0.5,26.089285714285715,0.0,0.0,0.0,,False,0.0,True
A-a1bbb6,Company_74,DevTools,CA,2023-04-05,organic,Basic,1,False,False,1.7440109514031485,2023H1,1-5,8,1,1410.0,0.125,0.0,0.0,0.375,0.625,13.0,0.5,7,14157,2,37,366,32.90694444444444,20,23,0.1891891891891892,36,0.0546448087431694,209.86106750392466,3.0,17.666666666666668,120.66666666666667,0.0,1.0,4.0,4.0,0.6666666666666666,1.7201726844583987,0.0,0.0,0.0,,False,0.0,True
A-c45b23,Company_75,FinTech,UK,2023-12-08,partner,Basic,5,False,False,1.0677618069815196,2023H2,1-5,12,1,190.0,0.25,0.0,0.0,0.5,0.75,7.5,0.16666666666666666,11,3330,3,59,581,50.29333333333334,30,32,0.1694915254237288,57,0.05163511187607573,544.1288461538461,3.0,36.666666666666664,51.666666666666664,0.0,1.0,3.0,3.0,0.6666666666666666,2.8096153846153844,1.0,1.0,0.0,2024-03-24,True,0.9365384615384614,True
A-02cd81,Company_76,HealthTech,IN,2024-03-28,other,Basic,44,False,False,0.7638603696098563,2024H1,31+,14,1,2156.0,0.21428571428571427,0.0,0.0,0.7142857142857143,0.7857142857142857,44.0,0.14285714285714285,13,30800,3,72,684,60.91777777777778,28,31,0.06944444444444445,68,0.04093567251461988,895.4516129032259,3.0,17.333333333333332,84.66666666666667,1.0,0.6666666666666666,4.5,4.0,0.3333333333333333,3.9274193548387095,1.0,0.0,0.0,2024-04-30,True,1.3091397849462365,True
A-ee42db,Company_77,EdTech,DE,2023-04-25,ads,Enterprise,13,False,False,1.6892539356605065,2023H1,6-15,12,0,513.0,0.3333333333333333,0.08333333333333333,0.08333333333333333,0.5833333333333334,0.9166666666666666,13.0,0.08333333333333333,12,11567,1,54,511,41.91,33,31,0.1111111111111111,50,0.06457925636007827,302.5004051863857,4.0,33.75,98.25,0.0,0.5,3.0,3.0,0.75,2.3679092382495948,4.0,0.0,23.52,2023-06-23,True,2.3679092382495948,False
A-432483,Company_78,Cybersecurity,US,2023-02-06,ads,Pro,4,False,False,1.9028062970568105,2023H1,1-5,9,3,931.0,0.1111111111111111,0.1111111111111111,0.0,0.5555555555555556,0.7777777777777778,13.0,0.3333333333333333,6,22941,2,45,451,42.07222222222222,28,25,0.08888888888888889,43,0.06208425720620843,237.018345323741,1.0,51.0,128.0,0.0,1.0,,,1.0,0.5255395683453237,0.0,0.0,0.0,,False,0.0,True
A-9208f0,Company_79,EdTech,US,2023-05-11,organic,Pro,1,False,True,1.6454483230663928,2023H1,1-5,8,1,76.0,0.375,0.125,0.0,0.5,0.875,15.5,0.25,7,3413,1,53,538,44.08361111111111,31,29,0.11320754716981132,50,0.05762081784386617,326.96256239600666,8.0,41.25,59.75,1.0,0.125,3.3333333333333335,3.0,0.625,4.86189683860233,4.0,2.0,66.37,2023-11-18,True,2.430948419301165,True
A-98a59a,Company_80,FinTech,UK,2023-08-04,partner,Enterprise,56,False,False,1.4127310061601643,2023H2,31+,10,0,2744.0,0.1,0.2,0.1,0.4,0.6,56.0,0.2,10,36456,4,44,455,34.56361111111111,21,27,0.18181818181818182,43,0.046153846153846156,322.0712209302325,3.0,37.333333333333336,74.0,0.0,0.6666666666666666,4.5,4.0,0.3333333333333333,2.123546511627907,1.0,0.0,0.0,2024-09-11,True,0.7078488372093023,False
A-fe79a5,Company_81,HealthTech,IN,2024-02-21,ads,Basic,9,True,False,0.8624229979466119,2024H1,6-15,10,2,1791.0,0.4,0.2,0.0,0.6,0.9,9.0,0.7,8,11741,0,33,335,26.85333333333333,17,22,0.06060606060606061,33,0.050746268656716415,388.4404761904762,4.0,28.5,61.0,0.0,0.5,5.0,5.0,0.5,4.638095238095238,0.0,0.0,0.0,,False,0.0,True
A-726cfa,Company_82,DevTools,US,2023-07-01,partner,Pro,11,False,False,1.5058179329226558,2023H2,6-15,19,2,627.0,0.10526315789473684,0.10526315789473684,0.0,0.47368421052631576,0.8421052631578947,19.0,0.3684210526315789,17,34243,3,98,993,78.32944444444445,45,40,0.15306122448979592,88,0.045317220543806644,659.4422727272727,3.0,35.666666666666664,128.33333333333334,0.0,0.6666666666666666,4.0,4.0,0.3333333333333333,1.9922727272727272,1.0,0.0,122.11,2024-08-08,True,0.6640909090909091,True
A-c43359,Company_83,FinTech,US,2024-11-16,organic,Pro,38,False,False,0.12594113620807665,2024H2,31+,8,2,722.0,0.25,0.25,0.125,0.625,1.0,38.0,0.125,6,10868,0,47,461,40.8475,32,28,0.10638297872340426,47,0.06941431670281996,3660.4402173913045,3.0,26.666666666666668,107.33333333333333,0.0,1.0,4.0,4.0,0.6666666666666666,23.820652173913047,2.0,0.0,8.92,2024-12-12,True,15.880434782608697,True
A-271f46,Company_84,DevTools,US,2023-02-09,event,Pro,38,False,True,1.894592744695414,2023H1,31+,8,0,722.0,0.25,0.0,0.0,0.375,1.0,38.0,0.375,8,19604,0,38,373,31.823055555555555,16,25,0.02631578947368421,37,0.04289544235924933,196.87608381502892,1.0,36.0,79.0,0.0,0.0,,,1.0,0.5278179190751445,2.0,1.0,0.0,2023-03-04,True,1.055635838150289,False
A-157070,Company_85,FinTech,US,2023-11-09,ads,Pro,16,False,False,1.1471594798083504,2023H2,16-30,16,4,833.0,0.125,0.125,0.0625,0.5,0.875,20.5,0.3125,12,22395,2,71,696,51.92444444444445,26,37,0.09859154929577464,70,0.03735632183908046,606.7159904534607,3.0,42.333333333333336,118.0,1.0,0.3333333333333333,3.0,3.0,0.6666666666666666,2.6151551312649164,2.0,0.0,0.0,2024-01-06,True,1.743436754176611,True
A-40a557,Company_86,Cybersecurity,AU,2023-12-03,partner,Pro,16,True,False,1.08145106091718,2023H2,16-30,9,1,784.0,0.1111111111111111,0.1111111111111111,0.0,0.4444444444444444,1.0,16.0,0.4444444444444444,8,20140,0,39,402,31.726944444444445,17,25,0.07692307692307693,39,0.04228855721393035,371.7227848101266,7.0,30.571428571428573,94.71428571428571,0.0,0.5714285714285714,3.6666666666666665,3.0,0.5714285714285714,6.472784810126583,1.0,0.0,0.0,2023-12-08,True,0.9246835443037975,True
A-66224b,Company_87,HealthTech,US,2024-10-18,other,Pro,92,True,False,0.2053388090349076,2024H2,31+,12,1,1748.0,0.3333333333333333,0.0,0.0,0.5,0.75,92.0,0.3333333333333333,11,50876,2,61,626,51.4525,29,34,0.16393442622950818,59,0.0463258785942492,3048.6200000000003,6.0,39.833333333333336,82.5,0.0,0.5,3.5,3.0,0.0,29.220000000000002,0.0,0.0,0.0,,False,0.0,True
A-91e948,Company_88,EdTech,AU,2023-01-29,partner,Basic,41,False,False,1.9247091033538672,2023H1,31+,7,0,2009.0,0.14285714285714285,0.2857142857142857,0.0,0.14285714285714285,1.0,41.0,0.2857142857142857,7,21894,0,40,404,32.016666666666666,16,23,0.0,40,0.039603960396039604,209.9018492176387,0.0,,,0.0,,,,,0.0,0.0,0.0,0.0,,False,0.0,False
A-104f1a,Company_89,Cybersecurity,US,2024-08-17,other,Pro,24,False,False,0.3750855578370979,2024H2,16-30,8,1,1176.0,0.125,0.0,0.0,0.125,0.875,29.0,0.0,7,6590,0,44,438,43.596944444444446,22,28,0.045454545454545456,43,0.0502283105022831,1167.7335766423357,5.0,33.2,50.4,1.0,0.2,3.75,3.0,0.2,13.330291970802918,3.0,0.0,0.0,2024-09-06,True,7.998175182481751,True
A-7988d1,Company_90,Cybersecurity,US,2023-12-20,other,Basic,33,False,False,1.0349075975359343,2023H2,31+,9,1,627.0,0.3333333333333333,0.0,0.0,0.4444444444444444,0.7777777777777778,33.0,0.2222222222222222,8,10065,1,46,449,38.40694444444444,28,31,0.15217391304347827,45,0.062360801781737196,433.85515873015873,3.0,35.333333333333336,65.33333333333333,0.0,0.6666666666666666,4.333333333333333,3.0,0.0,2.8988095238095237,3.0,0.0,16.89,2024-01-06,True,2.8988095238095237,True
A-faa28c,Company_91,HealthTech,US,2024-01-30,organic,Enterprise,48,False,False,0.9226557152635181,2024H1,31+,14,2,2352.0,0.21428571428571427,0.21428571428571427,0.0,0.5,0.7857142857142857,48.0,0.5,12,39300,2,59,585,45.00194444444445,24,25,0.0847457627118644,57,0.041025641025641026,634.0393175074184,4.0,52.25,115.5,1.0,0.5,4.666666666666667,4.0,0.25,4.335311572700297,2.0,0.0,0.0,2024-05-24,True,2.1676557863501484,True
A-f25509,Company_92,EdTech,US,2024-03-22,other,Enterprise,32,False,False,0.7802874743326489,2024H1,31+,5,0,2303.0,0.2,0.0,0.2,0.6,0.8,32.0,0.6,5,16122,1,23,229,20.44527777777778,15,17,0.13043478260869565,21,0.06550218340611354,293.4815789473684,6.0,42.666666666666664,116.0,0.0,0.6666666666666666,4.666666666666667,4.0,0.5,7.689473684210526,3.0,1.0,0.0,2024-05-17,True,3.844736842105263,False
A-3a7284,Company_93,FinTech,US,2024-11-17,organic,Enterprise,31,False,False,0.12320328542094455,2024H2,31+,12,3,1519.0,0.08333333333333333,0.08333333333333333,0.16666666666666666,0.4166666666666667,0.9166666666666666,31.0,0.3333333333333333,9,32515,1,60,609,53.211666666666666,30,33,0.15,59,0.04926108374384237,4943.05,3.0,56.333333333333336,104.33333333333333,0.0,1.0,3.5,3.0,0.3333333333333333,24.35,1.0,0.0,0.0,2024-12-26,True,8.116666666666667,True
A-3a5ad8,Company_94,HealthTech,US,2023-12-05,organic,Enterprise,9,True,False,1.0759753593429158,2023H2,6-15,13,0,441.0,0.3076923076923077,0.07692307692307693,0.07692307692307693,0.38461538461538464,0.8461538461538461,9.0,0.5384615384615384,13,28701,2,52,506,35.52166666666667,23,27,0.1346153846153846,51,0.045454545454545456,470.27099236641226,4.0,44.75,53.5,0.0,1.0,4.5,4.0,0.5,3.717557251908397,0.0,0.0,0.0,,False,0.0,False
A-65a46c,Company_95,HealthTech,US,2023-11-04,event,Pro,1,False,False,1.160848733744011,2023H2,1-5,8,1,1285.0,0.125,0.25,0.0,0.25,0.875,26.5,0.375,7,22675,1,38,370,32.00527777777778,21,24,0.18421052631578946,36,0.05675675675675676,318.7323113207547,8.0,45.125,91.125,0.0,0.75,4.0,3.0,0.375,6.891509433962264,0.0,0.0,0.0,,False,0.0,True
A-8b25f2,Company_96,Cybersecurity,US,2024-02-17,ads,Pro,6,False,True,0.8733744010951403,2024H1,6-15,13,2,294.0,0.15384615384615385,0.07692307692307693,0.15384615384615385,0.5384615384615384,1.0,11.0,0.38461538461538464,11,12965,0,54,565,44.27611111111111,20,29,0.1111111111111111,52,0.035398230088495575,646.916144200627,2.0,35.5,50.5,0.0,0.0,4.0,3.0,0.0,2.2899686520376177,0.0,0.0,0.0,,False,0.0,True
A-fabe19,Company_97,DevTools,UK,2024-11-11,ads,Enterprise,1,False,False,0.13963039014373715,2024H2,1-5,7,2,2388.0,0.2857142857142857,0.2857142857142857,0.0,0.5714285714285714,0.42857142857142855,23.0,1.0,5,9552,3,33,337,31.379444444444445,16,20,0.030303030303030304,32,0.04747774480712166,2413.514705882353,3.0,40.666666666666664,38.333333333333336,0.0,1.0,4.0,4.0,0.6666666666666666,21.48529411764706,0.0,0.0,0.0,,False,0.0,True
A-adc1f3,Company_98,Cybersecurity,US,2024-08-05,organic,Pro,2,False,False,0.4079397672826831,2024H2,1-5,9,1,1194.0,0.1111111111111111,0.0,0.0,0.6666666666666666,0.7777777777777778,9.0,0.6666666666666666,8,16658,2,36,334,33.37027777777778,26,24,0.1388888888888889,36,0.07784431137724551,818.7483221476509,3.0,47.333333333333336,65.0,0.0,0.6666666666666666,3.5,3.0,0.3333333333333333,7.354026845637583,0.0,0.0,0.0,,False,0.0,True
A-503d5a,Company_99,FinTech,US,2023-10-21,other,Enterprise,4,False,True,1.1991786447638604,2023H2,1-5,12,0,545.0,0.25,0.0,0.08333333333333333,0.3333333333333333,0.8333333333333334,11.0,0.4166666666666667,12,17884,2,59,605,58.768055555555556,32,34,0.1016949152542373,57,0.05289256198347107,504.51198630136986,9.0,36.55555555555556,81.77777777777777,0.0,0.4444444444444444,4.0,3.0,0.6666666666666666,7.50513698630137,0.0,0.0,0.0,,False,0.0,False
A-fd7ad3,Company_100,Cybersecurity,US,2024-11-01,event,Enterprise,1,False,False,0.16700889801505817,2024H2,1-5,10,2,53.0,0.3,0.2,0.0,0.5,0.9,11.5,0.2,8,904,1,56,567,47.76583333333333,42,31,0.16071428571428573,52,0.07407407407407407,3395.0286885245905,8.0,48.75,98.125,1.0,0.5,4.166666666666667,3.0,0.25,47.9016393442623,4.0,1.0,70.03,2024-11-12,True,23.95081967213115,True
A-186a44,Company_101,HealthTech,US,2023-08-07,ads,Enterprise,20,False,False,1.404517453798768,2023H2,16-30,14,1,380.0,0.35714285714285715,0.07142857142857142,0.07142857142857142,0.35714285714285715,0.7142857142857143,20.0,0.2857142857142857,13,20609,3,61,614,57.094166666666666,25,30,0.11475409836065574,57,0.04071661237785016,437.1608187134503,7.0,38.285714285714285,110.42857142857143,0.0,0.7142857142857143,3.5,3.0,0.42857142857142855,4.983918128654971,0.0,0.0,0.0,,False,0.0,True
A-e888d1,Company_102,Cybersecurity,US,2023-03-28,other,Pro,14,False,False,1.7659137577002053,2023H1,6-15,11,2,686.0,0.2727272727272727,0.09090909090909091,0.0,0.36363636363636365,0.7272727272727273,16.0,0.2727272727272727,9,10462,3,52,552,43.91305555555556,36,31,0.09615384615384616,52,0.06521739130434782,312.5860465116279,5.0,43.0,104.0,1.0,0.6,4.0,3.0,0.4,2.8313953488372094,3.0,0.0,6.38,2023-06-06,True,1.6988372093023256,True
A-69fad4,Company_103,FinTech,UK,2023-04-06,ads,Basic,6,False,True,1.7412731006160165,2023H1,6-15,7,2,665.0,0.14285714285714285,0.0,0.0,0.42857142857142855,0.8571428571428571,13.0,0.42857142857142855,5,3678,1,39,412,34.62388888888889,24,24,0.10256410256410256,37,0.05825242718446602,236.60849056603772,4.0,43.0,116.75,0.0,0.25,3.6666666666666665,3.0,0.25,2.297169811320755,1.0,0.0,0.0,2024-06-17,True,0.5742924528301887,True
A-9289f6,Company_104,EdTech,US,2023-05-31,event,Enterprise,1,False,False,1.5906913073237507,2023H1,1-5,12,1,332.5,0.16666666666666666,0.16666666666666666,0.0,0.5833333333333334,0.8333333333333334,19.5,0.3333333333333333,11,12868,2,68,642,55.65972222222222,38,33,0.10294117647058823,63,0.059190031152647975,403.5981067125646,6.0,37.5,70.0,0.0,0.5,4.333333333333333,3.0,0.5,3.7719449225473323,1.0,0.0,17.93,2023-08-24,True,0.628657487091222,True
A-f19409,Company_105,DevTools,US,2023-03-16,other,Basic,23,False,True,1.7987679671457906,2023H1,16-30,12,1,1911.0,0.08333333333333333,0.16666666666666666,0.0,0.6666666666666666,0.8333333333333334,23.0,0.4166666666666667,11,29559,2,62,659,58.28111111111111,31,33,0.1935483870967742,59,0.04704097116843703,366.36187214611874,3.0,6.333333333333333,103.33333333333333,0.0,0.3333333333333333,4.0,4.0,0.6666666666666666,1.667808219178082,2.0,0.0,0.0,2023-03-26,True,1.1118721461187215,True
A-22f2df,Company_106,DevTools,US,2024-12-14,ads,Basic,3,False,False,0.049281314168377825,2024H2,1-5,9,0,392.0,0.1111111111111111,0.1111111111111111,0.1111111111111111,0.6666666666666666,0.7777777777777778,8.0,0.1111111111111111,9,7451,2,42,429,33.090833333333336,17,25,0.11904761904761904,40,0.039627039627039624,8705.125,5.0,44.8,71.6,0.0,1.0,5.0,5.0,0.8,101.45833333333333,0.0,0.0,0.0,,False,0.0,False
A-039727,Company_107,EdTech,AU,2024-11-02,organic,Pro,25,False,False,0.16427104722792607,2024H2,16-30,15,1,1225.0,0.13333333333333333,0.2,0.13333333333333333,0.6666666666666666,0.8,25.0,0.5333333333333333,14,31445,3,74,768,69.31805555555556,32,33,0.04054054054054054,69,0.041666666666666664,4675.2,0.0,,,0.0,,,,,0.0,1.0,0.0,46.49,2024-12-22,True,6.0875,True
A-2e3bad,Company_108,FinTech,CA,2023-08-13,other,Pro,61,False,False,1.3880903490759753,2023H2,31+,10,2,2074.0,0.2,0.0,0.0,0.6,0.8,61.0,0.4,8,41724,2,45,435,34.37166666666667,26,25,0.13333333333333333,43,0.059770114942528735,313.38017751479293,5.0,31.4,107.0,0.0,0.4,3.5,3.0,0.6,3.60207100591716,1.0,0.0,0.0,2024-03-30,True,0.720414201183432,True
A-484819,Company_109,HealthTech,US,2023-02-21,organic,Pro,18,False,False,1.8617385352498288,2023H1,16-30,8,2,3582.0,0.0,0.375,0.0,0.75,0.875,18.0,0.625,6,15088,0,33,336,32.24333333333333,20,22,0.09090909090909091,33,0.05952380952380952,180.47647058823532,5.0,33.2,139.6,0.0,0.6,4.5,4.0,0.6,2.6856617647058827,2.0,0.0,0.0,2023-06-29,True,1.074264705882353,True
A-425e76,Company_110,DevTools,UK,2023-05-17,other,Enterprise,8,False,True,1.6290212183436004,2023H1,6-15,11,1,703.0,0.0,0.09090909090909091,0.0,0.2727272727272727,0.9090909090909091,27.0,0.2727272727272727,10,10743,1,48,438,37.89416666666666,24,29,0.10416666666666667,47,0.0547945205479452,268.87310924369746,5.0,48.2,119.2,1.0,0.6,3.3333333333333335,3.0,0.4,3.0693277310924367,4.0,1.0,0.0,2023-08-10,True,2.4554621848739493,True
A-e83938,Company_111,DevTools,UK,2023-11-21,other,Pro,2,True,True,1.1143052703627652,2023H2,1-5,8,0,635.5,0.125,0.25,0.0,0.5,0.75,10.0,0.375,8,7503,2,31,266,24.235833333333332,18,22,0.06451612903225806,31,0.06766917293233082,238.71375921375923,4.0,31.0,72.5,0.0,0.0,3.0,3.0,0.75,3.5896805896805897,3.0,0.0,13.5,2024-02-19,True,2.6922604422604426,False
A-ad296b,Company_112,DevTools,AU,2024-07-15,event,Pro,38,False,False,0.4654346338124572,2024H2,31+,6,1,1292.0,0.16666666666666666,0.0,0.0,0.8333333333333334,1.0,38.0,0.3333333333333333,5,17708,0,31,294,28.834722222222222,12,24,0.06451612903225806,30,0.04081632653061224,631.6676470588236,3.0,28.333333333333332,83.33333333333333,1.0,0.6666666666666666,3.6666666666666665,3.0,0.0,6.445588235294118,0.0,0.0,0.0,,False,0.0,True
A-e51ec7,Company_113,FinTech,CA,2023-09-23,partner,Enterprise,2,False,False,1.2758384668035592,2023H2,1-5,8,1,297.0,0.375,0.25,0.125,0.625,0.75,4.5,0.625,7,24076,2,40,417,35.206944444444446,18,26,0.1,39,0.04316546762589928,326.8438841201717,3.0,37.0,93.33333333333333,0.0,0.3333333333333333,5.0,5.0,0.6666666666666666,2.351394849785408,3.0,0.0,0.0,2024-01-15,True,2.351394849785408,True
A-0aaf6e,Company_114,FinTech,US,2024-05-11,organic,Enterprise,3,False,False,0.6433949349760438,2024H1,1-5,9,1,456.0,0.2222222222222222,0.0,0.0,0.4444444444444444,0.6666666666666666,18.0,0.2222222222222222,8,23496,2,57,599,47.900555555555556,39,25,0.10526315789473684,55,0.0651085141903172,930.9989361702127,5.0,45.0,75.4,0.0,0.2,4.0,3.0,0.6,7.7712765957446805,0.0,0.0,0.0,,False,0.0,True
A-e61e98,Company_115,FinTech,US,2023-10-20,partner,Enterprise,19,False,True,1.2019164955509924,2023H2,16-30,9,0,931.0,0.1111111111111111,0.2222222222222222,0.0,0.4444444444444444,0.7777777777777778,19.0,0.1111111111111111,9,13484,2,56,527,36.665,25,32,0.125,53,0.04743833017077799,438.4664009111617,6.0,30.333333333333332,88.5,1.0,0.3333333333333333,4.6,3.0,0.16666666666666666,4.992027334851937,1.0,0.0,0.0,2024-10-19,True,0.8320045558086561,False
A-92a333,Company_116,FinTech,US,2023-03-24,event,Enterprise,9,False,False,1.7768651608487338,2023H1,6-15,6,0,979.5,0.0,0.0,0.16666666666666666,0.5,1.0,11.5,0.3333333333333333,6,10659,0,36,364,28.790277777777778,30,22,0.05555555555555555,36,0.08241758241758242,204.85516178736518,4.0,23.25,58.25,1.0,0.25,,,1.0,2.25115562403698,0.0,0.0,0.0,,False,0.0,False
A-95b24a,Company_117,FinTech,US,2023-06-06,event,Pro,38,False,True,1.5742642026009583,2023H1,31+,11,0,722.0,0.18181818181818182,0.36363636363636365,0.09090909090909091,0.5454545454545454,0.6363636363636364,38.0,0.2727272727272727,11,25034,4,62,611,52.46,34,32,0.12903225806451613,59,0.05564648117839607,388.1178260869565,5.0,21.2,90.4,0.0,0.8,4.25,3.0,0.2,3.176086956521739,0.0,0.0,0.0,,False,0.0,False
A-42e5e1,Company_118,DevTools,US,2024-07-09,ads,Pro,1,False,True,0.48186173853524983,2024H2,1-5,7,1,49.0,0.2857142857142857,0.14285714285714285,0.14285714285714285,0.5714285714285714,0.8571428571428571,20.0,0.42857142857142855,6,4936,1,41,411,32.41777777777778,41,24,0.04878048780487805,39,0.09975669099756691,852.9417613636364,3.0,29.0,81.33333333333333,0.0,0.6666666666666666,4.0,4.0,0.0,6.2258522727272725,1.0,1.0,0.0,2024-10-04,True,2.075284090909091,True
A-7d514c,Company_119,HealthTech,DE,2024-02-03,organic,Enterprise,17,False,False,0.9117043121149897,2024H1,16-30,9,1,1029.0,0.2222222222222222,0.2222222222222222,0.0,0.1111111111111111,0.8888888888888888,17.0,0.5555555555555556,8,15717,1,48,502,40.75194444444445,30,30,0.14583333333333334,47,0.05976095617529881,550.6171171171171,3.0,33.333333333333336,49.666666666666664,0.0,0.6666666666666666,5.0,5.0,0.6666666666666666,3.290540540540541,0.0,0.0,0.0,,False,0.0,True
A-65aeb5,Company_120,DevTools,US,2024-01-25,partner,Pro,9,False,False,0.9363449691991786,2024H1,6-15,12,3,1161.5,0.08333333333333333,0.0,0.08333333333333333,0.5,0.75,9.0,0.5833333333333334,9,19893,3,55,533,41.120555555555555,40,30,0.05454545454545454,53,0.075046904315197,569.234649122807,2.0,42.5,159.5,0.0,0.5,5.0,5.0,0.5,2.1359649122807016,2.0,1.0,0.0,2024-02-27,True,2.1359649122807016,True
A-e2cd1b,Company_121,DevTools,US,2024-02-04,other,Enterprise,15,False,False,0.9089664613278576,2024H1,6-15,9,0,836.0,0.2222222222222222,0.1111111111111111,0.0,0.5555555555555556,1.0,16.0,0.3333333333333333,9,12548,0,49,465,38.34527777777778,18,29,0.14285714285714285,48,0.03870967741935484,511.57003012048193,5.0,37.8,76.0,0.0,0.6,4.0,3.0,0.2,5.500753012048193,0.0,0.0,0.0,,False,0.0,False
A-180abf,Company_122,DevTools,US,2023-08-14,event,Pro,64,False,True,1.3853524982888432,2023H2,31+,9,2,3136.0,0.2222222222222222,0.2222222222222222,0.0,0.4444444444444444,0.7777777777777778,64.0,0.2222222222222222,7,24576,1,48,499,37.84722222222222,28,29,0.10416666666666667,47,0.056112224448897796,360.1971343873518,3.0,36.333333333333336,62.333333333333336,0.0,0.0,3.0,3.0,0.6666666666666666,2.1655138339920947,5.0,0.0,0.0,2023-12-04,True,3.609189723320158,True
A-f17767,Company_123,DevTools,US,2023-01-30,event,Enterprise,1,True,True,1.9219712525667352,2023H1,1-5,14,2,637.0,0.0,0.21428571428571427,0.07142857142857142,0.35714285714285715,0.9285714285714286,11.5,0.21428571428571427,12,14914,1,69,713,58.049166666666665,38,35,0.057971014492753624,67,0.05329593267882188,370.9732905982906,3.0,36.333333333333336,115.0,1.0,0.6666666666666666,4.0,3.0,0.3333333333333333,1.560897435897436,1.0,0.0,0.0,2023-05-03,True,0.5202991452991452,True
A-5a184f,Company_124,DevTools,DE,2023-06-19,other,Enterprise,1,False,True,1.538672142368241,2023H1,1-5,10,1,1045.0,0.1,0.0,0.1,0.6,1.0,20.5,0.3,9,19999,0,57,587,48.785833333333336,29,30,0.03508771929824561,55,0.049403747870528106,381.49777580071174,3.0,15.333333333333334,42.333333333333336,0.0,0.3333333333333333,4.333333333333333,4.0,0.0,1.9497330960854091,3.0,0.0,0.0,2023-07-23,True,1.9497330960854091,True
A-7df7a7,Company_125,DevTools,US,2023-01-28,organic,Basic,7,False,True,1.9274469541409993,2023H1,6-15,15,1,1393.0,0.13333333333333333,0.0,0.13333333333333333,0.4,0.8,10.0,0.5333333333333333,14,26568,3,91,922,71.33638888888889,47,36,0.10989010989010989,86,0.0509761388286334,478.35298295454544,3.0,28.0,93.0,1.0,1.0,4.0,3.0,0.0,1.5564630681818181,1.0,0.0,0.0,2024-07-10,True,0.5188210227272727,True
A-1ac5e0,Company_126,DevTools,US,2024-10-20,event,Basic,33,False,True,0.1998631074606434,2024H2,31+,10,0,627.0,0.3,0.0,0.0,0.3,0.5,33.0,0.4,10,18249,5,56,558,46.64,31,31,0.125,52,0.05555555555555555,2791.9109589041095,7.0,40.42857142857143,76.0,0.0,0.5714285714285714,3.8,3.0,0.2857142857142857,35.023972602739725,0.0,0.0,0.0,,False,0.0,False
A-52dd88,Company_127,Cybersecurity,US,2023-02-21,ads,Pro,23,False,False,1.8617385352498288,2023H1,16-30,11,0,1127.0,0.09090909090909091,0.09090909090909091,0.0,0.6363636363636364,0.6363636363636364,23.0,0.18181818181818182,11,16592,4,50,516,50.228611111111114,33,28,0.08,49,0.06395348837209303,277.1602941176471,1.0,72.0,111.0,0.0,0.0,,,1.0,0.5371323529411764,0.0,0.0,0.0,,False,0.0,False
A-bece89,Company_128,Cybersecurity,IN,2023-12-01,event,Pro,26,False,False,1.0869267624914443,2023H2,16-30,6,0,3518.0,0.0,0.16666666666666666,0.0,0.6666666666666666,0.6666666666666666,26.0,0.5,6,19250,2,19,176,13.364444444444445,13,16,0.10526315789473684,18,0.07386363636363637,161.92443324937028,4.0,32.5,103.75,1.0,0.5,4.0,3.0,0.25,3.6801007556675063,2.0,0.0,109.75999999999999,2023-12-16,True,1.8400503778337531,False
A-029f69,Company_129,Cybersecurity,CA,2024-03-07,event,Basic,3,False,False,0.8213552361396304,2024H1,1-5,16,3,543.5,0.125,0.125,0.0,0.6875,0.625,13.0,0.3125,13,13324,4,84,789,67.02083333333333,42,37,0.10714285714285714,80,0.053231939163498096,960.6075000000001,2.0,42.0,108.0,0.0,0.5,3.0,3.0,0.5,2.435,3.0,0.0,32.73,2024-06-17,True,3.6525000000000003,True
A-5c046d,Company_130,EdTech,FR,2024-07-06,partner,Basic,93,False,False,0.49007529089664614,2024H2,31+,8,0,11532.0,0.0,0.0,0.0,0.625,0.75,93.0,0.5,8,83886,2,46,475,35.535,23,27,0.10869565217391304,44,0.04842105263157895,969.2388268156425,1.0,13.0,128.0,0.0,0.0,3.0,3.0,0.0,2.0405027932960893,0.0,0.0,0.0,,False,0.0,False
A-fb186e,Company_131,EdTech,IN,2024-10-27,organic,Basic,29,False,False,0.1806981519507187,2024H2,16-30,3,0,0.0,0.6666666666666666,0.0,0.0,0.6666666666666666,0.6666666666666666,29.0,0.6666666666666666,3,5771,1,20,207,20.04722222222222,7,15,0.15,19,0.033816425120772944,1145.556818181818,6.0,26.166666666666668,81.0,0.0,0.3333333333333333,3.6666666666666665,3.0,0.5,33.20454545454545,0.0,0.0,0.0,,False,0.0,False
A-ae052e,Company_132,FinTech,CA,2023-09-11,other,Basic,39,False,False,1.3086926762491444,2023H2,31+,6,3,1911.0,0.3333333333333333,0.16666666666666666,0.16666666666666666,0.3333333333333333,1.0,39.0,0.0,3,3822,0,29,300,24.550833333333333,12,24,0.20689655172413793,28,0.04,229.23640167364016,4.0,31.25,60.5,0.0,0.5,4.0,3.0,0.5,3.0564853556485354,4.0,0.0,0.0,2023-10-07,True,3.0564853556485354,True
A-9f9299,Company_133,FinTech,US,2023-09-02,organic,Enterprise,28,True,False,1.3333333333333333,2023H2,16-30,15,3,1372.0,0.0,0.0,0.0,0.4666666666666667,0.6,28.0,0.4,12,34087,6,85,830,71.79583333333333,54,37,0.11764705882352941,81,0.06506024096385542,622.5,5.0,36.2,116.2,0.0,0.4,5.0,5.0,0.8,3.75,2.0,0.0,0.0,2024-03-24,True,1.5,True
A-96e141,Company_134,DevTools,UK,2023-08-12,partner,Basic,14,False,False,1.3908281998631074,2023H2,6-15,7,1,1568.0,0.14285714285714285,0.0,0.0,0.2857142857142857,1.0,24.0,0.5714285714285714,6,15183,0,36,346,22.663055555555555,19,26,0.05555555555555555,36,0.05491329479768786,248.7726377952756,5.0,32.8,68.4,0.0,0.6,4.333333333333333,4.0,0.4,3.59498031496063,2.0,0.0,43.53,2024-07-22,True,1.437992125984252,True
A-117171,Company_135,HealthTech,FR,2024-09-12,organic,Basic,45,False,True,0.30390143737166325,2024H2,31+,5,1,855.0,0.4,0.0,0.2,0.4,1.0,45.0,0.4,4,9810,0,21,208,16.628888888888888,11,15,0.047619047619047616,21,0.052884615384615384,684.4324324324324,6.0,32.5,68.33333333333333,1.0,0.3333333333333333,3.6666666666666665,3.0,0.5,19.743243243243242,3.0,0.0,102.86,2024-10-13,True,9.871621621621621,True
A-313be3,Company_136,EdTech,US,2023-11-15,partner,Enterprise,47,True,False,1.1307323750855578,2023H2,31+,11,0,0.0,0.5454545454545454,0.09090909090909091,0.0,0.6363636363636364,0.7272727272727273,47.0,0.45454545454545453,11,19006,3,57,560,45.706944444444446,40,33,0.05263157894736842,56,0.07142857142857142,495.2542372881356,4.0,22.5,80.25,1.0,0.75,5.0,5.0,0.75,3.537530266343826,2.0,0.0,43.03,2023-12-09,True,1.768765133171913,False
A-671f31,Company_137,DevTools,US,2024-11-24,ads,Basic,59,False,False,0.10403832991101986,2024H2,31+,6,0,2891.0,0.16666666666666666,0.0,0.16666666666666666,0.8333333333333334,0.8333333333333334,59.0,0.5,6,30385,1,17,167,12.069166666666666,16,13,0.0,17,0.09580838323353294,1605.1776315789473,7.0,33.0,78.0,0.0,0.7142857142857143,4.2,3.0,0.2857142857142857,67.2828947368421,0.0,0.0,0.0,,False,0.0,False
A-bbc346,Company_138,FinTech,US,2024-08-29,partner,Enterprise,19,False,False,0.34223134839151265,2024H2,16-30,13,2,980.0,0.23076923076923078,0.23076923076923078,0.15384615384615385,0.6923076923076923,0.8461538461538461,19.0,0.5384615384615384,11,32142,2,62,650,49.82666666666667,37,34,0.0967741935483871,60,0.05692307692307692,1899.3000000000002,3.0,45.333333333333336,102.66666666666667,0.0,0.3333333333333333,4.5,4.0,0.3333333333333333,8.766,2.0,0.0,15.46,2024-10-31,True,5.844,True
A-c16101,Company_139,EdTech,IN,2024-09-06,other,Basic,7,False,False,0.3203285420944558,2024H2,6-15,10,0,675.0,0.0,0.1,0.1,0.4,0.9,12.5,0.4,10,12422,1,55,561,51.66222222222222,29,31,0.16363636363636364,53,0.05169340463458111,1751.3269230769233,4.0,28.0,82.0,1.0,1.0,5.0,5.0,0.75,12.487179487179489,2.0,1.0,0.0,2024-11-13,True,6.2435897435897445,False
A-50f3f7,Company_140,HealthTech,US,2023-12-22,partner,Basic,31,False,True,1.0294318959616702,2023H2,31+,15,0,1519.0,0.13333333333333333,0.0,0.13333333333333333,0.6,0.8666666666666667,31.0,0.3333333333333333,15,44077,2,72,685,57.47027777777778,45,30,0.09722222222222222,69,0.06569343065693431,665.4155585106382,6.0,37.833333333333336,67.83333333333333,1.0,0.3333333333333333,5.0,5.0,0.5,5.82845744680851,0.0,0.0,0.0,,False,0.0,False
A-7da956,Company_141,Cybersecurity,US,2024-06-02,event,Pro,13,True,False,0.5831622176591376,2024H1,6-15,12,2,247.0,0.25,0.08333333333333333,0.16666666666666666,0.5,0.9166666666666666,13.0,0.3333333333333333,10,7930,1,51,543,41.78638888888889,35,28,0.0784313725490196,51,0.06445672191528545,931.1302816901409,3.0,32.666666666666664,88.0,0.0,0.3333333333333333,5.0,5.0,0.6666666666666666,5.144366197183099,0.0,0.0,0.0,,False,0.0,True
A-019782,Company_142,DevTools,FR,2023-04-19,event,Enterprise,11,False,False,1.7056810403832992,2023H1,6-15,9,1,539.0,0.2222222222222222,0.1111111111111111,0.0,0.7777777777777778,0.6666666666666666,14.0,0.3333333333333333,8,5169,3,55,562,44.68,30,28,0.05454545454545454,55,0.05338078291814947,329.48715890850724,2.0,10.0,107.0,0.0,1.0,3.0,3.0,0.5,1.1725521669341894,0.0,0.0,0.0,,False,0.0,True
A-df10db,Company_143,DevTools,US,2023-06-06,other,Enterprise,2,True,False,1.5742642026009583,2023H1,1-5,11,1,266.0,0.09090909090909091,0.18181818181818182,0.0,0.36363636363636365,0.8181818181818182,12.0,0.2727272727272727,10,11464,2,64,697,59.715555555555554,40,31,0.03125,62,0.05738880918220947,442.7465217391304,2.0,68.5,86.5,1.0,0.0,3.0,3.0,0.0,1.2704347826086955,2.0,0.0,0.0,2024-05-19,True,1.2704347826086955,True
A-3932db,Company_144,HealthTech,CA,2023-10-04,other,Pro,19,True,True,1.2457221081451062,2023H2,16-30,9,1,437.0,0.3333333333333333,0.2222222222222222,0.1111111111111111,0.2222222222222222,1.0,23.0,0.4444444444444444,8,14087,0,46,434,37.48972222222222,28,28,0.08695652173913043,45,0.06451612903225806,348.39230769230767,6.0,41.0,86.5,0.0,0.5,4.333333333333333,3.0,0.5,4.816483516483516,0.0,0.0,0.0,,False,0.0,True
A-4f18f0,Company_145,DevTools,CA,2024-04-21,other,Pro,24,True,False,0.6981519507186859,2024H1,16-30,12,3,825.5,0.16666666666666666,0.0,0.08333333333333333,0.4166666666666667,0.75,24.0,0.4166666666666667,9,29333,2,57,544,46.68083333333333,25,33,0.10526315789473684,57,0.04595588235294118,779.1999999999999,5.0,39.2,61.4,0.0,0.4,4.0,3.0,0.2,7.161764705882352,2.0,0.0,0.0,2024-05-27,True,2.864705882352941,True
A-4c6f11,Company_146,FinTech,CA,2023-11-27,organic,Pro,24,True,True,1.0978781656399725,2023H2,16-30,5,0,665.0,0.0,0.0,0.2,0.4,0.6,24.0,0.2,5,7586,2,24,268,23.570833333333333,4,20,0.041666666666666664,24,0.014925373134328358,244.10723192019952,3.0,44.666666666666664,63.0,0.0,1.0,4.333333333333333,3.0,0.0,2.732543640897756,2.0,0.0,0.0,2024-06-29,True,1.8216957605985038,False
A-8ae05d,Company_147,FinTech,IN,2024-04-06,other,Enterprise,86,False,False,0.7392197125256673,2024H1,31+,7,1,1634.0,0.2857142857142857,0.0,0.0,0.42857142857142855,0.7142857142857143,86.0,0.2857142857142857,6,9116,2,20,203,21.512777777777778,10,16,0.05,20,0.04926108374384237,274.6138888888889,1.0,47.0,48.0,0.0,1.0,4.0,4.0,0.0,1.3527777777777779,1.0,0.0,0.0,2024-08-30,True,1.3527777777777779,True
A-b78bf8,Company_148,DevTools,US,2024-11-15,event,Pro,33,False,False,0.12867898699520877,2024H2,31+,8,0,1617.0,0.125,0.125,0.125,0.25,1.0,33.0,0.375,8,22423,0,42,421,34.38944444444444,11,24,0.16666666666666666,38,0.026128266033254157,3271.70744680851,5.0,24.2,88.8,0.0,0.6,4.2,3.0,0.0,38.8563829787234,1.0,0.0,0.0,2024-12-06,True,7.7712765957446805,False
A-eafc6e,Company_149,DevTools,US,2023-07-06,partner,Pro,27,False,True,1.4921286789869952,2023H2,16-30,7,0,1323.0,0.2857142857142857,0.0,0.0,0.2857142857142857,0.8571428571428571,30.0,0.2857142857142857,7,16229,1,32,300,25.060555555555556,15,23,0.09375,31,0.05,201.05504587155963,1.0,64.0,136.0,0.0,0.0,,,1.0,0.6701834862385321,2.0,0.0,0.0,2023-07-31,True,1.3403669724770642,False
A-37f969,Company_150,HealthTech,IN,2023-10-14,partner,Enterprise,30,False,False,1.218343600273785,2023H2,16-30,8,0,1470.0,0.0,0.25,0.0,0.375,0.75,30.0,0.375,8,22959,2,32,312,29.95888888888889,14,25,0.15625,31,0.04487179487179487,256.08539325842696,5.0,22.2,94.0,1.0,0.4,3.6666666666666665,3.0,0.4,4.103932584269663,4.0,0.0,146.86,2024-02-12,True,3.2831460674157302,False
A-10b8f2,Company_151,HealthTech,DE,2023-01-11,organic,Basic,47,True,False,1.9739904175222451,2023H1,31+,12,0,1463.0,0.25,0.08333333333333333,0.0,0.75,0.6666666666666666,47.0,0.16666666666666666,12,30719,4,56,560,48.10638888888889,23,29,0.17857142857142858,54,0.04107142857142857,283.68932038834953,3.0,46.333333333333336,67.0,0.0,0.3333333333333333,4.333333333333333,3.0,0.0,1.519764216366158,1.0,0.0,0.0,2024-06-04,True,0.5065880721220527,False
A-439b2f,Company_152,DevTools,US,2024-02-21,ads,Enterprise,1,False,True,0.8624229979466119,2024H1,1-5,6,1,123.5,0.16666666666666666,0.16666666666666666,0.0,0.5,0.8333333333333334,6.5,0.16666666666666666,5,1796,1,20,171,15.075277777777778,5,14,0.1,19,0.029239766081871343,198.27857142857144,3.0,18.333333333333332,85.33333333333333,0.0,0.6666666666666666,,,1.0,3.4785714285714286,2.0,1.0,17.06,2024-08-02,True,2.319047619047619,True
A-544d0a,Company_153,DevTools,US,2024-05-02,organic,Basic,2,True,False,0.6680355920602327,2024H1,1-5,10,0,346.0,0.1,0.1,0.2,0.4,0.7,6.0,0.3,10,18492,3,47,510,42.45166666666667,22,27,0.14893617021276595,45,0.043137254901960784,763.4323770491804,2.0,38.5,98.0,1.0,0.5,4.0,3.0,0.0,2.9938524590163937,0.0,0.0,0.0,,False,0.0,False
A-ba6516,Company_154,FinTech,US,2023-10-29,ads,Pro,27,False,False,1.1772758384668036,2023H2,16-30,13,0,513.0,0.23076923076923078,0.07692307692307693,0.23076923076923078,0.38461538461538464,0.7692307692307693,27.0,0.3076923076923077,13,28379,3,60,642,59.32055555555556,32,31,0.13333333333333333,56,0.04984423676012461,545.3267441860465,6.0,31.5,71.0,0.0,0.16666666666666666,4.0,3.0,0.3333333333333333,5.096511627906977,1.0,0.0,0.0,2024-03-17,True,0.8494186046511627,False
A-712426,Company_155,HealthTech,US,2024-11-10,other,Enterprise,9,False,False,0.14236824093086928,2024H2,6-15,15,2,588.0,0.2,0.13333333333333333,0.0,0.5333333333333333,1.0,13.0,0.26666666666666666,13,8671,0,70,696,59.63361111111111,31,32,0.08571428571428572,68,0.04454022988505747,4888.730769230769,6.0,37.333333333333336,79.16666666666667,0.0,0.3333333333333333,4.4,4.0,0.16666666666666666,42.14423076923077,3.0,2.0,0.0,2024-11-21,True,21.072115384615383,True
A-038089,Company_156,DevTools,FR,2023-12-19,other,Pro,5,False,True,1.0376454483230664,2023H2,1-5,3,0,245.0,0.0,0.0,0.0,0.6666666666666666,1.0,5.0,0.0,3,2104,0,20,210,17.686944444444446,15,15,0.05,19,0.07142857142857142,202.38126649076517,6.0,30.166666666666668,86.16666666666667,0.0,0.3333333333333333,3.6666666666666665,3.0,0.5,5.782321899736147,2.0,0.0,19.34,2024-10-21,True,1.9274406332453826,False
A-afa505,Company_157,DevTools,US,2023-12-27,partner,Basic,70,True,False,1.0157426420260096,2023H2,31+,9,1,3430.0,0.2222222222222222,0.2222222222222222,0.1111111111111111,0.2222222222222222,0.5555555555555556,70.0,0.4444444444444444,8,62580,4,51,507,45.18694444444444,28,33,0.1568627450980392,48,0.055226824457593686,499.1421832884097,4.0,37.25,88.25,1.0,0.5,3.0,3.0,0.5,3.9380053908355794,1.0,0.0,0.0,2024-03-02,True,0.9845013477088949,True
A-d5a319,Company_158,FinTech,US,2023-05-04,other,Enterprise,15,False,True,1.6646132785763177,2023H1,6-15,12,0,955.5,0.16666666666666666,0.25,0.16666666666666666,0.5833333333333334,0.8333333333333334,15.5,0.4166666666666667,12,37847,2,59,604,59.07083333333333,43,32,0.0847457627118644,57,0.07119205298013245,362.84703947368416,1.0,17.0,132.0,1.0,0.0,4.0,4.0,0.0,0.6007401315789473,0.0,0.0,0.0,,False,0.0,False
A-f97b9a,Company_159,FinTech,US,2023-07-09,event,Pro,16,False,False,1.483915126625599,2023H2,16-30,11,0,784.0,0.36363636363636365,0.09090909090909091,0.0,0.6363636363636364,0.7272727272727273,16.0,0.5454545454545454,11,23833,3,56,561,48.1225,33,29,0.10714285714285714,52,0.058823529411764705,378.05396678966787,7.0,31.714285714285715,69.85714285714286,0.0,0.42857142857142855,3.6666666666666665,3.0,0.5714285714285714,4.7172509225092245,0.0,0.0,0.0,,False,0.0,False
A-2f6a32,Company_160,HealthTech,US,2024-08-26,organic,Basic,19,False,False,0.35044490075290896,2024H2,16-30,11,2,893.0,0.18181818181818182,0.09090909090909091,0.0,0.6363636363636364,1.0,19.0,0.0,9,6221,0,66,654,57.57861111111111,46,32,0.09090909090909091,61,0.07033639143730887,1866.19921875,2.0,41.0,72.0,0.0,0.0,3.5,3.0,0.0,5.70703125,0.0,0.0,0.0,,False,0.0,True
A-856b1e,Company_161,FinTech,US,2023-10-31,partner,Basic,19,False,False,1.1718001368925393,2023H2,16-30,6,0,1078.0,0.16666666666666666,0.16666666666666666,0.0,0.0,0.8333333333333334,22.0,0.0,6,6321,1,23,230,17.61611111111111,24,17,0.17391304347826086,23,0.10434782608695652,196.27920560747665,5.0,36.0,79.4,1.0,0.0,,,1.0,4.266939252336449,0.0,0.0,0.0,,False,0.0,False
A-17939a,Company_162,HealthTech,US,2024-12-26,organic,Basic,1,False,False,0.01642710472279261,2024H2,1-5,11,2,684.0,0.09090909090909091,0.0,0.0,0.36363636363636365,0.8181818181818182,20.0,0.09090909090909091,9,8035,2,47,440,33.8125,43,25,0.10638297872340426,46,0.09772727272727273,26785.0,7.0,38.0,83.42857142857143,0.0,0.7142857142857143,4.5,4.0,0.42857142857142855,426.125,0.0,0.0,0.0,,False,0.0,True
A-d27f50,Company_163,Cybersecurity,UK,2024-07-20,ads,Enterprise,44,False,False,0.4517453798767967,2024H2,31+,12,3,2156.0,0.16666666666666666,0.08333333333333333,0.0,0.4166666666666667,0.75,44.0,0.4166666666666667,9,25671,2,50,481,47.250277777777775,31,29,0.08,48,0.06444906444906445,1064.759090909091,4.0,37.5,116.5,0.0,0.5,3.75,3.0,0.0,8.854545454545455,0.0,0.0,0.0,,False,0.0,True
A-e36807,Company_164,EdTech,AU,2024-05-17,other,Pro,6,False,False,0.6269678302532512,2024H1,6-15,10,1,1368.0,0.2,0.0,0.0,0.5,0.8,25.5,0.4,9,10707,1,49,446,39.124722222222225,27,27,0.08163265306122448,48,0.06053811659192825,711.3602620087336,2.0,41.0,152.0,0.0,0.5,4.5,4.0,0.0,3.1899563318777293,0.0,0.0,0.0,,False,0.0,True
A-ff79f2,Company_165,DevTools,US,2024-04-25,ads,Basic,8,False,True,0.6872005475701575,2024H1,6-15,9,2,684.0,0.1111111111111111,0.2222222222222222,0.0,0.4444444444444444,0.6666666666666666,23.0,0.4444444444444444,7,23408,2,41,393,37.18,12,24,0.0975609756097561,41,0.030534351145038167,571.8854581673306,2.0,50.0,82.5,0.0,0.0,,,1.0,2.9103585657370514,0.0,0.0,0.0,,False,0.0,True
A-5b1bcd,Company_166,DevTools,US,2023-09-16,organic,Pro,73,False,False,1.2950034223134839,2023H2,31+,15,1,14527.0,0.06666666666666667,0.2,0.0,0.6666666666666666,0.8666666666666667,73.0,0.5333333333333333,14,131911,2,86,869,69.80111111111111,54,34,0.06976744186046512,79,0.06214039125431531,671.0406976744187,4.0,43.25,92.5,0.0,0.75,4.5,4.0,0.5,3.0887949260042284,1.0,0.0,4.45,2024-08-07,True,0.7721987315010571,True
A-71615e,Company_167,EdTech,US,2024-05-18,organic,Basic,15,False,False,0.6242299794661191,2024H1,6-15,13,0,1078.0,0.15384615384615385,0.23076923076923078,0.0,0.5384615384615384,0.7692307692307693,22.0,0.46153846153846156,13,40713,3,62,620,54.11083333333333,41,29,0.06451612903225806,59,0.06612903225806452,993.2236842105262,1.0,49.0,77.0,0.0,0.0,,,1.0,1.6019736842105263,1.0,0.0,0.0,2024-07-16,True,1.6019736842105263,False
A-794a0b,Company_168,HealthTech,DE,2023-06-02,organic,Basic,23,False,False,1.5852156057494866,2023H1,16-30,7,0,1127.0,0.2857142857142857,0.0,0.0,0.42857142857142855,0.7142857142857143,23.0,0.14285714285714285,7,10575,2,38,347,26.166666666666668,31,28,0.02631578947368421,36,0.0893371757925072,218.8976683937824,0.0,,,0.0,,,,,0.0,1.0,0.0,0.0,2024-09-09,True,0.6308290155440415,False
A-86902e,Company_169,HealthTech,IN,2023-05-02,other,Enterprise,34,False,False,1.6700889801505818,2023H1,31+,10,1,1156.0,0.2,0.2,0.0,0.5,0.9,34.0,0.4,9,36041,1,63,628,56.2025,36,32,0.09523809523809523,59,0.05732484076433121,376.027868852459,9.0,40.888888888888886,71.44444444444444,0.0,0.4444444444444444,3.5,3.0,0.5555555555555556,5.3889344262295085,1.0,0.0,0.0,2024-12-07,True,0.5987704918032787,True
A-0532a9,Company_170,FinTech,IN,2024-09-25,event,Pro,19,False,False,0.2683093771389459,2024H2,16-30,10,0,931.0,0.0,0.4,0.1,0.7,0.5,19.0,0.2,10,15161,5,54,519,43.83111111111111,30,30,0.12962962962962962,53,0.057803468208092484,1934.3341836734694,8.0,30.75,73.375,0.0,0.125,3.0,3.0,0.875,29.816326530612244,1.0,0.0,2.4,2024-10-09,True,3.7270408163265305,False
A-9779ad,Company_171,Cybersecurity,AU,2024-03-29,event,Pro,40,True,True,0.7611225188227242,2024H1,31+,10,0,7960.0,0.2,0.0,0.0,0.4,0.5,40.0,0.6,10,51680,5,43,413,30.299722222222222,25,29,0.06976744186046512,43,0.06053268765133172,542.6196043165468,3.0,20.666666666666668,116.33333333333333,0.0,0.6666666666666666,5.0,5.0,0.6666666666666666,3.941546762589928,3.0,0.0,0.0,2024-04-17,True,3.941546762589928,False
A-f45426,Company_172,HealthTech,US,2024-08-05,organic,Basic,9,False,False,0.4079397672826831,2024H2,6-15,11,2,441.0,0.2727272727272727,0.0,0.2727272727272727,0.45454545454545453,0.7272727272727273,11.0,0.36363636363636365,9,14959,2,61,624,53.23638888888889,49,33,0.08196721311475409,58,0.07852564102564102,1529.6375838926174,3.0,17.0,69.0,0.0,0.6666666666666666,4.0,4.0,0.6666666666666666,7.354026845637583,2.0,0.0,47.17,2024-08-05,True,4.902684563758389,True
A-c1e51e,Company_173,FinTech,US,2024-10-02,organic,Basic,3,False,False,0.24914442162902123,2024H2,1-5,10,3,688.0,0.0,0.1,0.1,0.4,1.0,22.0,0.4,7,18772,0,50,518,42.285555555555554,36,28,0.14,49,0.0694980694980695,2079.1153846153848,5.0,40.0,75.6,0.0,1.0,3.2,3.0,0.0,20.068681318681318,2.0,0.0,0.0,2024-11-09,True,8.027472527472527,True
A-fa3095,Company_174,FinTech,US,2023-09-03,ads,Basic,70,False,False,1.3305954825462012,2023H2,31+,12,0,2380.0,0.08333333333333333,0.0,0.0,0.5833333333333334,1.0,70.0,0.4166666666666667,12,69230,0,59,600,56.138888888888886,42,31,0.0847457627118644,55,0.07,450.9259259259259,5.0,49.2,84.0,0.0,0.6,5.0,5.0,0.6,3.757716049382716,1.0,0.0,0.0,2023-12-23,True,0.7515432098765432,False
A-ad64c6,Company_175,DevTools,UK,2024-02-23,event,Pro,12,False,False,0.8569472963723477,2024H1,6-15,6,1,1488.0,0.16666666666666666,0.0,0.0,0.5,0.6666666666666666,20.0,0.5,5,14120,2,20,215,22.1125,18,16,0.1,19,0.08372093023255814,250.8905750798722,4.0,34.0,98.5,0.0,0.5,5.0,5.0,0.75,4.667731629392971,2.0,0.0,19.08,2024-07-03,True,2.3338658146964857,True
A-39b19f,Company_176,FinTech,US,2023-02-03,partner,Enterprise,1,False,False,1.9110198494182067,2023H1,1-5,11,2,1176.0,0.18181818181818182,0.09090909090909091,0.09090909090909091,0.2727272727272727,0.7272727272727273,24.0,0.36363636363636365,9,11902,3,55,530,37.51694444444445,37,30,0.09090909090909091,52,0.06981132075471698,277.3388252148997,6.0,47.833333333333336,87.5,1.0,0.5,4.25,3.0,0.3333333333333333,3.1396848137535818,1.0,0.0,0.0,2023-03-11,True,0.5232808022922636,True
A-56962b,Company_177,EdTech,UK,2024-04-09,partner,Enterprise,163,False,False,0.731006160164271,2024H1,31+,7,1,3097.0,0.2857142857142857,0.14285714285714285,0.0,0.2857142857142857,0.8571428571428571,163.0,0.14285714285714285,6,54605,1,29,271,22.76222222222222,25,16,0.13793103448275862,28,0.09225092250922509,370.7219101123596,4.0,37.5,105.5,0.0,0.25,3.0,3.0,0.75,5.471910112359551,2.0,0.0,45.83,2024-07-27,True,2.7359550561797756,True
A-e60f9d,Company_178,FinTech,US,2024-08-26,other,Basic,29,False,False,0.35044490075290896,2024H2,16-30,15,2,1421.0,0.2,0.0,0.13333333333333333,0.6,0.9333333333333333,29.0,0.4,13,50095,1,62,629,44.051944444444445,24,30,0.08064516129032258,62,0.03815580286168521,1794.861328125,2.0,70.5,106.5,0.0,1.0,,,1.0,5.70703125,0.0,0.0,0.0,,False,0.0,True
A-88c6ca,Company_179,FinTech,DE,2024-10-25,ads,Basic,5,False,True,0.1861738535249829,2024H2,1-5,7,0,995.0,0.14285714285714285,0.0,0.0,0.2857142857142857,1.0,11.0,0.42857142857142855,7,6449,0,43,446,36.165277777777774,19,27,0.18604651162790697,41,0.042600896860986545,2395.610294117647,1.0,56.0,12.0,0.0,1.0,,,1.0,5.3713235294117645,0.0,0.0,0.0,,False,0.0,False
A-158f4e,Company_180,FinTech,IN,2023-03-03,other,Enterprise,61,False,False,1.834360027378508,2023H1,31+,12,1,2989.0,0.08333333333333333,0.0,0.0,0.5,0.8333333333333334,61.0,0.16666666666666666,11,42700,1,49,453,34.571666666666665,29,32,0.061224489795918366,48,0.0640176600441501,246.9526119402985,5.0,27.6,126.0,0.0,0.6,4.333333333333333,4.0,0.4,2.7257462686567164,2.0,0.0,0.0,2023-03-05,True,1.0902985074626865,True
A-5b051a,Company_181,Cybersecurity,US,2024-08-05,event,Enterprise,22,False,False,0.4079397672826831,2024H2,16-30,4,1,418.0,0.0,0.0,0.0,0.25,1.0,22.0,0.0,3,1914,0,16,171,12.462222222222222,17,14,0.1875,16,0.09941520467836257,419.1795302013423,1.0,2.0,2.0,0.0,1.0,3.0,3.0,0.0,2.4513422818791946,0.0,0.0,0.0,,False,0.0,True
A-296d7c,Company_182,DevTools,DE,2023-11-08,other,Enterprise,2,False,False,1.1498973305954825,2023H2,1-5,7,0,294.0,0.14285714285714285,0.0,0.0,0.7142857142857143,0.7142857142857143,6.0,0.14285714285714285,7,1989,2,33,357,34.65361111111111,18,21,0.21212121212121213,31,0.05042016806722689,310.46250000000003,5.0,50.4,105.2,0.0,0.4,3.75,3.0,0.2,4.348214285714286,1.0,0.0,0.0,2024-11-04,True,0.8696428571428572,False
A-1619f8,Company_183,DevTools,US,2024-05-20,organic,Pro,29,False,False,0.6187542778918549,2024H1,16-30,7,0,551.0,0.14285714285714285,0.14285714285714285,0.0,0.42857142857142855,0.7142857142857143,29.0,0.2857142857142857,7,19790,2,42,432,39.66305555555556,26,27,0.047619047619047616,41,0.06018518518518518,698.1769911504425,3.0,42.0,81.0,0.0,0.3333333333333333,5.0,5.0,0.6666666666666666,4.8484513274336285,3.0,0.0,0.0,2024-06-03,True,4.8484513274336285,False
A-a1b80b,Company_184,HealthTech,US,2023-11-27,organic,Basic,16,False,False,1.0978781656399725,2023H2,16-30,16,1,1274.0,0.125,0.1875,0.0625,0.75,0.75,16.0,0.5,15,34589,4,72,749,61.83611111111111,48,33,0.06944444444444445,71,0.06408544726301736,682.2250623441397,4.0,41.0,72.5,0.0,0.25,4.0,3.0,0.25,3.6433915211970076,1.0,1.0,12.99,2024-07-11,True,0.9108478802992519,True
A-139c3b,Company_185,HealthTech,US,2024-11-21,organic,Enterprise,10,True,True,0.11225188227241616,2024H2,6-15,8,2,692.0,0.125,0.125,0.0,0.625,0.75,19.5,0.125,6,6822,2,44,478,41.83361111111111,16,27,0.1590909090909091,44,0.03347280334728033,4258.280487804878,9.0,28.444444444444443,66.11111111111111,0.0,0.4444444444444444,4.5,4.0,0.5555555555555556,80.17682926829268,0.0,0.0,0.0,,False,0.0,True
A-702032,Company_186,HealthTech,US,2023-10-03,ads,Pro,28,False,False,1.2484599589322383,2023H2,16-30,6,2,532.0,0.16666666666666666,0.16666666666666666,0.0,0.6666666666666666,0.8333333333333334,28.0,0.16666666666666666,4,7168,0,26,285,25.493333333333332,15,19,0.038461538461538464,25,0.05263157894736842,228.28125,4.0,26.0,98.25,0.0,0.25,3.0,3.0,0.5,3.2039473684210527,2.0,0.0,10.5,2024-04-18,True,1.6019736842105263,True
A-7a0d69,Company_187,DevTools,DE,2024-06-15,ads,Enterprise,4,True,True,0.5475701574264202,2024H1,1-5,11,0,285.0,0.2727272727272727,0.18181818181818182,0.0,0.45454545454545453,0.9090909090909091,15.0,0.18181818181818182,11,10362,1,61,606,49.76861111111111,31,31,0.08196721311475409,60,0.05115511551155116,1106.7075,2.0,29.0,52.5,0.0,1.0,5.0,5.0,0.5,3.6525000000000003,3.0,0.0,28.95,2024-07-09,True,5.478750000000001,False
A-22d9d2,Company_188,DevTools,FR,2024-03-22,event,Pro,8,False,False,0.7802874743326489,2024H1,6-15,14,3,931.0,0.07142857142857142,0.14285714285714285,0.07142857142857142,0.42857142857142855,0.7857142857142857,11.5,0.14285714285714285,11,14336,3,75,782,66.5775,43,35,0.08,74,0.054987212276214836,1002.1947368421053,6.0,16.0,88.0,1.0,0.6666666666666666,4.0,3.0,0.3333333333333333,7.689473684210526,1.0,0.0,0.0,2024-10-17,True,1.281578947368421,True
A-b9eed8,Company_189,Cybersecurity,US,2024-02-23,organic,Basic,11,False,False,0.8569472963723477,2024H1,6-15,11,0,539.0,0.0,0.0,0.2727272727272727,0.6363636363636364,0.8181818181818182,14.0,0.2727272727272727,11,16577,2,61,623,46.79833333333333,55,29,0.14754098360655737,58,0.08828250401284109,726.9992012779553,5.0,29.2,103.8,1.0,0.4,3.75,3.0,0.2,5.834664536741214,1.0,1.0,0.0,2024-04-23,True,1.1669329073482428,False
A-dfbd31,Company_190,DevTools,UK,2023-12-04,partner,Enterprise,14,False,False,1.0787132101300478,2023H2,6-15,14,0,686.0,0.21428571428571427,0.07142857142857142,0.07142857142857142,0.42857142857142855,0.7857142857142857,15.5,0.21428571428571427,14,25079,3,54,599,50.631388888888885,19,27,0.12962962962962962,50,0.03171953255425709,555.2912436548223,6.0,29.666666666666668,129.83333333333334,0.0,0.5,4.25,3.0,0.3333333333333333,5.562182741116752,2.0,0.0,0.0,2024-01-01,True,1.854060913705584,False
A-8e47ca,Company_191,HealthTech,US,2024-02-15,organic,Pro,19,False,False,0.8788501026694046,2024H1,16-30,9,1,3781.0,0.0,0.1111111111111111,0.0,0.3333333333333333,0.7777777777777778,19.0,0.6666666666666666,8,23145,2,46,441,37.0825,35,29,0.043478260869565216,44,0.07936507936507936,501.7920560747663,5.0,33.4,80.6,1.0,0.6,4.0,3.0,0.6,5.689252336448598,3.0,0.0,0.0,2024-06-01,True,3.413551401869159,True
A-4437e4,Company_192,Cybersecurity,US,2023-09-16,event,Enterprise,3,False,False,1.2950034223134839,2023H2,1-5,16,1,597.0,0.1875,0.25,0.0625,0.5,0.9375,10.0,0.4375,15,17831,1,83,806,72.2975,43,37,0.0963855421686747,81,0.05334987593052109,622.392177589852,6.0,34.666666666666664,125.33333333333333,2.0,0.5,3.0,3.0,0.6666666666666666,4.633192389006343,1.0,0.0,0.0,2024-06-21,True,0.7721987315010571,True
A-779e4e,Company_193,HealthTech,US,2023-01-02,organic,Basic,5,False,False,1.998631074606434,2023H1,1-5,10,2,1111.5,0.0,0.2,0.1,0.6,0.9,19.0,0.4,8,19986,1,44,393,30.843888888888888,20,28,0.13636363636363635,41,0.05089058524173028,196.6345890410959,5.0,26.6,91.6,0.0,0.8,4.0,3.0,0.2,2.5017123287671232,0.0,0.0,0.0,,False,0.0,True
A-53f4e3,Company_194,Cybersecurity,UK,2024-06-14,event,Enterprise,13,False,False,0.5503080082135524,2024H1,6-15,10,1,674.5,0.0,0.0,0.0,0.6,0.8,18.5,0.2,9,11092,2,44,410,35.42472222222222,45,29,0.022727272727272728,42,0.10975609756097561,745.0373134328357,5.0,28.6,99.0,0.0,1.0,4.0,3.0,0.4,9.085820895522387,1.0,1.0,0.0,2024-12-06,True,1.8171641791044775,True
A-692f18,Company_195,EdTech,US,2024-03-28,other,Basic,5,True,True,0.7638603696098563,2024H1,1-5,17,1,588.0,0.17647058823529413,0.11764705882352941,0.058823529411764705,0.5294117647058824,0.7058823529411765,10.0,0.4117647058823529,16,24978,5,87,871,72.75305555555556,55,36,0.10344827586206896,83,0.06314580941446613,1140.260752688172,2.0,37.5,120.0,0.0,0.5,5.0,5.0,0.5,2.618279569892473,1.0,0.0,0.0,2024-12-23,True,1.3091397849462365,True
A-13466a,Company_196,DevTools,AU,2023-10-22,event,Basic,2,False,True,1.1964407939767283,2023H2,1-5,6,4,483.5,0.16666666666666666,0.0,0.0,0.5,0.8333333333333334,15.5,0.5,2,171,0,22,205,15.983055555555556,14,17,0.09090909090909091,22,0.06829268292682927,171.34153318077801,3.0,32.333333333333336,94.33333333333333,1.0,0.6666666666666666,4.333333333333333,3.0,0.0,2.507437070938215,2.0,1.0,6.51,2023-11-18,True,1.67162471395881,True
A-1986ca,Company_197,HealthTech,IN,2023-01-30,ads,Pro,20,False,False,1.9219712525667352,2023H1,16-30,7,0,3980.0,0.14285714285714285,0.14285714285714285,0.0,0.2857142857142857,0.5714285714285714,20.0,1.0,7,27661,3,37,362,28.439444444444444,23,26,0.13513513513513514,35,0.06353591160220995,188.3482905982906,7.0,36.57142857142857,106.57142857142857,0.0,0.7142857142857143,3.4,3.0,0.2857142857142857,3.642094017094017,0.0,0.0,0.0,,False,0.0,False
A-0cc442,Company_198,EdTech,US,2024-07-18,organic,Basic,45,False,False,0.45722108145106094,2024H2,31+,13,2,2205.0,0.15384615384615385,0.23076923076923078,0.07692307692307693,0.38461538461538464,0.6923076923076923,45.0,0.5384615384615384,11,60092,4,77,765,64.09972222222223,41,34,0.09090909090909091,73,0.05359477124183006,1673.1511976047902,3.0,37.0,47.333333333333336,0.0,0.3333333333333333,3.0,3.0,0.6666666666666666,6.561377245508981,4.0,2.0,59.52,2024-07-20,True,8.748502994011975,True
A-c608c8,Company_199,DevTools,DE,2023-04-27,ads,Pro,3,False,True,1.6837782340862424,2023H1,1-5,8,1,1029.0,0.0,0.125,0.125,0.375,0.75,11.0,0.375,7,7325,1,43,445,40.09583333333333,27,29,0.11627906976744186,40,0.060674157303370786,264.2865853658536,2.0,59.0,66.0,0.0,0.0,3.0,3.0,0.5,1.1878048780487804,1.0,0.0,0.0,2024-06-04,True,0.5939024390243902,True
A-3be56b,Company_200,HealthTech,IN,2023-10-26,event,Pro,3,False,True,1.1854893908281998,2023H2,1-5,12,2,694.5,0.25,0.08333333333333333,0.08333333333333333,0.5,0.75,19.0,0.3333333333333333,10,15325,2,55,528,47.196666666666665,33,28,0.14545454545454545,54,0.0625,445.3856812933026,4.0,40.25,74.0,0.0,0.0,3.5,3.0,0.0,3.374133949191686,2.0,0.0,0.0,2024-01-10,True,1.687066974595843,True
A-354f12,Company_201,FinTech,US,2024-04-28,ads,Pro,1,True,False,0.6789869952087612,2024H1,1-5,4,0,995.0,0.0,0.0,0.25,0.5,1.0,8.0,0.75,4,8889,0,15,158,13.475,3,14,0.06666666666666667,15,0.0189873417721519,232.69959677419354,2.0,56.5,137.5,0.0,0.0,,,1.0,2.945564516129032,1.0,0.0,0.0,2024-09-19,True,1.472782258064516,False
A-68f37c,Company_202,HealthTech,US,2023-07-15,ads,Basic,4,False,False,1.4674880219028064,2023H2,1-5,12,2,765.5,0.16666666666666666,0.25,0.0,0.3333333333333333,0.9166666666666666,14.0,0.3333333333333333,10,31474,1,65,624,56.32111111111111,40,30,0.09230769230769231,64,0.0641025641025641,425.2164179104477,5.0,20.2,119.8,0.0,0.4,4.0,4.0,0.8,3.4071828358208953,4.0,2.0,0.0,2024-02-08,True,2.7257462686567164,True
A-aa9511,Company_203,DevTools,US,2023-10-10,other,Pro,23,True,False,1.2292950034223136,2023H2,16-30,15,2,1127.0,0.2,0.0,0.06666666666666667,0.4,0.8666666666666667,23.0,0.6,13,55995,2,65,625,52.64611111111111,35,33,0.07692307692307693,63,0.056,508.4214922048997,2.0,56.5,98.5,0.0,1.0,4.0,4.0,0.5,1.6269487750556793,1.0,0.0,0.0,2023-10-17,True,0.8134743875278396,True
A-af0cd2,Company_204,Cybersecurity,IN,2023-01-03,other,Enterprise,19,True,False,1.995893223819302,2023H1,16-30,11,2,570.0,0.18181818181818182,0.09090909090909091,0.0,0.5454545454545454,0.8181818181818182,19.0,0.0,9,5529,2,70,687,62.60166666666667,33,31,0.11428571428571428,67,0.048034934497816595,344.20679012345676,3.0,54.333333333333336,149.33333333333334,0.0,0.3333333333333333,,,1.0,1.5030864197530864,1.0,0.0,0.0,2023-10-26,True,0.5010288065843621,True
A-bd4513,Company_205,DevTools,AU,2024-11-06,event,Enterprise,50,True,False,0.15331964407939766,2024H2,31+,12,2,2450.0,0.0,0.16666666666666666,0.0,0.6666666666666666,0.8333333333333334,50.0,0.3333333333333333,10,48804,2,51,507,43.76305555555555,34,28,0.0784313725490196,46,0.0670611439842209,3306.8169642857147,3.0,42.0,58.666666666666664,0.0,0.3333333333333333,4.666666666666667,4.0,0.0,19.56696428571429,2.0,0.0,35.14,2024-12-07,True,13.044642857142858,True
A-c222ab,Company_206,Cybersecurity,US,2024-05-10,other,Pro,32,False,True,0.6461327857631759,2024H1,31+,7,1,1568.0,0.0,0.14285714285714285,0.0,0.2857142857142857,0.8571428571428571,32.0,0.2857142857142857,6,18048,0,45,435,37.066944444444445,33,27,0.13333333333333333,45,0.07586206896551724,673.2362288135594,4.0,39.0,94.5,0.0,0.5,5.0,5.0,0.75,6.190677966101695,3.0,0.0,32.14,2024-06-10,True,4.643008474576272,True
A-34d880,Company_207,Cybersecurity,AU,2024-04-11,ads,Enterprise,4,False,False,0.7255304585900069,2024H1,1-5,9,1,779.0,0.2222222222222222,0.0,0.0,0.1111111111111111,0.6666666666666666,9.0,0.5555555555555556,8,20185,2,47,474,40.117777777777775,40,29,0.06382978723404255,47,0.08438818565400844,653.3150943396226,5.0,52.2,90.8,0.0,0.2,3.0,3.0,0.0,6.891509433962264,1.0,0.0,10.4,2024-12-20,True,1.3783018867924528,True
A-508199,Company_208,FinTech,AU,2024-01-28,event,Basic,19,False,False,0.9281314168377823,2024H1,16-30,5,0,513.0,0.2,0.0,0.0,0.6,0.6,19.0,0.6,5,8436,2,24,231,22.330277777777777,15,16,0.08333333333333333,23,0.06493506493506493,248.88716814159292,3.0,50.666666666666664,67.33333333333333,0.0,0.3333333333333333,3.0,3.0,0.6666666666666666,3.232300884955752,0.0,0.0,0.0,,False,0.0,False
A-f03140,Company_209,DevTools,IN,2023-11-22,event,Pro,27,True,False,1.111567419575633,2023H2,16-30,10,0,1022.5,0.1,0.1,0.1,0.5,0.8,27.0,0.3,10,21075,2,57,595,54.7125,22,32,0.07017543859649122,56,0.03697478991596639,535.2801724137931,7.0,36.0,113.14285714285714,0.0,0.42857142857142855,3.6666666666666665,3.0,0.5714285714285714,6.297413793103448,1.0,0.0,0.0,2024-10-03,True,0.8996305418719212,False
A-410e86,Company_210,FinTech,US,2024-11-10,organic,Basic,24,False,False,0.14236824093086928,2024H2,16-30,7,2,1176.0,0.2857142857142857,0.0,0.0,0.5714285714285714,0.42857142857142855,24.0,0.5714285714285714,5,11184,3,30,292,29.845277777777778,21,22,0.1,29,0.07191780821917808,2051.0192307692305,5.0,42.6,110.0,0.0,0.2,3.5,3.0,0.6,35.12019230769231,0.0,0.0,0.0,,False,0.0,True
A-fa2041,Company_211,HealthTech,US,2024-05-29,organic,Pro,15,True,False,0.5941136208076659,2024H1,6-15,12,0,1788.5,0.25,0.0,0.0,0.4166666666666667,0.9166666666666666,18.0,0.4166666666666667,12,20915,1,61,552,43.68416666666667,34,34,0.09836065573770492,58,0.06159420289855073,929.1152073732719,1.0,16.0,99.0,0.0,0.0,3.0,3.0,0.0,1.6831797235023043,1.0,0.0,0.0,2024-07-13,True,1.6831797235023043,False
A-de58ca,Company_212,HealthTech,DE,2023-04-13,organic,Enterprise,15,False,False,1.7221081451060918,2023H1,6-15,11,2,735.0,0.18181818181818182,0.0,0.0,0.7272727272727273,0.5454545454545454,15.0,0.2727272727272727,9,22277,4,49,505,39.428333333333335,33,28,0.14285714285714285,47,0.06534653465346535,293.2452305246423,5.0,30.6,115.0,0.0,0.2,3.3333333333333335,3.0,0.4,2.9034181240063592,0.0,0.0,0.0,,False,0.0,True
A-05d3b3,Company_213,DevTools,AU,2023-05-28,ads,Basic,9,True,False,1.5989048596851472,2023H1,6-15,13,1,441.0,0.23076923076923078,0.0,0.0,0.5384615384615384,0.7692307692307693,13.0,0.3076923076923077,12,12154,3,64,642,53.71194444444444,22,32,0.0625,62,0.03426791277258567,401.52482876712327,6.0,31.5,48.333333333333336,0.0,0.5,4.333333333333333,4.0,0.5,3.752568493150685,2.0,0.0,0.0,2024-03-12,True,1.2508561643835616,True
A-249769,Company_214,Cybersecurity,US,2024-04-25,event,Enterprise,4,False,True,0.6872005475701575,2024H1,1-5,13,0,294.0,0.07692307692307693,0.0,0.0,0.6153846153846154,1.0,8.0,0.23076923076923078,13,15717,0,68,678,53.82694444444444,30,31,0.04411764705882353,65,0.04424778761061947,986.6115537848605,2.0,39.5,96.5,0.0,0.5,4.0,3.0,0.0,2.9103585657370514,2.0,1.0,0.0,2024-06-12,True,2.9103585657370514,False
A-e43bf7,Company_215,Cybersecurity,AU,2023-03-24,other,Pro,44,False,False,1.7768651608487338,2023H1,31+,7,0,8756.0,0.0,0.42857142857142855,0.0,0.7142857142857143,0.8571428571428571,44.0,0.5714285714285714,7,46666,1,40,371,28.7375,35,26,0.05,40,0.09433962264150944,208.7946841294299,5.0,27.4,80.0,1.0,0.4,4.0,3.0,0.4,2.813944530046225,1.0,0.0,0.0,2023-06-24,True,0.562788906009245,False
A-eb2fdc,Company_216,DevTools,AU,2023-11-21,organic,Enterprise,31,False,True,1.1143052703627652,2023H2,31+,12,1,1519.0,0.0,0.0,0.0,0.5833333333333334,0.8333333333333334,31.0,0.25,11,30351,1,54,547,48.5175,17,29,0.05555555555555555,50,0.031078610603290677,490.8888206388207,5.0,33.6,37.6,0.0,0.0,4.5,4.0,0.2,4.487100737100738,1.0,0.0,0.0,2024-05-26,True,0.8974201474201474,True
A-e1462e,Company_217,FinTech,UK,2023-03-12,partner,Basic,15,False,False,1.809719370294319,2023H1,6-15,7,0,735.0,0.2857142857142857,0.14285714285714285,0.14285714285714285,0.5714285714285714,0.7142857142857143,15.0,0.42857142857142855,7,12030,2,35,347,27.249166666666667,22,26,0.11428571428571428,35,0.06340057636887608,191.74243570347957,2.0,39.5,118.5,0.0,1.0,3.5,3.0,0.0,1.105143721633888,2.0,1.0,0.0,2023-10-05,True,1.105143721633888,False
A-cab532,Company_218,DevTools,FR,2023-04-03,organic,Pro,11,True,False,1.7494866529774127,2023H1,6-15,15,1,1029.0,0.13333333333333333,0.13333333333333333,0.06666666666666667,0.6666666666666666,0.9333333333333333,21.0,0.3333333333333333,14,18569,1,101,1005,76.01083333333334,47,38,0.06930693069306931,96,0.046766169154228855,574.4542253521126,1.0,32.0,175.0,0.0,0.0,4.0,4.0,0.0,0.5715962441314554,1.0,0.0,0.0,2024-07-10,True,0.5715962441314554,True
A-9123ac,Company_219,Cybersecurity,DE,2023-06-20,organic,Pro,9,False,False,1.5359342915811087,2023H1,6-15,7,0,441.0,0.14285714285714285,0.0,0.14285714285714285,0.42857142857142855,1.0,11.0,0.5714285714285714,7,14751,0,37,386,33.33722222222222,24,28,0.10810810810810811,37,0.06217616580310881,251.31283422459896,6.0,38.833333333333336,91.66666666666667,0.0,0.5,4.2,3.0,0.16666666666666666,3.9064171122994655,2.0,1.0,0.0,2024-04-05,True,1.3021390374331552,False
A-6e08f3,Company_220,Cybersecurity,US,2023-02-27,event,Basic,8,False,False,1.8453114305270362,2023H1,6-15,10,0,637.0,0.2,0.1,0.1,0.3,0.7,18.0,0.5,10,18190,3,50,492,41.410555555555554,21,28,0.14,46,0.042682926829268296,266.6216617210683,2.0,36.5,137.0,0.0,0.5,3.5,3.0,0.0,1.0838278931750742,1.0,1.0,0.0,2024-02-10,True,0.5419139465875371,False
A-d922bf,Company_221,HealthTech,US,2023-09-08,ads,Basic,5,True,True,1.3169062286105406,2023H2,1-5,7,1,1791.0,0.42857142857142855,0.0,0.0,0.7142857142857143,1.0,15.0,0.8571428571428571,6,14129,0,41,419,37.25527777777778,19,24,0.07317073170731707,40,0.045346062052505964,318.16995841995845,7.0,39.142857142857146,101.14285714285714,1.0,0.2857142857142857,3.3333333333333335,3.0,0.5714285714285714,5.3154885654885655,1.0,0.0,11.13,2024-12-06,True,0.7593555093555094,True
A-8ed5dd,Company_222,EdTech,UK,2023-06-29,event,Enterprise,5,False,True,1.51129363449692,2023H1,1-5,12,1,265.0,0.0,0.25,0.08333333333333333,0.5833333333333334,0.9166666666666666,5.0,0.25,11,11861,0,55,545,48.115833333333335,45,29,0.03636363636363636,52,0.08256880733944955,360.6182065217391,6.0,29.0,96.83333333333333,0.0,0.6666666666666666,3.75,3.0,0.3333333333333333,3.970108695652174,2.0,0.0,0.0,2024-10-30,True,1.3233695652173914,True
A-7c6b6b,Company_223,FinTech,US,2024-11-30,other,Basic,6,False,False,0.08761122518822724,2024H2,6-15,7,2,343.0,0.0,0.0,0.0,0.42857142857142855,0.8571428571428571,7.0,0.0,5,3250,1,35,311,22.90861111111111,24,22,0.14285714285714285,32,0.07717041800643087,3549.7734375,5.0,52.2,82.4,0.0,0.4,4.333333333333333,3.0,0.4,57.0703125,1.0,0.0,0.0,2024-12-09,True,11.4140625,True
A-3c1a3f,Company_224,DevTools,UK,2023-08-26,event,Pro,1,False,False,1.352498288843258,2023H2,1-5,12,2,298.5,0.25,0.0,0.08333333333333333,0.5833333333333334,0.8333333333333334,10.5,0.4166666666666667,10,11192,2,51,497,47.8725,22,31,0.09803921568627451,49,0.04426559356136821,367.4681174089069,4.0,33.25,56.5,0.0,0.25,3.5,3.0,0.5,2.95748987854251,0.0,0.0,0.0,,False,0.0,True
A-b48f73,Company_225,EdTech,AU,2024-11-13,event,Pro,80,True,False,0.13415468856947296,2024H2,31+,7,0,1520.0,0.14285714285714285,0.0,0.0,0.5714285714285714,0.5714285714285714,80.0,0.2857142857142857,7,28320,3,44,412,32.89333333333333,23,24,0.06818181818181818,42,0.055825242718446605,3071.081632653061,3.0,28.666666666666668,35.333333333333336,0.0,0.6666666666666666,4.0,3.0,0.3333333333333333,22.362244897959183,0.0,0.0,0.0,,False,0.0,False
A-76fa4d,Company_226,HealthTech,US,2024-11-24,event,Pro,69,False,False,0.10403832991101986,2024H2,31+,7,2,13731.0,0.14285714285714285,0.0,0.0,0.2857142857142857,0.8571428571428571,69.0,0.5714285714285714,5,47955,1,36,357,35.069722222222225,21,21,0.1111111111111111,36,0.058823529411764705,3431.427631578947,5.0,33.4,111.8,0.0,0.6,4.5,4.0,0.2,48.05921052631579,2.0,0.0,33.04,2024-11-26,True,19.223684210526315,True
A-b2af2e,Company_227,Cybersecurity,UK,2024-08-24,event,Enterprise,5,False,False,0.35592060232717315,2024H2,1-5,4,0,938.5,0.0,0.0,0.25,0.25,0.25,14.5,0.25,4,3112,3,18,174,16.726111111111113,11,14,0.2222222222222222,18,0.06321839080459771,488.87307692307695,2.0,39.5,95.0,0.0,0.0,4.0,4.0,0.0,5.61923076923077,1.0,0.0,0.0,2024-11-14,True,2.809615384615385,False
A-9bfc9f,Company_228,DevTools,CA,2023-09-14,ads,Pro,53,False,False,1.3004791238877482,2023H2,31+,9,1,2597.0,0.2222222222222222,0.3333333333333333,0.2222222222222222,0.4444444444444444,0.8888888888888888,53.0,0.0,8,12745,1,37,376,30.517222222222223,18,23,0.10810810810810811,37,0.047872340425531915,289.1242105263158,6.0,35.333333333333336,84.33333333333333,1.0,0.5,3.3333333333333335,3.0,0.5,4.613684210526316,0.0,0.0,0.0,,False,0.0,True
A-4ae22a,Company_229,EdTech,US,2024-05-09,other,Pro,6,False,True,0.648870636550308,2024H1,6-15,7,1,532.0,0.0,0.0,0.0,0.5714285714285714,0.8571428571428571,6.0,0.42857142857142855,6,3860,0,35,369,39.551944444444445,31,24,0.17142857142857143,33,0.08401084010840108,568.6803797468355,3.0,14.333333333333334,72.66666666666667,0.0,0.3333333333333333,3.0,3.0,0.6666666666666666,4.6234177215189876,1.0,0.0,0.0,2024-07-20,True,1.5411392405063291,True
A-fda07f,Company_230,Cybersecurity,FR,2024-08-11,partner,Basic,7,False,False,0.3915126625598905,2024H2,6-15,12,0,563.5,0.16666666666666666,0.3333333333333333,0.08333333333333333,0.6666666666666666,0.8333333333333334,16.0,0.4166666666666667,12,28418,2,65,681,64.27111111111111,39,31,0.06153846153846154,62,0.05726872246696035,1739.4073426573427,5.0,17.8,57.0,0.0,0.6,4.0,3.0,0.4,12.770979020979022,1.0,0.0,17.34,2024-09-13,True,2.554195804195804,False
A-de24d5,Company_231,DevTools,US,2024-11-05,other,Enterprise,5,True,False,0.15605749486652978,2024H2,1-5,13,1,980.0,0.15384615384615385,0.0,0.0,0.5384615384615384,0.9230769230769231,13.0,0.46153846153846156,12,17554,1,53,537,38.96277777777778,28,29,0.11320754716981132,52,0.0521415270018622,3441.0394736842104,7.0,43.142857142857146,103.42857142857143,0.0,0.42857142857142855,3.0,3.0,0.7142857142857143,44.85526315789473,0.0,0.0,0.0,,False,0.0,True
A-977ca0,Company_232,HealthTech,IN,2023-02-20,partner,Basic,6,False,True,1.864476386036961,2023H1,6-15,16,2,437.0,0.25,0.0625,0.0,0.3125,0.8125,15.5,0.1875,14,29255,3,85,893,67.46111111111111,46,38,0.15294117647058825,80,0.051511758118701005,478.95484581497794,3.0,64.0,123.0,0.0,0.6666666666666666,4.0,4.0,0.6666666666666666,1.6090308370044053,0.0,0.0,0.0,,False,0.0,True
A-ab438f,Company_233,Cybersecurity,US,2024-09-13,ads,Enterprise,13,False,True,0.30116358658453113,2024H2,6-15,8,3,1612.0,0.375,0.125,0.0,0.5,0.75,25.5,0.5,5,11144,1,36,369,30.95888888888889,12,25,0.08333333333333333,36,0.032520325203252036,1225.2477272727274,2.0,33.5,112.5,0.0,1.0,3.5,3.0,0.0,6.6409090909090915,1.0,0.0,0.0,2024-12-02,True,3.3204545454545458,True
A-e89151,Company_234,FinTech,UK,2023-09-14,organic,Pro,8,True,True,1.3004791238877482,2023H2,6-15,9,2,1592.0,0.0,0.3333333333333333,0.0,0.3333333333333333,0.7777777777777778,20.0,0.5555555555555556,7,19762,0,58,601,52.440555555555555,29,30,0.22413793103448276,54,0.048252911813643926,462.1373684210526,2.0,41.5,48.5,0.0,0.0,5.0,5.0,0.5,1.5378947368421052,0.0,0.0,0.0,,False,0.0,True
A-40906c,Company_235,EdTech,US,2024-03-27,ads,Basic,92,False,False,0.7665982203969883,2024H1,31+,12,0,4508.0,0.16666666666666666,0.0,0.0,0.5,0.8333333333333334,92.0,0.25,12,64400,2,63,685,58.40083333333333,32,32,0.1111111111111111,59,0.04671532846715328,893.5580357142858,5.0,29.2,95.0,0.0,0.2,3.75,3.0,0.2,6.522321428571429,0.0,0.0,0.0,,False,0.0,False
A-81edc3,Company_236,Cybersecurity,IN,2023-10-30,ads,Basic,5,False,False,1.1745379876796715,2023H2,1-5,12,0,938.5,0.08333333333333333,0.16666666666666666,0.0,0.25,0.6666666666666666,9.5,0.5,12,17524,4,74,765,68.07777777777778,41,33,0.14864864864864866,72,0.05359477124183006,651.31993006993,3.0,52.666666666666664,70.0,0.0,1.0,4.0,3.0,0.3333333333333333,2.554195804195804,3.0,0.0,10.91,2024-03-03,True,2.554195804195804,False
A-328bd0,Company_237,HealthTech,AU,2023-05-16,partner,Enterprise,18,False,False,1.6317590691307324,2023H1,16-30,13,2,882.0,0.07692307692307693,0.07692307692307693,0.07692307692307693,0.46153846153846156,0.7692307692307693,18.0,0.15384615384615385,11,13726,3,61,568,45.05833333333333,49,30,0.08196721311475409,59,0.08626760563380281,348.09060402684565,5.0,46.0,68.2,0.0,0.4,3.6666666666666665,3.0,0.4,3.064177852348993,0.0,0.0,0.0,,False,0.0,True
A-b3fe05,Company_238,Cybersecurity,CA,2024-05-28,partner,Pro,8,False,False,0.5968514715947981,2024H1,6-15,9,1,392.0,0.2222222222222222,0.0,0.0,0.3333333333333333,0.8888888888888888,17.0,0.3333333333333333,8,24102,1,43,438,39.43388888888889,18,29,0.18604651162790697,43,0.0410958904109589,733.8509174311927,4.0,48.25,94.25,0.0,1.0,3.0,3.0,0.5,6.70183486238532,0.0,0.0,0.0,,False,0.0,True
A-09540c,Company_239,Cybersecurity,CA,2023-10-30,event,Basic,67,True,False,1.1745379876796715,2023H2,31+,6,1,2278.0,0.0,0.16666666666666666,0.16666666666666666,0.3333333333333333,0.8333333333333334,67.0,0.16666666666666666,5,22445,1,28,297,26.304444444444446,16,20,0.10714285714285714,28,0.05387205387205387,252.86538461538458,2.0,28.0,89.0,0.0,0.5,4.5,4.0,0.0,1.7027972027972027,1.0,0.0,71.44,2024-03-05,True,0.8513986013986014,True
A-e693b6,Company_240,FinTech,AU,2023-05-25,event,Enterprise,55,False,True,1.6071184120465434,2023H1,31+,12,2,1045.0,0.25,0.08333333333333333,0.0,0.5833333333333334,0.9166666666666666,55.0,0.4166666666666667,10,30415,1,61,681,57.26861111111111,25,31,0.06557377049180328,58,0.03671071953010279,423.73977853492335,1.0,1.0,144.0,0.0,1.0,3.0,3.0,0.0,0.6222316865417377,1.0,0.0,0.0,2024-10-10,True,0.6222316865417377,True
A-2446e3,Company_241,EdTech,IN,2024-01-10,organic,Pro,27,False,False,0.9774127310061602,2024H1,16-30,7,0,5373.0,0.14285714285714285,0.14285714285714285,0.14285714285714285,0.42857142857142855,0.5714285714285714,27.0,0.5714285714285714,7,24138,3,48,496,41.95472222222222,32,28,0.10416666666666667,44,0.06451612903225806,507.4621848739495,3.0,28.666666666666668,104.66666666666667,0.0,0.3333333333333333,4.0,3.0,0.0,3.0693277310924367,2.0,1.0,81.93,2024-07-20,True,2.046218487394958,False
A-241e75,Company_242,EdTech,US,2024-07-03,partner,Enterprise,3,False,False,0.49828884325804246,2024H2,1-5,5,0,342.0,0.0,0.0,0.2,0.6,0.8,14.0,0.0,5,3594,1,28,266,27.849166666666665,20,17,0.07142857142857142,27,0.07518796992481203,533.8269230769231,4.0,31.5,101.0,0.0,0.25,4.5,4.0,0.5,8.027472527472527,2.0,0.0,0.0,2024-10-11,True,4.013736263736264,False
A-922109,Company_243,Cybersecurity,US,2024-01-26,ads,Pro,3,False,False,0.9336071184120466,2024H1,1-5,13,1,392.0,0.23076923076923078,0.0,0.0,0.3076923076923077,0.7692307692307693,8.0,0.3076923076923077,12,13677,2,79,819,76.24,34,35,0.05063291139240506,75,0.04151404151404151,877.2426686217009,3.0,25.333333333333332,127.0,0.0,0.3333333333333333,3.0,3.0,0.6666666666666666,3.213343108504399,2.0,0.0,0.0,2024-08-03,True,2.1422287390029324,True
A-ff3c73,Company_244,HealthTech,AU,2023-01-26,other,Pro,21,False,False,1.9329226557152634,2023H1,16-30,9,1,399.0,0.3333333333333333,0.1111111111111111,0.0,0.7777777777777778,0.7777777777777778,21.0,0.2222222222222222,8,4335,2,40,408,39.996944444444445,23,29,0.125,38,0.056372549019607844,211.07932011331445,2.0,35.5,97.5,0.0,0.5,3.5,3.0,0.0,1.0347025495750708,2.0,0.0,2.42,2023-12-09,True,1.0347025495750708,True
A-8b0451,Company_245,FinTech,UK,2024-09-16,event,Enterprise,41,False,False,0.2929500342231348,2024H2,31+,10,1,1394.0,0.1,0.0,0.0,0.5,0.8,41.0,0.3,9,23550,2,60,606,49.425,45,32,0.1,55,0.07425742574257425,2068.6121495327106,7.0,26.571428571428573,83.71428571428571,0.0,0.7142857142857143,3.5,3.0,0.42857142857142855,23.894859813084114,1.0,0.0,0.0,2024-12-29,True,3.4135514018691593,True
A-331424,Company_246,DevTools,US,2023-11-06,organic,Basic,11,False,False,1.1553730321697468,2023H2,6-15,6,1,1199.0,0.3333333333333333,0.0,0.0,0.5,0.5,11.0,0.5,5,6567,2,20,214,21.158333333333335,9,17,0.15,20,0.04205607476635514,185.22156398104264,2.0,24.5,98.5,0.0,0.0,,,1.0,1.7310426540284358,1.0,0.0,0.0,2024-02-21,True,0.8655213270142179,True
A-51ec1b,Company_247,DevTools,US,2023-11-08,ads,Enterprise,7,False,False,1.1498973305954825,2023H2,6-15,6,2,1393.0,0.0,0.5,0.3333333333333333,0.5,0.8333333333333334,14.0,0.6666666666666666,4,8567,1,28,283,30.878333333333334,12,19,0.10714285714285714,27,0.04240282685512368,246.10892857142858,3.0,52.333333333333336,150.0,1.0,0.3333333333333333,5.0,5.0,0.3333333333333333,2.6089285714285717,1.0,1.0,0.0,2023-12-09,True,0.8696428571428572,True
A-bcf664,Company_248,DevTools,US,2023-05-19,other,Pro,5,False,False,1.623545516769336,2023H1,1-5,13,1,1045.0,0.15384615384615385,0.0,0.0,0.46153846153846156,1.0,13.0,0.23076923076923078,12,11340,0,56,575,50.53333333333333,28,31,0.08928571428571429,54,0.04869565217391304,354.1631534569983,5.0,36.0,110.6,1.0,0.8,4.0,3.0,0.4,3.0796795952782463,3.0,2.0,75.32,2024-08-08,True,1.8478077571669478,True
A-90a8c8,Company_249,FinTech,AU,2024-08-24,organic,Pro,15,False,False,0.35592060232717315,2024H2,6-15,7,0,1568.0,0.14285714285714285,0.2857142857142857,0.0,0.5714285714285714,0.7142857142857143,23.0,0.42857142857142855,7,26514,2,41,404,35.41277777777778,20,23,0.0975609756097561,39,0.04950495049504951,1135.0846153846155,4.0,45.0,29.5,0.0,0.5,3.25,3.0,0.0,11.23846153846154,1.0,0.0,0.0,2024-08-29,True,2.809615384615385,False
A-86cdb4,Company_250,DevTools,DE,2024-09-22,partner,Basic,2,False,False,0.27652292950034224,2024H2,1-5,9,2,323.0,0.1111111111111111,0.0,0.0,0.4444444444444444,1.0,8.0,0.1111111111111111,7,3006,0,49,492,46.45166666666667,24,27,0.12244897959183673,48,0.04878048780487805,1779.2376237623762,5.0,26.4,105.8,0.0,0.8,4.333333333333333,3.0,0.4,18.081683168316832,0.0,0.0,0.0,,False,0.0,True
A-4bfa33,Company_251,Cybersecurity,US,2024-12-07,event,Basic,8,True,False,0.06844626967830253,2024H2,6-15,7,1,392.0,0.14285714285714285,0.0,0.0,0.42857142857142855,0.8571428571428571,12.0,0.14285714285714285,6,5165,0,36,329,21.734444444444446,17,23,0.16666666666666666,34,0.05167173252279635,4806.6900000000005,4.0,16.5,84.75,0.0,0.75,3.6666666666666665,3.0,0.25,58.440000000000005,3.0,0.0,99.76,2024-12-08,True,43.830000000000005,True
A-dbc825,Company_252,EdTech,FR,2024-01-07,partner,Enterprise,19,False,False,0.9856262833675564,2024H1,16-30,16,4,931.0,0.0625,0.125,0.0,0.625,0.875,19.0,0.375,12,25702,1,72,730,59.11138888888889,58,34,0.1111111111111111,68,0.07945205479452055,740.6458333333334,6.0,49.5,108.16666666666667,1.0,0.5,4.0,3.0,0.6666666666666666,6.0875,2.0,0.0,0.0,2024-01-14,True,2.029166666666667,True
A-c70870,Company_253,Cybersecurity,US,2024-10-22,partner,Basic,31,False,False,0.1943874058863792,2024H2,31+,7,0,589.0,0.42857142857142855,0.2857142857142857,0.14285714285714285,0.5714285714285714,1.0,31.0,0.14285714285714285,7,39614,0,34,334,29.538333333333334,18,23,0.11764705882352941,34,0.05389221556886228,1718.2183098591547,5.0,35.6,105.8,0.0,0.2,4.0,3.0,0.4,25.721830985915492,1.0,0.0,0.0,2024-12-13,True,5.144366197183098,False
A-7c4956,Company_254,DevTools,US,2023-05-06,ads,Enterprise,5,False,True,1.6591375770020533,2023H1,1-5,8,3,306.0,0.25,0.0,0.0,0.5,0.75,9.0,0.25,5,3314,1,45,475,36.02972222222222,40,27,0.13333333333333333,44,0.08421052631578947,286.29331683168317,3.0,13.666666666666666,66.66666666666667,0.0,0.6666666666666666,4.0,4.0,0.6666666666666666,1.8081683168316833,0.0,0.0,0.0,,False,0.0,True
A-0651a4,Company_255,HealthTech,FR,2024-10-16,organic,Pro,16,False,False,0.2108145106091718,2024H2,16-30,15,1,784.0,0.2,0.0,0.0,0.6666666666666666,0.8666666666666667,16.0,0.5333333333333333,14,44564,2,69,705,55.95166666666667,37,34,0.11594202898550725,67,0.0524822695035461,3344.1720779220777,4.0,29.25,48.5,0.0,1.0,4.0,3.0,0.5,18.974025974025974,2.0,0.0,0.0,2024-11-22,True,9.487012987012987,True
A-3ce5b8,Company_256,FinTech,IN,2023-09-07,ads,Basic,8,False,True,1.319644079397673,2023H2,6-15,9,0,703.0,0.2222222222222222,0.0,0.0,0.5555555555555556,1.0,14.0,0.3333333333333333,9,16650,0,50,509,41.056111111111115,29,29,0.1,50,0.05697445972495088,385.7100622406639,10.0,42.5,101.8,0.0,0.6,3.7142857142857144,3.0,0.3,7.577800829875518,1.0,0.0,261.49,2024-09-18,True,0.7577800829875518,False
A-bd4708,Company_257,FinTech,US,2024-07-21,ads,Pro,37,True,False,0.4490075290896646,2024H2,31+,13,0,1813.0,0.3076923076923077,0.07692307692307693,0.0,0.7692307692307693,0.6923076923076923,37.0,0.38461538461538464,13,38975,4,64,653,56.0825,30,33,0.109375,63,0.045941807044410414,1454.3185975609756,4.0,24.0,90.75,0.0,0.5,3.5,3.0,0.5,8.908536585365853,0.0,0.0,0.0,,False,0.0,False
A-993085,Company_258,HealthTech,US,2023-06-01,ads,Basic,31,True,False,1.5879534565366187,2023H1,31+,15,1,1519.0,0.06666666666666667,0.13333333333333333,0.13333333333333333,0.4666666666666667,0.8,31.0,0.4,14,40098,2,70,665,60.00416666666667,50,33,0.1,64,0.07518796992481203,418.7780172413793,4.0,46.5,82.0,0.0,0.25,3.5,3.0,0.5,2.5189655172413796,2.0,0.0,0.0,2023-09-20,True,1.2594827586206898,True
A-92a3af,Company_259,Cybersecurity,IN,2024-07-07,organic,Enterprise,25,False,False,0.487337440109514,2024H2,16-30,11,0,1666.0,0.0,0.0,0.18181818181818182,0.45454545454545453,0.6363636363636364,27.0,0.36363636363636365,11,34538,4,67,714,60.60805555555555,55,35,0.11940298507462686,65,0.07703081232492998,1465.1039325842696,4.0,57.5,39.0,1.0,0.25,4.0,3.0,0.5,8.207865168539326,0.0,0.0,0.0,,False,0.0,False
A-151c9a,Company_260,FinTech,US,2023-01-27,ads,Enterprise,23,False,False,1.9301848049281314,2023H1,16-30,5,0,2548.0,0.0,0.0,0.2,0.4,0.8,23.0,0.4,5,14250,1,34,366,33.585277777777776,14,28,0.029411764705882353,34,0.03825136612021858,189.6191489361702,2.0,31.0,156.5,0.0,0.5,3.5,3.0,0.0,1.0361702127659576,1.0,0.0,35.6,2023-11-04,True,0.5180851063829788,False
A-474ad4,Company_261,EdTech,US,2023-11-28,organic,Basic,8,False,False,1.0951403148528405,2023H2,6-15,15,2,392.0,0.26666666666666666,0.06666666666666667,0.06666666666666667,0.5333333333333333,0.6666666666666666,10.0,0.3333333333333333,13,10533,5,64,605,50.93194444444445,45,34,0.09375,57,0.0743801652892562,552.4406250000001,3.0,33.0,50.666666666666664,1.0,0.3333333333333333,5.0,5.0,0.6666666666666666,2.7393750000000003,0.0,0.0,0.0,,False,0.0,True
A-4ef964,Company_262,HealthTech,US,2024-03-07,organic,Pro,17,False,False,0.8213552361396304,2024H1,16-30,9,1,833.0,0.1111111111111111,0.0,0.0,0.3333333333333333,0.6666666666666666,17.0,0.2222222222222222,8,13557,3,49,487,41.850833333333334,33,31,0.12244897959183673,49,0.06776180698151951,592.9225,3.0,42.666666666666664,86.33333333333333,0.0,0.3333333333333333,4.0,3.0,0.3333333333333333,3.6525000000000003,1.0,0.0,0.0,2024-06-19,True,1.2175,True
A-fd9422,Company_263,Cybersecurity,US,2024-04-04,organic,Pro,58,False,False,0.7446954140999316,2024H1,31+,9,1,1102.0,0.4444444444444444,0.1111111111111111,0.1111111111111111,0.5555555555555556,0.7777777777777778,58.0,0.4444444444444444,8,27028,1,44,456,39.80916666666667,21,27,0.11363636363636363,43,0.046052631578947366,612.3308823529412,6.0,44.333333333333336,116.83333333333333,1.0,0.5,3.5,3.0,0.0,8.056985294117647,0.0,0.0,0.0,,False,0.0,True
A-0baac2,Company_264,FinTech,DE,2024-05-30,organic,Enterprise,14,False,True,0.5913757700205339,2024H1,6-15,6,2,2786.0,0.0,0.0,0.0,0.6666666666666666,1.0,24.0,0.6666666666666666,4,9943,0,21,202,20.3225,9,19,0.0,21,0.04455445544554455,341.5763888888889,6.0,43.5,89.0,0.0,0.6666666666666666,4.333333333333333,3.0,0.5,10.145833333333334,4.0,0.0,99.38000000000001,2024-07-15,True,6.763888888888889,True
A-bb1486,Company_265,HealthTech,US,2024-11-05,organic,Basic,41,False,False,0.15605749486652978,2024H2,31+,8,1,2009.0,0.0,0.0,0.25,0.5,0.75,41.0,0.0,7,15528,1,42,405,33.040277777777774,36,24,0.11904761904761904,41,0.08888888888888889,2595.1973684210525,3.0,11.0,78.0,0.0,0.6666666666666666,3.0,3.0,0.6666666666666666,19.223684210526315,2.0,1.0,0.0,2024-11-21,True,12.81578947368421,True
A-560d27,Company_266,DevTools,US,2024-05-05,organic,Pro,23,False,False,0.6598220396988365,2024H1,16-30,12,1,782.0,0.25,0.08333333333333333,0.0,0.5,0.5833333333333334,23.0,0.5833333333333334,11,37064,4,59,587,51.56,38,27,0.1016949152542373,57,0.06473594548551959,889.6338174273858,4.0,30.75,59.75,0.0,0.0,3.6666666666666665,3.0,0.25,6.062240663900415,0.0,0.0,0.0,,False,0.0,True
A-0b0d6d,Company_267,DevTools,US,2024-12-30,organic,Pro,3,False,False,0.0054757015742642025,2024H2,1-5,13,2,882.0,0.0,0.07692307692307693,0.0,0.5384615384615384,1.0,18.0,0.3076923076923077,11,30429,0,62,582,45.11416666666667,48,32,0.14516129032258066,61,0.08247422680412371,106287.75,5.0,31.4,90.4,1.0,0.6,4.0,3.0,0.6,913.125,1.0,0.0,0.0,2024-12-31,True,182.625,True
A-2789e3,Company_268,FinTech,US,2024-09-14,partner,Enterprise,11,False,False,0.29842573579739906,2024H2,6-15,12,0,374.0,0.16666666666666666,0.08333333333333333,0.08333333333333333,0.5,0.8333333333333334,11.0,0.4166666666666667,12,24489,2,65,680,57.18805555555556,45,33,0.09230769230769231,62,0.0661764705882353,2278.623853211009,4.0,47.25,83.25,0.0,0.0,4.0,4.0,0.25,13.40366972477064,0.0,0.0,0.0,,False,0.0,False
A-b07346,Company_269,HealthTech,US,2024-10-10,partner,Pro,51,False,True,0.2272416153319644,2024H2,31+,5,0,10149.0,0.2,0.2,0.0,0.8,0.6,51.0,0.8,5,31416,2,33,326,29.70638888888889,22,23,0.12121212121212122,33,0.06748466257668712,1434.5963855421687,3.0,42.333333333333336,76.66666666666667,0.0,0.6666666666666666,3.5,3.0,0.3333333333333333,13.201807228915662,1.0,0.0,0.0,2024-11-12,True,4.400602409638554,False
A-902ef7,Company_270,HealthTech,US,2024-09-03,other,Enterprise,83,False,True,0.32854209445585214,2024H2,31+,8,0,2822.0,0.25,0.25,0.0,0.75,1.0,83.0,0.25,8,44322,0,40,414,40.52166666666667,24,31,0.125,39,0.057971014492753624,1260.1125,2.0,48.5,85.0,0.0,1.0,4.0,4.0,0.5,6.0875,1.0,0.0,0.0,2024-09-26,True,3.04375,False
A-20736a,Company_271,EdTech,IN,2024-03-16,organic,Enterprise,50,False,False,0.7967145790554415,2024H1,31+,7,0,2989.0,0.14285714285714285,0.14285714285714285,0.14285714285714285,0.42857142857142855,1.0,50.0,0.5714285714285714,7,40525,0,42,430,30.113333333333333,22,22,0.11904761904761904,40,0.05116279069767442,539.7164948453608,4.0,42.25,78.25,0.0,0.75,3.75,3.0,0.0,5.020618556701031,1.0,0.0,64.98,2024-03-19,True,1.2551546391752577,False
A-e4bf56,Company_272,HealthTech,IN,2024-10-28,ads,Pro,17,False,True,0.17796030116358658,2024H2,16-30,7,1,1715.0,0.0,0.0,0.14285714285714285,0.14285714285714285,0.5714285714285714,19.0,0.42857142857142855,6,11563,3,33,339,32.08,10,25,0.030303030303030304,33,0.029498525073746312,1904.9192307692308,8.0,29.125,111.5,0.0,0.75,3.6666666666666665,3.0,0.25,44.95384615384616,0.0,0.0,0.0,,False,0.0,True
A-cea1f0,Company_273,FinTech,US,2024-04-07,event,Pro,8,False,True,0.7364818617385352,2024H1,6-15,10,0,433.5,0.2,0.1,0.1,0.8,0.4,11.0,0.3,10,12244,6,56,586,44.77444444444444,28,28,0.16071428571428573,54,0.04778156996587031,795.6747211895911,5.0,42.2,107.4,0.0,0.6,4.333333333333333,4.0,0.4,6.7890334572490705,0.0,0.0,0.0,,False,0.0,False
A-ef84cf,Company_274,EdTech,US,2024-03-01,partner,Enterprise,8,False,False,0.837782340862423,2024H1,6-15,5,1,152.0,0.2,0.0,0.2,0.6,0.6,8.0,0.4,4,7355,1,28,309,27.894444444444446,11,21,0.10714285714285714,28,0.03559870550161812,368.83088235294116,5.0,34.8,79.4,1.0,0.4,4.333333333333333,4.0,0.4,5.968137254901961,3.0,2.0,18.81,2024-08-14,True,3.5808823529411766,True
A-d49cc5,Company_275,Cybersecurity,FR,2023-09-19,event,Basic,50,False,False,1.2867898699520877,2023H2,31+,8,0,950.0,0.0,0.0,0.0,0.5,0.875,50.0,0.0,8,13325,1,41,436,39.70361111111111,34,27,0.12195121951219512,39,0.0779816513761468,338.82765957446804,4.0,32.0,55.25,0.0,0.5,4.5,4.0,0.5,3.108510638297872,1.0,0.0,0.0,2024-04-12,True,0.777127659574468,False
A-67be94,Company_276,EdTech,US,2023-04-04,organic,Enterprise,26,False,False,1.7467488021902806,2023H1,16-30,7,1,1178.0,0.0,0.14285714285714285,0.0,0.2857142857142857,0.8571428571428571,37.0,0.2857142857142857,6,14567,0,42,416,35.3325,17,26,0.07142857142857142,41,0.040865384615384616,238.15673981191222,5.0,38.6,51.0,0.0,1.0,4.0,3.0,0.6,2.862460815047022,2.0,0.0,88.27,2024-05-28,True,1.1449843260188088,True
A-4e960a,Company_277,FinTech,US,2024-01-17,other,Enterprise,12,True,True,0.9582477754962354,2024H1,6-15,12,0,408.0,0.16666666666666666,0.0,0.08333333333333333,0.4166666666666667,0.9166666666666666,12.0,0.3333333333333333,12,23942,1,49,512,42.761944444444445,21,29,0.10204081632653061,47,0.041015625,534.3085714285714,6.0,29.166666666666668,83.16666666666667,0.0,0.5,4.0,3.0,0.5,6.261428571428572,0.0,0.0,0.0,,False,0.0,False
A-c37cab,Company_278,Cybersecurity,UK,2024-07-29,event,Pro,13,False,False,0.4271047227926078,2024H2,6-15,12,2,603.5,0.25,0.08333333333333333,0.08333333333333333,0.3333333333333333,0.9166666666666666,16.5,0.3333333333333333,10,9931,1,70,708,56.47472222222222,40,32,0.2,68,0.05649717514124294,1657.673076923077,4.0,33.0,101.25,1.0,0.5,3.75,3.0,0.0,9.365384615384615,2.0,0.0,4.03,2024-10-27,True,4.6826923076923075,True
A-533452,Company_279,DevTools,AU,2024-11-12,organic,Pro,9,False,False,0.13689253935660506,2024H2,6-15,11,1,1225.0,0.09090909090909091,0.09090909090909091,0.18181818181818182,0.45454545454545453,0.9090909090909091,15.0,0.36363636363636365,10,20223,1,63,595,47.97944444444445,44,32,0.15873015873015872,62,0.07394957983193277,4346.475,4.0,32.75,35.5,0.0,0.5,4.0,3.0,0.5,29.220000000000002,4.0,1.0,147.54999999999998,2024-11-17,True,29.220000000000002,True
A-443b7c,Company_280,Cybersecurity,US,2024-09-06,other,Enterprise,1,False,True,0.3203285420944558,2024H2,1-5,16,2,284.0,0.1875,0.25,0.0,0.375,0.8125,15.0,0.125,14,23739,1,63,618,54.1775,29,28,0.12698412698412698,59,0.04692556634304207,1929.269230769231,8.0,29.25,49.0,0.0,0.75,4.4,3.0,0.375,24.974358974358978,0.0,0.0,0.0,,False,0.0,True
A-1f7acb,Company_281,FinTech,UK,2023-08-06,ads,Basic,64,True,False,1.4072553045859,2023H2,31+,8,0,3136.0,0.125,0.125,0.375,0.625,0.75,64.0,0.375,8,46912,2,53,510,45.574444444444445,47,26,0.1320754716981132,53,0.09215686274509804,362.40758754863816,7.0,41.714285714285715,129.57142857142858,0.0,0.5714285714285714,4.4,3.0,0.2857142857142857,4.974221789883269,0.0,0.0,0.0,,False,0.0,False
A-f51f16,Company_282,HealthTech,US,2023-12-25,partner,Enterprise,1,False,False,1.0212183436002737,2023H2,1-5,8,1,266.0,0.125,0.25,0.0,0.625,0.875,7.0,0.375,7,13261,0,37,384,40.58138888888889,28,25,0.08108108108108109,37,0.07291666666666667,376.02144772117964,4.0,29.25,91.0,0.0,0.75,3.0,3.0,0.5,3.9168900804289546,2.0,0.0,0.0,2024-07-07,True,1.9584450402144773,True
A-5a3eb9,Company_283,DevTools,CA,2023-08-20,other,Enterprise,18,True,False,1.3689253935660506,2023H2,16-30,13,1,882.0,0.0,0.0,0.15384615384615385,0.8461538461538461,0.8461538461538461,21.0,0.15384615384615385,12,19411,2,69,722,60.24444444444445,34,34,0.10144927536231885,64,0.04709141274238227,527.421,3.0,24.0,83.0,0.0,0.6666666666666666,,,1.0,2.1915,3.0,0.0,58.37,2024-04-14,True,2.1915,True
A-5f2961,Company_284,HealthTech,US,2024-11-22,partner,Basic,4,False,False,0.10951403148528405,2024H2,1-5,7,0,1176.0,0.0,0.0,0.0,0.5714285714285714,0.8571428571428571,16.0,0.42857142857142855,7,10299,1,36,348,28.6175,19,22,0.05555555555555555,36,0.05459770114942529,3177.675,1.0,53.0,19.0,0.0,1.0,,,1.0,9.13125,1.0,0.0,6.6,2024-11-28,True,9.13125,False
A-417d2f,Company_285,Cybersecurity,IN,2023-07-04,partner,Pro,4,True,False,1.4976043805612593,2023H2,1-5,16,1,670.0,0.125,0.0625,0.0,0.5,0.8125,14.0,0.25,15,17759,3,71,722,57.33361111111111,31,37,0.11267605633802817,71,0.04293628808864266,482.10329067641686,6.0,43.5,80.5,0.0,0.6666666666666666,4.333333333333333,4.0,0.5,4.006398537477148,1.0,0.0,0.0,2024-12-30,True,0.6677330895795247,True
A-e98302,Company_286,EdTech,US,2023-12-26,ads,Enterprise,16,True,False,1.0184804928131417,2023H2,16-30,6,1,1004.5,0.0,0.0,0.0,1.0,0.8333333333333334,28.5,0.16666666666666666,5,9725,1,30,273,24.653055555555557,18,21,0.1,27,0.06593406593406594,268.04637096774195,9.0,44.44444444444444,99.44444444444444,0.0,0.5555555555555556,4.142857142857143,4.0,0.2222222222222222,8.836693548387096,0.0,0.0,0.0,,False,0.0,True
A-8bde0c,Company_287,DevTools,US,2024-11-04,organic,Basic,12,False,False,0.15879534565366188,2024H2,6-15,18,2,1083.0,0.05555555555555555,0.1111111111111111,0.0,0.4444444444444444,0.8333333333333334,17.0,0.3333333333333333,16,32385,3,80,773,66.91888888888889,43,34,0.075,78,0.055627425614489,4867.900862068966,3.0,25.666666666666668,86.33333333333333,0.0,0.3333333333333333,4.0,4.0,0.3333333333333333,18.892241379310345,2.0,0.0,0.0,2024-11-28,True,12.594827586206897,True
A-bcf87c,Company_288,FinTech,US,2024-06-27,event,Pro,10,False,True,0.5147159479808351,2024H1,6-15,11,2,1029.0,0.09090909090909091,0.0,0.09090909090909091,0.45454545454545453,0.7272727272727273,17.0,0.45454545454545453,9,13611,2,54,503,40.99722222222222,19,26,0.12962962962962962,53,0.03777335984095427,977.2380319148936,2.0,63.0,49.5,0.0,0.0,4.0,3.0,0.0,3.8856382978723403,0.0,0.0,0.0,,False,0.0,True
A-54ecc2,Company_289,Cybersecurity,US,2023-06-11,partner,Enterprise,4,False,False,1.5605749486652978,2023H1,1-5,11,0,343.0,0.09090909090909091,0.0,0.09090909090909091,0.45454545454545453,0.9090909090909091,7.0,0.45454545454545453,11,16168,1,56,607,50.971666666666664,39,28,0.10714285714285714,54,0.0642504118616145,388.95921052631576,5.0,37.4,72.0,0.0,0.4,5.0,5.0,0.6,3.2039473684210527,3.0,0.0,0.0,2024-09-12,True,1.9223684210526315,False
A-625d0b,Company_290,EdTech,AU,2024-09-02,ads,Basic,9,False,False,0.33127994524298426,2024H2,6-15,11,1,833.0,0.18181818181818182,0.0,0.0,0.45454545454545453,0.9090909090909091,10.0,0.2727272727272727,10,9903,1,54,529,39.3025,38,32,0.1111111111111111,54,0.07183364839319471,1596.8367768595042,5.0,48.4,72.4,0.0,0.6,3.0,3.0,0.8,15.09297520661157,0.0,0.0,0.0,,False,0.0,True
A-fce879,Company_291,EdTech,UK,2024-09-24,partner,Pro,10,True,True,0.27104722792607805,2024H2,6-15,5,0,627.0,0.2,0.0,0.2,0.6,1.0,21.0,0.4,5,6797,0,27,299,27.427777777777777,14,25,0.037037037037037035,27,0.046822742474916385,1103.1287878787878,2.0,28.0,61.5,0.0,0.5,4.0,3.0,0.0,7.378787878787878,2.0,0.0,0.0,2024-10-07,True,7.378787878787878,False
A-b07b56,Company_292,DevTools,US,2024-11-08,event,Pro,25,False,True,0.14784394250513347,2024H2,16-30,15,1,1225.0,0.2,0.0,0.0,0.4666666666666667,0.8,25.0,0.13333333333333333,14,16984,3,64,633,51.51722222222222,39,32,0.140625,60,0.061611374407582936,4281.541666666667,4.0,31.25,93.75,0.0,1.0,3.0,3.0,0.75,27.055555555555557,1.0,0.0,0.0,2024-12-24,True,6.763888888888889,True
A-6da850,Company_293,FinTech,IN,2023-10-07,organic,Pro,5,False,False,1.2375085557837098,2023H2,1-5,16,3,293.5,0.25,0.1875,0.0625,0.4375,0.75,15.0,0.25,13,16534,3,70,714,51.769444444444446,54,30,0.11428571428571428,67,0.07563025210084033,576.9657079646017,5.0,49.0,76.4,0.0,0.4,4.0,4.0,0.8,4.040376106194691,3.0,0.0,0.0,2024-01-15,True,2.4242256637168142,True
A-342303,Company_294,EdTech,US,2024-03-16,other,Pro,1,True,False,0.7967145790554415,2024H1,1-5,3,0,323.0,0.3333333333333333,0.0,0.0,0.6666666666666666,1.0,17.0,0.3333333333333333,3,1695,0,15,141,6.4302777777777775,5,12,0.06666666666666667,15,0.03546099290780142,176.97680412371133,3.0,29.333333333333332,71.33333333333333,0.0,0.6666666666666666,4.5,4.0,0.3333333333333333,3.765463917525773,1.0,0.0,0.0,2024-03-20,True,1.2551546391752577,False
A-e7a1e2,Company_295,Cybersecurity,US,2024-06-23,event,Enterprise,3,False,False,0.5256673511293635,2024H1,1-5,12,1,816.0,0.16666666666666666,0.0,0.0,0.5833333333333334,0.8333333333333334,12.0,0.5833333333333334,11,19047,2,68,703,61.36888888888889,36,36,0.04411764705882353,67,0.051209103840682786,1337.34765625,1.0,45.0,37.0,0.0,0.0,4.0,4.0,0.0,1.90234375,3.0,1.0,6.2,2024-09-08,True,5.70703125,True
A-f1f639,Company_296,EdTech,US,2023-02-26,ads,Basic,2,False,False,1.8480492813141685,2023H1,1-5,4,0,545.0,0.0,0.25,0.0,0.0,1.0,5.0,0.5,4,2919,0,14,139,11.971388888888889,10,12,0.2857142857142857,13,0.07194244604316546,75.21444444444444,7.0,20.0,67.57142857142857,0.0,0.5714285714285714,4.8,4.0,0.2857142857142857,3.7877777777777775,2.0,1.0,0.0,2023-10-18,True,1.0822222222222222,False
A-a865bd,Company_297,Cybersecurity,US,2023-09-19,organic,Pro,38,False,False,1.2867898699520877,2023H2,31+,5,0,2744.0,0.0,0.0,0.0,0.4,0.6,38.0,0.4,5,21022,2,24,230,16.7,13,19,0.125,23,0.05652173913043478,178.73936170212764,2.0,31.5,21.5,0.0,0.5,3.0,3.0,0.5,1.554255319148936,2.0,0.0,0.0,2023-11-26,True,1.554255319148936,False
A-4e631b,Company_298,FinTech,US,2024-03-16,other,Enterprise,22,False,False,0.7967145790554415,2024H1,16-30,11,0,418.0,0.09090909090909091,0.09090909090909091,0.09090909090909091,0.45454545454545453,0.7272727272727273,22.0,0.36363636363636365,11,24398,3,49,502,42.96333333333333,29,32,0.08163265306122448,46,0.05776892430278884,630.0876288659794,2.0,24.5,52.0,0.0,0.5,4.0,4.0,0.5,2.5103092783505154,0.0,0.0,0.0,,False,0.0,False
A-7f6b86,Company_299,HealthTech,US,2023-08-24,partner,Basic,45,True,True,1.3579739904175223,2023H2,31+,9,1,855.0,0.3333333333333333,0.3333333333333333,0.0,0.7777777777777778,0.7777777777777778,45.0,0.2222222222222222,8,17197,2,41,420,40.06916666666667,14,27,0.07317073170731707,41,0.03333333333333333,309.28427419354836,7.0,40.42857142857143,96.57142857142857,0.0,0.8571428571428571,3.6666666666666665,3.0,0.5714285714285714,5.154737903225806,1.0,0.0,5.27,2024-07-10,True,0.736391129032258,True
A-8adedc,Company_300,EdTech,US,2024-02-11,event,Basic,4,True,True,0.8898015058179329,2024H1,1-5,14,2,389.5,0.21428571428571427,0.0,0.0,0.6428571428571429,0.9285714285714286,17.5,0.5,12,13801,1,61,583,46.110277777777775,33,32,0.08196721311475409,60,0.05660377358490566,655.2023076923077,4.0,49.25,56.75,0.0,0.25,4.0,4.0,0.75,4.495384615384616,0.0,0.0,0.0,,False,0.0,True
A-2edab2,Company_301,HealthTech,US,2023-11-17,event,Enterprise,17,False,False,1.1252566735112937,2023H2,16-30,10,1,833.0,0.0,0.1,0.0,0.5,0.9,17.0,0.2,9,10557,1,47,487,44.66777777777778,26,28,0.10638297872340426,44,0.053388090349075976,432.79014598540147,4.0,30.0,102.25,0.0,0.25,3.0,3.0,0.75,3.554744525547445,2.0,0.0,168.73,2023-12-21,True,1.7773722627737225,True
A-149a69,Company_302,DevTools,US,2024-10-17,event,Basic,34,False,False,0.2080766598220397,2024H2,31+,3,0,646.0,0.0,0.0,0.0,0.3333333333333333,0.3333333333333333,34.0,0.3333333333333333,3,8058,2,18,208,16.63722222222222,9,18,0.05555555555555555,18,0.04326923076923077,999.6315789473683,8.0,33.875,120.875,0.0,0.625,4.2,3.0,0.375,38.44736842105263,1.0,0.0,0.0,2024-12-04,True,4.805921052631579,False
A-a6d261,Company_303,FinTech,CA,2023-11-29,other,Pro,9,False,False,1.0924024640657084,2023H2,6-15,14,1,1093.0,0.07142857142857142,0.21428571428571427,0.0,0.42857142857142855,0.9285714285714286,13.5,0.42857142857142855,13,17694,1,63,627,52.56527777777778,29,36,0.09523809523809523,61,0.046251993620414676,573.9642857142858,4.0,40.0,63.25,1.0,0.25,4.666666666666667,4.0,0.25,3.661654135338346,1.0,0.0,99.94,2024-03-10,True,0.9154135338345865,True
A-443f6f,Company_304,Cybersecurity,US,2024-12-07,organic,Basic,19,False,False,0.06844626967830253,2024H2,16-30,9,1,931.0,0.0,0.1111111111111111,0.0,0.5555555555555556,0.7777777777777778,19.0,0.2222222222222222,8,12663,2,56,527,43.930277777777775,28,31,0.07142857142857142,56,0.05313092979127135,7699.47,4.0,28.0,122.25,0.0,0.5,4.666666666666667,4.0,0.25,58.440000000000005,0.0,0.0,0.0,,False,0.0,True
A-202b67,Company_305,HealthTech,US,2024-03-22,organic,Pro,11,False,False,0.7802874743326489,2024H1,6-15,9,1,539.0,0.0,0.1111111111111111,0.0,0.3333333333333333,0.8888888888888888,11.0,0.3333333333333333,8,15979,1,46,447,30.698333333333334,40,29,0.10869565217391304,45,0.0894854586129754,572.8657894736842,4.0,36.75,90.5,0.0,0.75,4.666666666666667,4.0,0.25,5.126315789473684,2.0,0.0,78.87,2024-03-30,True,2.563157894736842,True
A-00bed1,Company_306,Cybersecurity,US,2023-11-14,ads,Basic,28,True,False,1.1334702258726899,2023H2,16-30,10,0,1568.0,0.1,0.3,0.0,0.6,0.9,28.0,0.5,10,33506,1,51,514,39.92611111111111,27,32,0.0392156862745098,49,0.05252918287937743,453.47463768115944,4.0,31.75,106.25,0.0,1.0,4.0,4.0,0.75,3.528985507246377,1.0,0.0,21.17,2024-01-03,True,0.8822463768115942,False
A-ffc04f,Company_307,EdTech,US,2024-06-06,ads,Pro,13,False,False,0.5722108145106092,2024H1,6-15,15,2,980.0,0.2,0.0,0.06666666666666667,0.3333333333333333,0.5333333333333333,13.0,0.3333333333333333,13,17393,7,86,857,77.04083333333334,64,37,0.08139534883720931,83,0.07467911318553092,1497.6997607655503,7.0,17.714285714285715,58.57142857142857,1.0,0.42857142857142855,4.5,4.0,0.42857142857142855,12.233253588516746,1.0,0.0,0.0,2024-08-03,True,1.7476076555023923,True
A-65c341,Company_308,FinTech,US,2023-12-26,ads,Pro,11,True,False,1.0184804928131417,2023H2,6-15,8,2,2050.0,0.125,0.0,0.0,0.625,1.0,14.0,0.5,6,22466,0,38,410,40.852222222222224,18,25,0.10526315789473684,35,0.04390243902439024,402.56048387096774,5.0,41.4,87.8,0.0,0.8,4.0,4.0,0.8,4.909274193548387,2.0,0.0,0.0,2024-03-07,True,1.9637096774193548,True
A-dcc2f0,Company_309,FinTech,UK,2023-07-22,organic,Basic,15,False,False,1.4483230663928817,2023H2,6-15,15,1,735.0,0.13333333333333333,0.13333333333333333,0.0,0.6,0.8666666666666667,15.0,0.3333333333333333,14,16758,2,76,833,67.69416666666666,26,35,0.10526315789473684,72,0.031212484993997598,575.1479206049149,2.0,27.0,100.0,0.0,0.5,,,1.0,1.3809073724007561,1.0,0.0,0.0,2024-04-10,True,0.6904536862003781,True
A-ced9aa,Company_310,DevTools,US,2024-10-05,other,Enterprise,3,False,False,0.24093086926762491,2024H2,1-5,11,2,418.0,0.0,0.0,0.0,0.5454545454545454,1.0,5.0,0.45454545454545453,9,4697,0,55,531,46.38055555555555,39,33,0.09090909090909091,52,0.07344632768361582,2203.9517045454545,7.0,28.857142857142858,102.85714285714286,0.0,0.2857142857142857,3.0,3.0,0.8571428571428571,29.053977272727273,0.0,0.0,0.0,,False,0.0,True
A-3d957b,Company_311,HealthTech,UK,2024-04-04,other,Pro,14,False,False,0.7446954140999316,2024H1,6-15,6,1,2103.5,0.0,0.5,0.0,0.16666666666666666,0.6666666666666666,14.0,0.5,5,9066,2,15,143,12.13861111111111,13,13,0.2,15,0.09090909090909091,192.02481617647058,3.0,41.333333333333336,79.33333333333333,0.0,1.0,3.0,3.0,0.6666666666666666,4.028492647058823,1.0,0.0,0.0,2024-05-05,True,1.3428308823529411,True
A-89ee83,Company_312,Cybersecurity,US,2024-10-04,organic,Pro,1,False,True,0.243668720054757,2024H2,1-5,11,2,722.0,0.0,0.2727272727272727,0.0,0.36363636363636365,1.0,18.0,0.45454545454545453,9,20140,0,59,565,47.95166666666667,26,28,0.1016949152542373,55,0.04601769911504425,2318.7219101123596,5.0,21.8,66.2,1.0,0.4,4.0,4.0,0.4,20.519662921348313,0.0,0.0,0.0,,False,0.0,True
A-883b7d,Company_313,Cybersecurity,IN,2024-03-28,other,Basic,17,False,False,0.7638603696098563,2024H1,16-30,12,1,1745.5,0.16666666666666666,0.0,0.0,0.6666666666666666,0.75,29.0,0.4166666666666667,11,28515,3,66,644,52.64277777777778,40,35,0.10606060606060606,62,0.062111801242236024,843.0860215053764,7.0,25.571428571428573,62.285714285714285,1.0,0.7142857142857143,3.6,3.0,0.2857142857142857,9.163978494623656,0.0,0.0,0.0,,False,0.0,True
A-dcc3f1,Company_314,HealthTech,US,2023-12-27,event,Pro,21,False,False,1.0157426420260096,2023H2,16-30,8,0,446.5,0.125,0.0,0.125,0.5,0.75,21.0,0.375,8,12747,2,48,500,38.321666666666665,32,31,0.125,47,0.064,492.2506738544474,9.0,35.666666666666664,83.44444444444444,0.0,0.6666666666666666,3.8,3.0,0.4444444444444444,8.860512129380053,2.0,0.0,0.0,2024-07-16,True,1.9690026954177897,False
A-c62e55,Company_315,EdTech,US,2023-02-08,partner,Basic,1,True,False,1.8973305954825461,2023H1,1-5,9,0,1176.0,0.0,0.1111111111111111,0.0,0.6666666666666666,0.7777777777777778,17.0,0.1111111111111111,9,11902,2,32,337,24.179166666666667,13,24,0.1875,32,0.03857566765578635,177.61796536796538,4.0,27.5,101.25,0.0,0.5,4.0,3.0,0.25,2.1082251082251084,0.0,0.0,0.0,,False,0.0,False
A-e4144b,Company_316,EdTech,UK,2024-10-22,other,Pro,41,False,False,0.1943874058863792,2024H2,31+,10,0,1394.0,0.4,0.1,0.0,0.7,0.8,41.0,0.6,10,35424,2,43,439,37.054722222222225,21,26,0.11627906976744186,43,0.04783599088838269,2258.3767605633802,3.0,57.0,172.33333333333334,0.0,0.6666666666666666,4.0,4.0,0.3333333333333333,15.433098591549294,0.0,0.0,0.0,,False,0.0,False
A-e40f45,Company_317,HealthTech,US,2024-04-18,organic,Pro,21,False,False,0.7063655030800822,2024H1,16-30,7,1,513.0,0.14285714285714285,0.42857142857142855,0.0,0.2857142857142857,0.8571428571428571,21.0,0.2857142857142857,6,11426,0,45,401,34.153888888888886,26,29,0.1111111111111111,45,0.06483790523690773,567.6947674418604,7.0,26.714285714285715,96.28571428571429,0.0,0.5714285714285714,4.333333333333333,3.0,0.5714285714285714,9.909883720930232,1.0,0.0,101.23,2024-11-09,True,1.4156976744186045,True
A-96215d,Company_318,FinTech,US,2024-08-08,event,Enterprise,10,False,False,0.3997262149212868,2024H2,6-15,6,0,1509.5,0.0,0.16666666666666666,0.0,0.5,0.5,15.0,0.5,6,10312,3,32,347,29.011666666666667,21,20,0.15625,29,0.06051873198847262,868.0941780821918,1.0,25.0,115.0,0.0,1.0,3.0,3.0,0.0,2.5017123287671232,0.0,0.0,0.0,,False,0.0,False
A-2b9d3e,Company_319,EdTech,US,2023-06-04,partner,Enterprise,1,False,False,1.5797399041752225,2023H1,1-5,9,0,532.0,0.1111111111111111,0.1111111111111111,0.0,0.5555555555555556,0.8888888888888888,11.0,0.3333333333333333,9,5142,1,45,444,39.60805555555555,19,26,0.1111111111111111,43,0.04279279279279279,281.0589254766031,3.0,34.666666666666664,79.33333333333333,0.0,0.6666666666666666,5.0,5.0,0.6666666666666666,1.899046793760832,0.0,0.0,0.0,,False,0.0,False
A-b7724f,Company_320,HealthTech,UK,2023-03-28,organic,Basic,1,False,False,1.7659137577002053,2023H1,1-5,8,3,218.5,0.0,0.0,0.0,0.375,0.875,11.5,0.0,5,2774,0,38,380,25.903055555555557,16,28,0.05263157894736842,37,0.042105263157894736,215.18604651162792,3.0,28.666666666666668,92.0,0.0,0.3333333333333333,3.0,3.0,0.3333333333333333,1.6988372093023256,3.0,1.0,242.55,2023-08-25,True,1.6988372093023256,True
A-310452,Company_321,DevTools,FR,2024-12-25,other,Enterprise,9,False,False,0.019164955509924708,2024H2,6-15,5,0,441.0,0.2,0.0,0.0,0.8,0.8,9.0,0.2,5,11003,1,25,268,18.216944444444444,16,20,0.16,23,0.05970149253731343,13983.857142857143,5.0,34.2,113.6,0.0,0.2,3.6,3.0,0.0,260.89285714285717,2.0,0.0,0.0,2024-12-25,True,104.35714285714286,False
A-eb1312,Company_322,FinTech,US,2024-09-16,partner,Pro,25,False,False,0.2929500342231348,2024H2,16-30,12,1,1011.5,0.0,0.08333333333333333,0.0,0.4166666666666667,0.8333333333333334,25.0,0.16666666666666666,11,17672,2,65,663,52.235277777777775,38,31,0.06153846153846154,60,0.05731523378582202,2263.1845794392525,1.0,68.0,117.0,0.0,0.0,5.0,5.0,0.0,3.4135514018691593,2.0,0.0,0.0,2024-09-28,True,6.827102803738319,True
A-df1e44,Company_323,Cybersecurity,UK,2024-02-23,organic,Enterprise,12,False,False,0.8569472963723477,2024H1,6-15,11,1,588.0,0.18181818181818182,0.09090909090909091,0.09090909090909091,0.5454545454545454,0.7272727272727273,12.0,0.36363636363636365,10,10719,3,42,420,34.00888888888889,14,25,0.11904761904761904,42,0.03333333333333333,490.111821086262,2.0,53.0,109.5,0.0,0.5,5.0,5.0,0.5,2.3338658146964857,2.0,0.0,0.0,2024-10-17,True,2.3338658146964857,True
A-6a7c9d,Company_324,Cybersecurity,US,2024-10-24,organic,Enterprise,26,False,True,0.188911704312115,2024H2,16-30,5,1,1274.0,0.0,0.0,0.0,0.4,1.0,26.0,0.4,4,12135,0,19,189,18.057222222222222,6,15,0.05263157894736842,19,0.031746031746031744,1000.4673913043479,3.0,34.333333333333336,60.0,0.0,0.6666666666666666,4.0,3.0,0.3333333333333333,15.880434782608695,2.0,0.0,178.84,2024-11-15,True,10.58695652173913,True
A-cbd1a3,Company_325,DevTools,US,2024-11-25,other,Basic,6,False,True,0.10130047912388775,2024H2,6-15,10,0,948.5,0.1,0.2,0.0,0.5,0.8,15.0,0.6,10,16351,2,45,465,35.780277777777776,32,29,0.06666666666666667,44,0.06881720430107527,4590.304054054054,4.0,34.5,81.75,0.0,0.25,4.0,4.0,0.5,39.486486486486484,0.0,0.0,0.0,,False,0.0,False
A-a8d89d,Company_326,EdTech,US,2023-12-08,ads,Pro,13,False,False,1.0677618069815196,2023H2,6-15,12,0,651.0,0.08333333333333333,0.16666666666666666,0.0,0.3333333333333333,0.9166666666666666,13.5,0.3333333333333333,12,29320,1,54,551,47.49055555555555,26,32,0.09259259259259259,54,0.047186932849364795,516.0326923076923,2.0,44.5,139.0,0.0,0.0,5.0,5.0,0.5,1.8730769230769229,2.0,0.0,0.0,2024-01-18,True,1.8730769230769229,False
A-600734,Company_327,DevTools,US,2023-11-14,organic,Pro,29,True,True,1.1334702258726899,2023H2,16-30,13,2,1421.0,0.07692307692307693,0.15384615384615385,0.0,0.46153846153846156,0.7692307692307693,29.0,0.15384615384615385,11,16711,3,69,660,52.79888888888889,30,33,0.15942028985507245,67,0.045454545454545456,582.2826086956522,7.0,52.57142857142857,89.42857142857143,1.0,0.7142857142857143,3.6666666666666665,3.0,0.5714285714285714,6.17572463768116,0.0,0.0,0.0,,False,0.0,True
A-86fc1d,Company_328,DevTools,UK,2024-07-26,partner,Basic,26,False,False,0.4353182751540041,2024H2,16-30,9,2,494.0,0.3333333333333333,0.3333333333333333,0.0,0.1111111111111111,0.8888888888888888,26.0,0.4444444444444444,7,14687,1,37,363,30.863333333333333,26,26,0.08108108108108109,37,0.07162534435261708,833.872641509434,5.0,27.0,59.2,0.0,1.0,4.0,3.0,0.6,11.485849056603774,1.0,0.0,0.0,2024-08-12,True,2.297169811320755,True
A-78f02b,Company_329,HealthTech,US,2024-11-17,event,Enterprise,11,False,False,0.12320328542094455,2024H2,6-15,4,0,2885.5,0.0,0.25,0.0,0.75,0.75,14.5,0.5,4,15081,1,20,211,17.319166666666668,16,17,0.15,20,0.07582938388625593,1712.6166666666668,4.0,45.75,55.0,0.0,0.25,4.0,3.0,0.25,32.46666666666667,2.0,0.0,0.0,2024-12-02,True,16.233333333333334,False
A-acb7f7,Company_330,EdTech,US,2024-01-06,ads,Basic,32,False,False,0.9883641341546886,2024H1,31+,12,0,1568.0,0.16666666666666666,0.16666666666666666,0.08333333333333333,0.4166666666666667,0.8333333333333334,32.0,0.3333333333333333,12,32574,2,62,612,49.06333333333333,36,33,0.16129032258064516,59,0.058823529411764705,619.2049861495844,3.0,41.0,91.0,0.0,0.3333333333333333,3.5,3.0,0.3333333333333333,3.0353185595567864,1.0,0.0,0.0,2024-03-21,True,1.0117728531855956,False
A-712f1c,Company_331,DevTools,US,2023-12-16,ads,Basic,17,False,True,1.0458590006844628,2023H2,16-30,12,1,1372.0,0.08333333333333333,0.16666666666666666,0.0,0.5,0.8333333333333334,21.0,0.4166666666666667,11,39616,2,68,631,50.361666666666665,34,32,0.07352941176470588,67,0.05388272583201268,603.3318062827225,6.0,41.666666666666664,88.83333333333333,0.0,0.5,4.0,3.0,0.3333333333333333,5.736910994764397,1.0,0.0,68.99,2024-10-24,True,0.9561518324607329,True
A-3793ee,Company_332,Cybersecurity,CA,2023-03-21,organic,Enterprise,49,True,False,1.78507871321013,2023H1,31+,7,1,2401.0,0.2857142857142857,0.14285714285714285,0.14285714285714285,0.2857142857142857,0.8571428571428571,49.0,0.5714285714285714,6,24304,1,38,352,27.05027777777778,11,25,0.02631578947368421,37,0.03125,197.19018404907976,4.0,43.75,100.25,0.0,0.25,4.0,4.0,0.75,2.2407975460122698,1.0,0.0,0.0,2023-06-16,True,0.5601993865030674,True
A-9a532a,Company_333,HealthTech,US,2024-07-06,partner,Enterprise,11,False,False,0.49007529089664614,2024H2,6-15,4,0,2189.0,0.25,0.0,0.0,0.25,1.0,22.0,0.75,4,10945,0,18,185,20.99861111111111,15,16,0.2222222222222222,18,0.08108108108108109,377.49301675977654,2.0,57.5,128.5,0.0,0.5,,,1.0,4.081005586592179,0.0,0.0,0.0,,False,0.0,False
A-2ebb4b,Company_334,HealthTech,US,2023-05-15,ads,Basic,41,False,False,1.6344969199178645,2023H1,31+,10,1,2009.0,0.2,0.1,0.0,0.3,1.0,41.0,0.2,9,28679,0,50,488,39.861666666666665,33,27,0.14,49,0.06762295081967214,298.56281407035175,2.0,43.5,136.5,0.0,0.5,3.0,3.0,0.0,1.2236180904522613,3.0,1.0,0.0,2023-08-04,True,1.835427135678392,True
A-6843f2,Company_335,HealthTech,CA,2024-12-10,ads,Enterprise,21,False,False,0.06023271731690623,2024H2,16-30,9,0,1029.0,0.1111111111111111,0.0,0.1111111111111111,0.3333333333333333,1.0,21.0,0.3333333333333333,9,16520,0,46,481,35.117777777777775,17,24,0.06521739130434782,44,0.035343035343035345,7985.693181818182,2.0,36.5,78.0,0.0,0.5,3.0,3.0,0.0,33.20454545454545,0.0,0.0,0.0,,False,0.0,False
A-c9bb3e,Company_336,EdTech,US,2024-03-24,ads,Pro,5,False,False,0.7748117727583846,2024H1,1-5,10,1,492.0,0.1,0.1,0.0,0.5,0.9,16.5,0.3,9,13502,1,46,474,47.5425,20,27,0.043478260869565216,43,0.04219409282700422,611.76148409894,7.0,27.714285714285715,86.14285714285714,1.0,0.7142857142857143,4.2,4.0,0.2857142857142857,9.034452296819788,2.0,0.0,0.0,2024-07-29,True,2.581272084805654,True
A-4814a3,Company_337,Cybersecurity,IN,2024-09-17,event,Basic,87,False,True,0.29021218343600275,2024H2,31+,11,1,4263.0,0.18181818181818182,0.18181818181818182,0.09090909090909091,0.18181818181818182,0.7272727272727273,87.0,0.45454545454545453,10,70644,3,60,587,46.87972222222222,45,35,0.11666666666666667,58,0.07666098807495741,2022.6580188679245,4.0,18.75,97.0,1.0,0.5,4.0,4.0,0.75,13.783018867924527,1.0,0.0,0.0,2024-11-25,True,3.445754716981132,True
A-b7b7b7,Company_338,FinTech,US,2024-06-30,event,Basic,24,False,True,0.5065023956194388,2024H1,16-30,12,0,1176.0,0.16666666666666666,0.08333333333333333,0.0,0.5,0.9166666666666666,24.0,0.25,12,28558,1,55,571,46.21944444444444,26,31,0.10909090909090909,54,0.04553415061295972,1127.339189189189,3.0,17.0,99.0,0.0,0.0,5.0,5.0,0.3333333333333333,5.922972972972973,0.0,0.0,0.0,,False,0.0,False
A-ccc747,Company_339,HealthTech,FR,2024-01-12,event,Pro,16,False,True,0.971937029431896,2024H1,16-30,6,1,784.0,0.16666666666666666,0.3333333333333333,0.0,0.6666666666666666,0.3333333333333333,16.0,0.16666666666666666,5,3685,4,30,284,24.88388888888889,13,23,0.1,30,0.045774647887323945,292.2,4.0,32.25,83.25,1.0,0.25,5.0,5.0,0.75,4.115492957746479,3.0,0.0,104.25,2024-04-15,True,3.086619718309859,True
A-bb3bd4,Company_340,HealthTech,US,2024-01-27,ads,Basic,23,False,False,0.9308692676249144,2024H1,16-30,7,0,437.0,0.14285714285714285,0.2857142857142857,0.0,0.7142857142857143,1.0,23.0,0.2857142857142857,7,7452,0,30,315,26.0025,11,18,0.03333333333333333,29,0.03492063492063492,338.3933823529412,11.0,32.72727272727273,106.36363636363636,0.0,0.45454545454545453,4.142857142857143,3.0,0.36363636363636365,11.816911764705884,2.0,0.0,0.0,2024-05-30,True,2.148529411764706,False
A-09316c,Company_341,FinTech,AU,2024-09-11,organic,Enterprise,70,False,False,0.3066392881587953,2024H2,31+,11,0,3430.0,0.09090909090909091,0.18181818181818182,0.0,0.5454545454545454,0.9090909090909091,70.0,0.36363636363636365,11,70000,1,54,566,41.51694444444445,31,28,0.09259259259259259,54,0.054770318021201414,1845.8169642857144,4.0,54.75,106.25,1.0,0.25,3.75,3.0,0.0,13.044642857142858,1.0,0.0,0.0,2024-12-05,True,3.2611607142857144,False
A-96bbc6,Company_342,Cybersecurity,US,2024-05-07,organic,Enterprise,39,False,False,0.6543463381245722,2024H1,31+,8,0,1911.0,0.0,0.375,0.125,0.625,0.875,39.0,0.25,8,30426,1,49,482,42.44611111111111,25,30,0.10204081632653061,47,0.05186721991701245,736.6129707112971,3.0,51.333333333333336,67.0,0.0,0.3333333333333333,3.3333333333333335,3.0,0.0,4.584728033472803,3.0,1.0,125.6,2024-06-24,True,4.584728033472803,False
A-bc4d48,Company_343,EdTech,US,2024-06-12,ads,Pro,35,True,False,0.5557837097878165,2024H1,31+,7,0,665.0,0.14285714285714285,0.14285714285714285,0.0,0.7142857142857143,0.5714285714285714,35.0,0.14285714285714285,7,12390,3,32,321,24.830833333333334,9,24,0.03125,30,0.028037383177570093,577.5628078817734,6.0,41.166666666666664,65.83333333333333,1.0,0.6666666666666666,4.2,3.0,0.16666666666666666,10.795566502463055,0.0,0.0,0.0,,False,0.0,False
A-b30291,Company_344,HealthTech,US,2024-04-05,event,Basic,5,True,True,0.7419575633127995,2024H1,1-5,10,1,95.0,0.3,0.0,0.0,0.3,1.0,9.0,0.1,9,5375,0,48,519,44.74916666666667,31,26,0.16666666666666666,47,0.05973025048169557,699.500922509225,1.0,16.0,1.0,0.0,1.0,,,1.0,1.3477859778597785,1.0,0.0,277.54,2024-09-03,True,1.3477859778597785,True
A-cdf020,Company_345,DevTools,AU,2023-08-16,organic,Pro,23,False,False,1.379876796714579,2023H2,16-30,8,3,2033.5,0.125,0.25,0.0,0.5,0.75,27.0,0.25,5,9771,1,40,379,33.20055555555555,18,25,0.1,39,0.047493403693931395,274.66220238095235,4.0,29.5,39.25,0.0,0.5,4.0,3.0,0.25,2.8988095238095237,2.0,1.0,105.26,2023-12-08,True,1.4494047619047619,True
A-e6afc1,Company_346,DevTools,US,2023-02-24,ads,Pro,1,False,False,1.8535249828884326,2023H1,1-5,11,0,342.0,0.18181818181818182,0.0,0.0,0.36363636363636365,0.8181818181818182,18.0,0.18181818181818182,11,22582,2,71,679,54.524166666666666,30,32,0.08450704225352113,67,0.044182621502209134,366.3290251107829,0.0,,,0.0,,,,,0.0,0.0,0.0,0.0,,False,0.0,False
A-e3bd71,Company_347,Cybersecurity,US,2023-03-25,partner,Basic,31,False,False,1.7741273100616017,2023H1,31+,11,1,6169.0,0.09090909090909091,0.09090909090909091,0.09090909090909091,0.45454545454545453,0.7272727272727273,31.0,0.5454545454545454,10,35461,3,61,638,51.95111111111111,27,32,0.04918032786885246,60,0.04231974921630094,359.6134259259259,4.0,30.25,119.0,0.0,0.5,4.0,3.0,0.5,2.2546296296296293,1.0,0.0,0.0,2023-12-30,True,0.5636574074074073,True
A-b179bf,Company_348,Cybersecurity,IN,2024-10-27,ads,Basic,43,False,False,0.1806981519507187,2024H2,31+,5,0,817.0,0.4,0.0,0.0,0.6,1.0,43.0,0.4,5,17931,0,39,398,30.793055555555554,18,23,0.1282051282051282,37,0.04522613065326633,2202.5681818181815,6.0,24.666666666666668,94.33333333333333,0.0,0.6666666666666666,4.0,4.0,0.8333333333333334,33.20454545454545,3.0,0.0,0.0,2024-10-31,True,16.602272727272727,False
A-098560,Company_349,DevTools,UK,2023-10-21,ads,Enterprise,1,False,True,1.1991786447638604,2023H2,1-5,11,1,597.0,0.09090909090909091,0.09090909090909091,0.0,0.36363636363636365,0.7272727272727273,23.0,0.2727272727272727,10,11775,3,55,567,48.41722222222222,32,32,0.14545454545454545,54,0.0564373897707231,472.8236301369863,2.0,28.0,100.0,1.0,0.5,3.0,3.0,0.0,1.667808219178082,2.0,0.0,34.35,2024-05-30,True,1.667808219178082,True
A-82861f,Company_350,DevTools,UK,2024-04-25,organic,Basic,41,False,False,0.6872005475701575,2024H1,31+,10,3,2131.5,0.0,0.0,0.0,0.5,0.8,41.0,0.4,7,32686,2,50,462,36.353611111111114,43,28,0.08,48,0.09307359307359307,672.2928286852589,5.0,24.4,55.0,0.0,0.4,3.2,3.0,0.0,7.275896414342629,1.0,0.0,0.0,2024-05-17,True,1.4551792828685257,True
A-94c3cd,Company_351,FinTech,CA,2023-09-20,other,Enterprise,32,False,False,1.2840520191649556,2023H2,31+,6,0,427.5,0.5,0.0,0.0,0.5,0.6666666666666666,32.0,0.5,6,9036,2,31,306,28.94361111111111,18,18,0.12903225806451613,30,0.058823529411764705,238.30810234541576,4.0,44.75,116.5,1.0,0.5,3.5,3.0,0.5,3.115138592750533,0.0,0.0,0.0,,False,0.0,False
A-a33200,Company_352,HealthTech,US,2024-09-15,partner,Basic,29,False,False,0.29568788501026694,2024H2,16-30,12,1,1421.0,0.0,0.08333333333333333,0.0,0.5833333333333334,0.75,29.0,0.25,11,23142,3,55,517,41.94361111111111,26,33,0.09090909090909091,53,0.05029013539651837,1748.4652777777778,3.0,36.333333333333336,88.33333333333333,0.0,0.3333333333333333,4.5,4.0,0.3333333333333333,10.145833333333334,1.0,0.0,21.61,2024-10-07,True,3.3819444444444446,True
A-034368,Company_353,EdTech,US,2023-11-05,event,Enterprise,19,False,False,1.158110882956879,2023H2,16-30,5,0,551.0,0.2,0.0,0.0,0.2,0.8,26.0,0.4,5,11194,1,28,265,22.33972222222222,25,20,0.14285714285714285,27,0.09433962264150944,228.8209219858156,5.0,41.2,91.8,0.0,0.4,4.0,3.0,0.6,4.317375886524823,1.0,0.0,0.0,2024-08-29,True,0.8634751773049645,False
A-b54c01,Company_354,DevTools,US,2024-09-29,event,Enterprise,29,False,False,0.25735797399041754,2024H2,16-30,4,0,986.0,0.25,0.0,0.0,0.75,0.75,29.0,0.0,4,3393,1,23,226,18.048055555555557,17,15,0.13043478260869565,21,0.0752212389380531,878.1542553191489,5.0,42.6,77.2,0.0,0.2,3.0,3.0,0.6,19.4281914893617,1.0,0.0,0.0,2024-10-23,True,3.8856382978723403,False
A-d82ef9,Company_355,EdTech,UK,2024-07-02,other,Basic,26,False,True,0.5010266940451745,2024H2,16-30,14,1,494.0,0.35714285714285715,0.07142857142857142,0.14285714285714285,0.6428571428571429,0.6428571428571429,26.0,0.14285714285714285,13,13320,5,68,679,53.895,46,32,0.07352941176470588,64,0.06774668630338733,1355.217213114754,5.0,39.8,91.6,1.0,0.6,4.25,4.0,0.2,9.979508196721312,1.0,0.0,74.94,2024-08-06,True,1.9959016393442623,True
A-bb2f49,Company_356,Cybersecurity,US,2023-05-28,other,Pro,8,False,False,1.5989048596851472,2023H1,6-15,11,1,1372.0,0.09090909090909091,0.18181818181818182,0.09090909090909091,0.36363636363636365,0.9090909090909091,16.0,0.18181818181818182,10,23990,1,60,618,52.797222222222224,42,31,0.03333333333333333,60,0.06796116504854369,386.51455479452056,3.0,22.333333333333332,102.33333333333333,0.0,0.6666666666666666,4.0,4.0,0.3333333333333333,1.8762842465753424,0.0,0.0,0.0,,False,0.0,True
A-1f559b,Company_357,HealthTech,US,2023-09-04,organic,Enterprise,5,True,True,1.3278576317590691,2023H2,1-5,10,2,446.0,0.0,0.0,0.1,0.4,0.6,14.5,0.1,8,10350,3,40,400,32.57416666666666,27,29,0.1,37,0.0675,301.2371134020619,5.0,50.4,116.2,0.0,0.8,4.2,4.0,0.0,3.765463917525773,1.0,0.0,0.0,2024-09-28,True,0.7530927835051546,True
A-5a215a,Company_358,EdTech,FR,2024-01-05,other,Enterprise,87,False,False,0.9911019849418207,2024H1,31+,18,6,4263.0,0.2222222222222222,0.1111111111111111,0.0,0.5,0.8333333333333334,87.0,0.3888888888888889,12,69687,2,80,807,75.4588888888889,71,32,0.1,73,0.08798017348203221,814.2451657458564,4.0,29.5,38.0,0.0,0.5,4.0,3.0,0.25,4.035911602209945,0.0,0.0,0.0,,False,0.0,True
A-3f9cc0,Company_359,HealthTech,US,2024-06-03,event,Basic,22,False,False,0.5804243668720055,2024H1,16-30,7,0,4378.0,0.14285714285714285,0.14285714285714285,0.2857142857142857,0.42857142857142855,0.7142857142857143,22.0,0.5714285714285714,7,19940,2,42,407,34.533611111111114,24,25,0.0,42,0.05896805896805897,701.2110849056603,5.0,34.8,112.6,1.0,0.6,4.5,4.0,0.6,8.61438679245283,3.0,1.0,0.0,2024-07-18,True,5.168632075471698,False
A-f9cc74,Company_360,DevTools,FR,2024-10-12,partner,Enterprise,30,True,False,0.22176591375770022,2024H2,16-30,10,1,570.0,0.4,0.1,0.0,0.3,0.8,30.0,0.4,9,14550,2,50,484,36.340555555555554,22,30,0.14,49,0.045454545454545456,2182.4814814814813,6.0,49.833333333333336,118.33333333333333,0.0,0.0,4.0,3.0,0.16666666666666666,27.055555555555554,0.0,0.0,0.0,,False,0.0,True
A-ed510f,Company_361,Cybersecurity,IN,2023-01-17,partner,Basic,42,False,False,1.9575633127994525,2023H1,31+,10,1,2058.0,0.1,0.2,0.0,0.7,0.7,42.0,0.4,9,35364,2,49,493,44.65111111111111,28,27,0.10204081632653061,48,0.056795131845841784,251.84370629370628,9.0,44.55555555555556,82.55555555555556,0.0,0.4444444444444444,4.0,3.0,0.5555555555555556,4.597552447552447,1.0,0.0,0.0,2023-05-05,True,0.5108391608391608,True
A-5c9849,Company_362,EdTech,IN,2024-11-03,partner,Basic,19,False,False,0.16153319644079397,2024H2,16-30,9,1,931.0,0.3333333333333333,0.2222222222222222,0.0,0.1111111111111111,0.7777777777777778,19.0,0.6666666666666666,8,18646,2,46,473,42.07861111111111,23,30,0.043478260869565216,44,0.048625792811839326,2928.1906779661017,4.0,59.5,41.0,1.0,0.5,,,1.0,24.76271186440678,1.0,0.0,0.0,2024-11-13,True,6.190677966101695,True
A-a7bd4b,Company_363,Cybersecurity,US,2023-02-15,ads,Enterprise,5,False,False,1.8781656399726214,2023H1,1-5,11,3,342.0,0.18181818181818182,0.18181818181818182,0.0,0.5454545454545454,0.8181818181818182,9.0,0.18181818181818182,8,5102,1,55,576,46.32555555555555,37,29,0.09090909090909091,53,0.0642361111111111,306.6822157434402,6.0,36.833333333333336,86.16666666666667,0.0,0.6666666666666666,3.25,3.0,0.3333333333333333,3.194606413994169,1.0,0.0,0.0,2024-10-15,True,0.5324344023323615,True
A-d4ac0e,Company_364,DevTools,UK,2024-04-20,ads,Basic,18,False,False,0.7008898015058179,2024H1,16-30,19,1,882.0,0.10526315789473684,0.15789473684210525,0.0,0.5789473684210527,0.8947368421052632,21.0,0.2631578947368421,18,27215,2,80,793,68.2275,53,38,0.1125,76,0.06683480453972257,1131.4189453125,4.0,21.0,34.0,0.0,0.5,3.5,3.0,0.5,5.70703125,0.0,0.0,0.0,,False,0.0,True
A-ffdfd5,Company_365,EdTech,US,2024-04-13,organic,Basic,3,False,True,0.7200547570157426,2024H1,1-5,10,1,554.5,0.2,0.1,0.0,0.5,0.8,12.5,0.4,9,14175,2,52,529,38.780277777777776,28,29,0.07692307692307693,51,0.052930056710775046,734.6663498098859,0.0,,,0.0,,,,,0.0,1.0,0.0,0.0,2024-08-08,True,1.3887832699619773,True
A-0dbdc6,Company_366,Cybersecurity,DE,2023-02-12,other,Pro,30,False,True,1.8863791923340179,2023H1,16-30,9,0,1470.0,0.1111111111111111,0.0,0.0,0.4444444444444444,0.8888888888888888,30.0,0.3333333333333333,9,28273,1,52,512,43.085277777777776,31,32,0.11538461538461539,51,0.060546875,271.41944847605225,4.0,47.0,95.25,0.0,0.25,5.0,5.0,0.75,2.1204644412191582,2.0,0.0,175.02,2023-11-26,True,1.0602322206095791,False
A-7cfe77,Company_367,DevTools,US,2024-07-10,ads,Pro,69,False,False,0.4791238877481177,2024H2,31+,5,0,3381.0,0.0,0.2,0.2,0.6,1.0,69.0,0.0,5,12765,0,19,205,15.995,11,16,0.05263157894736842,19,0.05365853658536585,427.86428571428576,7.0,30.714285714285715,105.57142857142857,0.0,0.42857142857142855,3.5,3.0,0.42857142857142855,14.610000000000001,2.0,0.0,0.0,2024-09-09,True,4.174285714285714,False
A-1f0636,Company_368,EdTech,AU,2024-01-01,partner,Pro,105,False,False,1.002053388090349,2024H1,31+,11,1,1995.0,0.2727272727272727,0.2727272727272727,0.0,0.8181818181818182,0.8181818181818182,105.0,0.36363636363636365,10,94710,2,68,685,58.922222222222224,30,32,0.058823529411764705,67,0.043795620437956206,683.5963114754098,2.0,38.5,75.0,0.0,1.0,3.5,3.0,0.0,1.9959016393442623,0.0,0.0,0.0,,False,0.0,True
A-40de06,Company_369,Cybersecurity,US,2023-05-08,event,Enterprise,28,False,True,1.6536618754277892,2023H1,16-30,16,2,1372.0,0.125,0.125,0.0625,0.625,0.8125,28.0,0.25,14,21918,3,91,902,74.27777777777777,43,37,0.15384615384615385,84,0.04767184035476718,545.4561258278146,3.0,40.333333333333336,67.66666666666667,0.0,0.3333333333333333,4.0,4.0,0.6666666666666666,1.8141556291390728,0.0,0.0,0.0,,False,0.0,True
A-cb5333,Company_370,DevTools,US,2024-03-26,ads,Pro,33,False,False,0.7693360711841205,2024H1,31+,16,1,1226.5,0.1875,0.0,0.0625,0.375,0.75,33.0,0.125,15,24639,3,82,796,73.26861111111111,34,36,0.0975609756097561,77,0.04271356783919598,1034.6583629893237,4.0,30.75,85.75,0.0,0.5,3.0,3.0,0.75,5.199288256227757,1.0,0.0,0.0,2024-08-11,True,1.2998220640569393,True
A-309e54,Company_371,DevTools,US,2024-12-09,other,Pro,15,False,False,0.06297056810403832,2024H2,6-15,11,1,735.0,0.2727272727272727,0.0,0.09090909090909091,0.45454545454545453,1.0,15.0,0.36363636363636365,10,26932,0,52,509,46.721944444444446,24,28,0.057692307692307696,50,0.047151277013752456,8083.141304347827,5.0,23.8,90.2,0.0,0.6,3.0,3.0,0.8,79.40217391304348,1.0,0.0,106.67,2024-12-14,True,15.880434782608697,True
A-6e7827,Company_372,DevTools,US,2023-03-26,other,Basic,1,False,False,1.7713894592744694,2023H1,1-5,9,1,398.0,0.0,0.3333333333333333,0.0,0.4444444444444444,0.7777777777777778,9.0,0.2222222222222222,8,5894,1,41,419,34.25194444444445,31,24,0.07317073170731707,40,0.07398568019093078,236.53748068006183,2.0,51.0,83.5,0.0,0.0,3.5,3.0,0.0,1.1290571870170016,2.0,0.0,0.0,2023-09-19,True,1.1290571870170016,True
A-50bb9f,Company_373,Cybersecurity,US,2024-07-12,organic,Pro,2,False,False,0.4736481861738535,2024H2,1-5,8,1,1617.0,0.0,0.25,0.0,0.25,0.875,24.0,0.375,7,15499,0,24,276,27.59111111111111,15,18,0.20833333333333334,24,0.05434782608695652,582.7109826589596,7.0,33.285714285714285,74.71428571428571,0.0,0.42857142857142855,4.0,3.0,0.5714285714285714,14.778901734104046,2.0,1.0,0.0,2024-09-08,True,4.222543352601156,True
A-5fe118,Company_374,Cybersecurity,US,2024-11-07,other,Enterprise,39,False,False,0.15058179329226556,2024H2,31+,5,0,6027.0,0.2,0.0,0.0,0.4,0.8,39.0,0.4,5,22290,1,21,233,16.639444444444443,12,14,0.23809523809523808,21,0.05150214592274678,1547.3318181818183,1.0,19.0,26.0,0.0,1.0,4.0,4.0,0.0,6.6409090909090915,1.0,0.0,114.86,2024-12-16,True,6.6409090909090915,False
A-5247b3,Company_375,FinTech,UK,2024-03-12,partner,Pro,16,True,False,0.8076659822039699,2024H1,16-30,11,1,784.0,0.18181818181818182,0.2727272727272727,0.0,0.45454545454545453,0.9090909090909091,16.0,0.18181818181818182,10,11791,1,60,610,49.22555555555556,29,32,0.15,57,0.047540983606557376,755.2627118644068,5.0,45.8,96.6,0.0,0.8,4.0,3.0,0.4,6.190677966101695,2.0,0.0,28.84,2024-10-12,True,2.476271186440678,True
A-f44180,Company_376,Cybersecurity,UK,2023-02-13,event,Pro,9,False,False,1.8836413415468858,2023H1,6-15,11,2,1791.0,0.2727272727272727,0.0,0.0,0.6363636363636364,0.7272727272727273,10.0,0.6363636363636364,9,9286,2,52,520,45.589166666666664,22,27,0.19230769230769232,51,0.04230769230769231,276.0610465116279,2.0,46.5,123.0,0.0,0.5,5.0,5.0,0.0,1.0617732558139534,1.0,0.0,38.15,2023-04-29,True,0.5308866279069767,True
A-c16cf7,Company_377,EdTech,US,2024-10-16,event,Pro,13,True,False,0.2108145106091718,2024H2,6-15,10,1,651.0,0.1,0.0,0.0,0.6,0.8,15.5,0.2,9,7498,2,58,577,40.235,26,33,0.13793103448275862,56,0.045060658578856154,2737.0032467532465,3.0,48.333333333333336,111.66666666666667,0.0,0.0,3.5,3.0,0.3333333333333333,14.23051948051948,2.0,0.0,0.0,2024-11-08,True,9.487012987012987,True
A-d42431,Company_378,FinTech,FR,2024-06-09,ads,Enterprise,22,True,False,0.5639972621492129,2024H1,16-30,9,1,1729.0,0.0,0.1111111111111111,0.1111111111111111,0.4444444444444444,0.7777777777777778,22.0,0.4444444444444444,8,20742,1,47,457,37.184444444444445,34,26,0.1276595744680851,47,0.07439824945295405,810.2876213592233,4.0,24.25,119.5,0.0,0.75,4.0,3.0,0.5,7.092233009708738,2.0,0.0,17.42,2024-06-26,True,3.546116504854369,True
A-6965e1,Company_379,DevTools,US,2024-11-25,organic,Basic,13,False,False,0.10130047912388775,2024H2,6-15,12,0,1734.5,0.08333333333333333,0.08333333333333333,0.08333333333333333,0.3333333333333333,0.6666666666666666,13.0,0.5,12,27765,4,59,627,52.265,29,27,0.06779661016949153,56,0.046251993620414676,6189.506756756757,3.0,39.0,128.33333333333334,0.0,0.3333333333333333,3.0,3.0,0.6666666666666666,29.614864864864867,3.0,0.0,0.0,2024-12-02,True,29.614864864864867,False
A-0354fe,Company_380,Cybersecurity,US,2024-10-22,other,Basic,34,False,False,0.1943874058863792,2024H2,31+,7,1,646.0,0.2857142857142857,0.14285714285714285,0.0,0.42857142857142855,0.7142857142857143,34.0,0.42857142857142855,6,14824,2,45,463,42.34305555555556,30,28,0.06666666666666667,44,0.06479481641468683,2381.8415492957747,4.0,20.0,69.25,0.0,0.5,4.0,3.0,0.5,20.577464788732392,2.0,0.0,0.0,2024-11-15,True,10.288732394366196,True
A-0a62f5,Company_381,FinTech,UK,2024-09-11,partner,Pro,16,False,False,0.3066392881587953,2024H2,16-30,4,0,629.5,0.0,0.0,0.0,0.5,1.0,19.0,0.25,4,4861,0,25,244,20.802777777777777,7,20,0.08,25,0.028688524590163935,795.7232142857143,2.0,33.5,105.0,0.0,1.0,,,1.0,6.522321428571429,5.0,0.0,156.45000000000002,2024-09-27,True,16.305803571428573,False
A-f5641b,Company_382,EdTech,US,2024-03-30,other,Pro,31,False,False,0.758384668035592,2024H1,31+,10,1,4015.5,0.1,0.1,0.1,0.2,0.6,31.0,0.5,9,32951,4,39,438,39.346944444444446,18,27,0.10256410256410256,39,0.0410958904109589,577.543321299639,4.0,47.5,98.0,1.0,0.75,3.0,3.0,0.5,5.274368231046932,2.0,0.0,0.0,2024-04-20,True,2.637184115523466,True
A-b44e3e,Company_383,Cybersecurity,UK,2024-02-12,ads,Basic,40,False,False,0.8870636550308009,2024H1,31+,7,1,7960.0,0.14285714285714285,0.42857142857142855,0.0,0.7142857142857143,0.8571428571428571,40.0,0.5714285714285714,6,35561,1,38,387,31.920277777777777,13,20,0.10526315789473684,37,0.03359173126614987,436.2708333333333,3.0,40.0,75.33333333333333,0.0,0.6666666666666666,4.333333333333333,4.0,0.0,3.381944444444444,1.0,0.0,0.0,2024-04-14,True,1.1273148148148147,True
A-3b37d9,Company_384,FinTech,US,2023-01-27,event,Enterprise,23,False,False,1.9301848049281314,2023H1,16-30,7,1,4577.0,0.2857142857142857,0.2857142857142857,0.0,0.7142857142857143,0.8571428571428571,23.0,0.7142857142857143,6,14858,1,43,451,35.58861111111111,21,26,0.046511627906976744,43,0.04656319290465632,233.6563829787234,5.0,36.0,89.8,0.0,0.4,4.5,4.0,0.6,2.5904255319148937,2.0,0.0,0.0,2023-12-26,True,1.0361702127659576,True
A-54d94a,Company_385,Cybersecurity,IN,2023-05-01,event,Basic,27,False,False,1.672826830937714,2023H1,16-30,11,1,1323.0,0.09090909090909091,0.09090909090909091,0.09090909090909091,0.45454545454545453,0.9090909090909091,27.0,0.09090909090909091,10,12557,0,59,582,48.37833333333333,28,30,0.11864406779661017,57,0.048109965635738834,347.9140752864157,4.0,53.75,82.75,0.0,0.0,3.5,3.0,0.5,2.3911620294599016,0.0,0.0,0.0,,False,0.0,True
A-7f29a7,Company_386,Cybersecurity,UK,2024-09-18,event,Basic,41,True,False,0.2874743326488706,2024H2,31+,11,3,779.0,0.09090909090909091,0.0,0.0,0.36363636363636365,0.6363636363636364,41.0,0.09090909090909091,8,9143,1,62,619,49.22472222222222,38,32,0.14516129032258066,58,0.061389337641357025,2153.2357142857145,1.0,24.0,5.0,0.0,1.0,4.0,4.0,0.0,3.4785714285714286,1.0,0.0,23.97,2024-10-09,True,3.4785714285714286,True
A-089363,Company_387,FinTech,AU,2023-05-06,event,Basic,2,False,False,1.6591375770020533,2023H1,1-5,14,2,153.5,0.35714285714285715,0.14285714285714285,0.0,0.5,0.5714285714285714,13.0,0.42857142857142855,12,7373,5,61,628,54.58083333333333,33,30,0.14754098360655737,60,0.052547770700636945,378.509900990099,3.0,35.0,91.33333333333333,0.0,0.3333333333333333,3.6666666666666665,3.0,0.0,1.8081683168316833,1.0,0.0,0.0,2023-11-27,True,0.6027227722772277,True
A-524364,Company_388,DevTools,FR,2024-12-31,partner,Enterprise,3,False,False,0.0027378507871321013,2024H2,1-5,6,0,228.0,0.3333333333333333,0.0,0.0,0.3333333333333333,1.0,12.0,0.5,6,9552,0,26,237,20.158055555555556,24,18,0.07692307692307693,26,0.10126582278481013,86564.25,3.0,47.666666666666664,75.33333333333333,0.0,0.6666666666666666,4.333333333333333,4.0,0.0,1095.75,0.0,0.0,0.0,,False,0.0,False
A-855a48,Company_389,EdTech,US,2023-12-22,partner,Pro,14,True,False,1.0294318959616702,2023H2,6-15,8,0,2152.5,0.0,0.0,0.125,0.625,0.375,20.5,0.5,8,30376,5,44,448,40.53,16,26,0.1590909090909091,43,0.03571428571428571,435.1914893617021,5.0,39.6,122.0,0.0,0.8,3.6666666666666665,3.0,0.4,4.857047872340425,1.0,0.0,7.92,2024-08-01,True,0.9714095744680851,False
A-756192,Company_390,FinTech,IN,2023-06-11,other,Basic,19,False,False,1.5605749486652978,2023H1,16-30,10,0,1111.5,0.2,0.1,0.0,0.3,0.8,21.0,0.4,10,21400,2,64,617,50.99583333333333,43,32,0.046875,61,0.06969205834683954,395.3671052631579,3.0,37.333333333333336,102.33333333333333,0.0,0.6666666666666666,4.0,3.0,0.3333333333333333,1.9223684210526315,0.0,0.0,0.0,,False,0.0,False
A-49b828,Company_391,FinTech,IN,2023-05-05,ads,Pro,6,False,False,1.6618754277891854,2023H1,6-15,14,0,940.0,0.07142857142857142,0.14285714285714285,0.0,0.5714285714285714,0.9285714285714286,17.0,0.42857142857142855,14,31108,1,65,687,51.99527777777778,45,29,0.15384615384615385,62,0.06550218340611354,413.3883855024712,3.0,13.666666666666666,87.66666666666667,1.0,0.0,3.5,3.0,0.3333333333333333,1.805189456342669,0.0,0.0,0.0,,False,0.0,False
A-c7ffc2,Company_392,Cybersecurity,US,2023-01-27,partner,Pro,30,True,False,1.9301848049281314,2023H1,16-30,12,0,1276.5,0.0,0.25,0.0,0.4166666666666667,0.75,30.0,0.3333333333333333,12,36112,3,62,640,55.82138888888889,28,30,0.0967741935483871,60,0.04375,331.5744680851064,2.0,64.0,86.0,0.0,0.5,3.0,3.0,0.5,1.0361702127659576,2.0,0.0,174.92,2023-04-15,True,1.0361702127659576,False
A-751c58,Company_393,FinTech,UK,2024-07-18,organic,Basic,15,False,False,0.45722108145106094,2024H2,6-15,11,0,1617.0,0.18181818181818182,0.36363636363636365,0.0,0.6363636363636364,0.8181818181818182,18.0,0.36363636363636365,11,19597,2,53,574,49.834722222222226,12,31,0.05660377358490566,51,0.020905923344947737,1255.4101796407185,5.0,39.6,130.0,0.0,0.0,4.333333333333333,4.0,0.4,10.93562874251497,3.0,1.0,64.22,2024-09-17,True,6.561377245508981,False
A-72799b,Company_394,DevTools,FR,2023-11-13,event,Enterprise,20,False,True,1.136208076659822,2023H2,16-30,10,1,813.0,0.2,0.2,0.1,0.4,0.8,20.0,0.4,9,16935,2,56,550,43.055,34,31,0.17857142857142858,55,0.06181818181818182,484.066265060241,2.0,33.5,80.0,1.0,0.5,4.5,4.0,0.0,1.760240963855422,1.0,0.0,0.0,2024-05-05,True,0.880120481927711,True
A-812c5b,Company_395,DevTools,CA,2024-02-25,organic,Basic,55,False,True,0.8514715947980835,2024H1,31+,13,0,1045.0,0.3076923076923077,0.0,0.0,0.07692307692307693,0.9230769230769231,55.0,0.15384615384615385,13,29884,1,88,866,74.8875,46,33,0.125,84,0.053117782909930716,1017.0627009646302,4.0,27.0,88.25,0.0,0.75,4.0,4.0,0.5,4.697749196141479,1.0,0.0,11.83,2024-05-11,True,1.1744372990353698,False
A-69b156,Company_396,EdTech,US,2023-11-21,other,Pro,7,False,True,1.1143052703627652,2023H2,6-15,9,2,1393.0,0.1111111111111111,0.0,0.2222222222222222,0.4444444444444444,0.7777777777777778,8.0,0.5555555555555556,7,13798,0,36,360,28.4675,20,24,0.05555555555555555,36,0.05555555555555555,323.07125307125307,7.0,32.0,100.57142857142857,0.0,0.5714285714285714,4.0,3.0,0.42857142857142855,6.281941031941033,0.0,0.0,0.0,,False,0.0,True
A-075038,Company_397,HealthTech,UK,2023-05-12,ads,Basic,17,False,False,1.6427104722792607,2023H1,16-30,14,0,815.5,0.21428571428571427,0.07142857142857142,0.0,0.5,0.7857142857142857,17.0,0.14285714285714285,14,18909,3,70,743,55.202222222222225,31,32,0.12857142857142856,69,0.04172274562584118,452.30125000000004,2.0,43.5,54.0,0.0,1.0,3.0,3.0,0.0,1.2175,1.0,0.0,6.38,2024-09-05,True,0.60875,False
A-940b8b,Company_398,HealthTech,DE,2024-03-19,organic,Basic,1,False,False,0.7885010266940452,2024H1,1-5,8,0,516.0,0.375,0.125,0.125,0.75,0.75,20.5,0.5,8,9640,2,35,362,33.66222222222222,32,23,0.08571428571428572,34,0.08839779005524862,459.0989583333333,3.0,41.333333333333336,89.33333333333333,0.0,0.6666666666666666,4.0,3.0,0.3333333333333333,3.8046875,0.0,0.0,0.0,,False,0.0,False
A-2d1036,Company_399,FinTech,US,2024-06-14,ads,Pro,69,False,True,0.5503080082135524,2024H1,31+,13,3,3381.0,0.0,0.0,0.07692307692307693,0.6153846153846154,0.7692307692307693,69.0,0.23076923076923078,10,46230,2,69,692,50.37083333333333,40,31,0.14492753623188406,66,0.057803468208092484,1257.4776119402984,5.0,37.8,49.0,1.0,0.4,4.6,4.0,0.0,9.085820895522387,2.0,1.0,39.09,2024-10-19,True,3.634328358208955,True
A-0f6450,Company_400,FinTech,US,2024-12-27,other,Pro,28,True,True,0.013689253935660506,2024H2,16-30,11,0,1372.0,0.09090909090909091,0.0,0.0,0.2727272727272727,0.7272727272727273,28.0,0.36363636363636365,11,23800,3,54,539,48.519444444444446,39,31,0.14814814814814814,52,0.07235621521335807,39373.950000000004,8.0,29.75,81.625,1.0,0.125,3.8333333333333335,3.0,0.25,584.4,2.0,0.0,0.0,2024-12-29,True,146.1,False
A-9affe6,Company_401,Cybersecurity,US,2023-03-22,other,Pro,7,False,False,1.782340862422998,2023H1,6-15,11,2,1127.0,0.0,0.18181818181818182,0.0,0.36363636363636365,0.9090909090909091,18.0,0.2727272727272727,9,10142,1,47,473,40.23694444444445,16,26,0.06382978723404255,46,0.03382663847780127,265.38133640552996,3.0,58.0,76.0,0.0,0.6666666666666666,3.0,3.0,0.6666666666666666,1.683179723502304,1.0,0.0,83.06,2024-01-12,True,0.5610599078341014,True
A-80eeb6,Company_402,Cybersecurity,UK,2023-05-09,organic,Enterprise,22,False,False,1.6509240246406571,2023H1,16-30,16,3,1151.5,0.0625,0.25,0.0625,0.5,0.9375,25.5,0.4375,13,58291,1,76,725,61.64,43,38,0.11842105263157894,71,0.05931034482758621,439.14800995024876,4.0,40.25,68.25,1.0,0.75,3.6666666666666665,3.0,0.25,2.4228855721393034,2.0,0.0,0.0,2023-10-19,True,1.2114427860696517,True
A-d4e0d4,Company_403,FinTech,US,2024-10-18,other,Basic,117,False,False,0.2053388090349076,2024H2,31+,10,1,14508.0,0.0,0.1,0.1,0.3,0.9,117.0,0.5,9,114777,1,49,488,40.214166666666664,33,30,0.12244897959183673,47,0.06762295081967214,2376.56,4.0,39.25,76.25,0.0,0.25,4.0,3.0,0.5,19.48,0.0,0.0,0.0,,False,0.0,True
A-c7e58b,Company_404,HealthTech,IN,2023-06-25,other,Pro,3,False,False,1.5222450376454484,2023H1,1-5,7,0,304.0,0.14285714285714285,0.0,0.0,0.42857142857142855,0.5714285714285714,10.0,0.42857142857142855,7,5384,3,34,343,29.40361111111111,18,22,0.029411764705882353,33,0.052478134110787174,225.32508992805754,5.0,30.6,98.4,0.0,0.4,3.5,3.0,0.2,3.284622302158273,0.0,0.0,0.0,,False,0.0,False
A-016043,Company_405,EdTech,CA,2024-07-31,organic,Basic,4,True,False,0.4216290212183436,2024H2,1-5,11,1,494.0,0.18181818181818182,0.2727272727272727,0.0,0.6363636363636364,0.5454545454545454,14.0,0.5454545454545454,10,11740,5,47,490,36.6875,21,26,0.06382978723404255,46,0.04285714285714286,1162.1590909090908,3.0,30.333333333333332,78.0,0.0,0.6666666666666666,4.0,4.0,0.6666666666666666,7.11525974025974,1.0,0.0,84.75,2024-08-11,True,2.3717532467532467,True
A-bbe56f,Company_406,HealthTech,US,2023-02-16,ads,Enterprise,21,False,False,1.8754277891854894,2023H1,16-30,5,0,418.0,0.2,0.2,0.0,0.8,1.0,21.0,0.2,5,6025,0,22,232,16.834444444444443,8,13,0.18181818181818182,22,0.034482758620689655,123.7051094890511,4.0,26.25,120.5,0.0,0.5,4.0,3.0,0.25,2.1328467153284674,0.0,0.0,0.0,,False,0.0,False
A-7c5768,Company_407,HealthTech,UK,2024-03-02,event,Enterprise,3,False,False,0.8350444900752909,2024H1,1-5,9,0,57.0,0.3333333333333333,0.0,0.0,0.4444444444444444,0.8888888888888888,8.0,0.3333333333333333,9,3389,1,46,461,39.52111111111111,31,27,0.08695652173913043,45,0.06724511930585683,552.0663934426229,5.0,28.8,96.4,0.0,0.8,4.0,3.0,0.4,5.987704918032787,0.0,0.0,0.0,,False,0.0,False
A-751bd4,Company_408,Cybersecurity,UK,2024-07-12,partner,Pro,10,False,False,0.4736481861738535,2024H2,6-15,2,0,95.0,0.5,0.0,0.0,0.5,1.0,22.5,0.0,2,190,0,10,92,9.063611111111111,0,9,0.0,10,0.0,194.23699421965318,6.0,23.166666666666668,112.0,1.0,0.6666666666666666,4.25,3.0,0.3333333333333333,12.667630057803468,1.0,0.0,0.0,2024-09-22,True,2.111271676300578,False
A-4e0e85,Company_409,DevTools,US,2023-09-08,organic,Enterprise,6,False,False,1.3169062286105406,2023H2,6-15,8,0,147.0,0.5,0.125,0.0,0.5,0.875,17.5,0.5,8,4544,1,31,288,22.33861111111111,9,20,0.06451612903225806,31,0.03125,218.6943866943867,2.0,53.0,119.5,0.0,0.5,5.0,5.0,0.5,1.5187110187110189,2.0,0.0,0.0,2023-11-16,True,1.5187110187110189,False
A-ad3abd,Company_410,FinTech,US,2023-03-03,event,Pro,44,False,False,1.834360027378508,2023H1,31+,7,3,2156.0,0.14285714285714285,0.0,0.0,0.42857142857142855,0.7142857142857143,44.0,0.14285714285714285,4,13904,2,29,296,26.351666666666667,11,20,0.034482758620689655,27,0.037162162162162164,161.3641791044776,3.0,13.0,70.33333333333333,0.0,0.6666666666666666,3.0,3.0,0.3333333333333333,1.63544776119403,1.0,0.0,0.0,2023-07-12,True,0.5451492537313433,True
A-e19ff6,Company_411,Cybersecurity,UK,2023-07-28,partner,Enterprise,1,False,False,1.431895961670089,2023H2,1-5,12,0,100.5,0.3333333333333333,0.08333333333333333,0.0,0.5833333333333334,0.5833333333333334,11.0,0.3333333333333333,12,4910,5,45,456,40.23444444444444,24,26,0.022222222222222223,45,0.05263157894736842,318.4588910133843,3.0,30.666666666666668,115.0,0.0,1.0,4.666666666666667,4.0,0.0,2.0951242829827916,3.0,0.0,0.0,2024-01-08,True,2.0951242829827916,False
A-7920cc,Company_412,Cybersecurity,FR,2023-11-23,ads,Pro,39,False,False,1.108829568788501,2023H2,31+,16,0,1326.0,0.125,0.0625,0.0,0.5,1.0,39.0,0.25,16,52089,0,62,601,49.30888888888889,28,32,0.06451612903225806,59,0.04658901830282862,542.012962962963,7.0,32.857142857142854,113.42857142857143,0.0,0.14285714285714285,4.333333333333333,3.0,0.5714285714285714,6.312962962962963,0.0,0.0,0.0,,False,0.0,False
A-5a92e7,Company_413,HealthTech,US,2024-06-11,ads,Pro,4,False,False,0.5585215605749486,2024H1,1-5,19,2,441.0,0.21052631578947367,0.0,0.0,0.42105263157894735,0.7894736842105263,9.0,0.10526315789473684,17,11666,3,85,885,76.76027777777777,76,37,0.09411764705882353,83,0.08587570621468926,1584.5404411764707,7.0,45.0,86.14285714285714,0.0,0.5714285714285714,4.4,3.0,0.2857142857142857,12.53308823529412,2.0,0.0,0.0,2024-06-18,True,3.5808823529411766,True
A-fdfc91,Company_414,Cybersecurity,US,2023-05-06,ads,Basic,29,False,False,1.6591375770020533,2023H1,16-30,10,1,1421.0,0.1,0.1,0.0,0.5,0.9,29.0,0.1,9,19191,0,56,564,43.92861111111111,29,32,0.017857142857142856,56,0.051418439716312055,339.93564356435644,5.0,28.8,121.0,0.0,1.0,3.6666666666666665,3.0,0.4,3.0136138613861387,0.0,0.0,0.0,,False,0.0,True
A-1e50e0,Company_415,Cybersecurity,DE,2023-02-21,other,Pro,19,True,True,1.8617385352498288,2023H1,16-30,5,1,3781.0,0.2,0.2,0.0,0.4,0.8,19.0,0.6,4,13295,1,20,194,17.40277777777778,15,17,0.1,19,0.07731958762886598,104.20367647058823,2.0,20.5,143.0,1.0,1.0,5.0,5.0,0.5,1.074264705882353,2.0,0.0,54.94,2023-11-01,True,1.074264705882353,True
A-1e1b80,Company_416,FinTech,CA,2023-09-12,other,Enterprise,50,False,False,1.3059548254620124,2023H2,31+,12,0,1700.0,0.16666666666666666,0.08333333333333333,0.0,0.5,0.8333333333333334,50.0,0.5,12,48647,2,68,682,58.143055555555556,47,34,0.029411764705882353,67,0.0689149560117302,522.2232704402516,6.0,43.0,67.5,0.0,0.6666666666666666,3.2,3.0,0.16666666666666666,4.59433962264151,3.0,0.0,0.0,2023-10-04,True,2.297169811320755,False
A-659280,Company_417,FinTech,IN,2023-11-17,event,Enterprise,13,True,True,1.1252566735112937,2023H2,6-15,12,0,508.5,0.16666666666666666,0.16666666666666666,0.0,0.5,0.25,18.0,0.4166666666666667,12,21450,9,60,613,51.70055555555555,34,30,0.1,55,0.05546492659053834,544.7645985401459,4.0,8.0,123.75,0.0,0.0,4.333333333333333,4.0,0.25,3.554744525547445,2.0,0.0,27.75,2024-07-23,True,1.7773722627737225,False
A-f6b2fb,Company_418,DevTools,AU,2024-04-23,event,Basic,23,False,False,0.6926762491444216,2024H1,16-30,10,2,1127.0,0.2,0.1,0.1,0.5,0.8,23.0,0.5,8,22232,1,55,524,44.00333333333333,37,29,0.14545454545454545,53,0.07061068702290077,756.4861660079051,5.0,55.0,88.6,1.0,0.4,4.0,3.0,0.4,7.218379446640316,1.0,0.0,0.0,2024-07-11,True,1.4436758893280632,True
A-cb6cc6,Company_419,DevTools,US,2023-04-03,ads,Basic,13,True,False,1.7494866529774127,2023H1,6-15,7,0,247.0,0.2857142857142857,0.2857142857142857,0.0,0.42857142857142855,0.42857142857142855,13.0,0.2857142857142857,7,2622,4,35,314,28.255277777777778,26,21,0.0,34,0.08280254777070063,179.481220657277,3.0,16.333333333333332,131.66666666666666,0.0,0.6666666666666666,3.5,3.0,0.3333333333333333,1.7147887323943662,0.0,0.0,0.0,,False,0.0,False
A-d62e02,Company_420,Cybersecurity,US,2024-08-20,partner,Pro,6,False,False,0.3668720054757016,2024H2,6-15,10,0,1592.0,0.0,0.1,0.1,0.4,0.8,16.0,0.7,10,21324,2,34,344,35.210277777777776,23,25,0.11764705882352941,33,0.06686046511627906,937.6567164179104,1.0,36.0,31.0,0.0,1.0,4.0,4.0,0.0,2.7257462686567164,0.0,0.0,0.0,,False,0.0,False
A-d535f6,Company_421,DevTools,US,2024-09-03,organic,Basic,12,True,True,0.32854209445585214,2024H2,6-15,9,0,588.0,0.3333333333333333,0.1111111111111111,0.3333333333333333,0.3333333333333333,0.8888888888888888,12.0,0.2222222222222222,9,7415,1,47,477,40.570277777777775,29,26,0.0851063829787234,45,0.06079664570230608,1451.86875,0.0,,,0.0,,,,,0.0,2.0,0.0,0.0,2024-10-05,True,6.0875,False
A-39868b,Company_422,FinTech,AU,2024-03-17,partner,Pro,9,False,False,0.7939767282683093,2024H1,6-15,5,0,441.0,0.2,0.2,0.0,0.8,0.4,9.0,0.4,5,4194,3,28,305,29.525555555555556,21,22,0.17857142857142858,28,0.06885245901639345,384.14224137931035,6.0,39.0,100.83333333333333,0.0,0.3333333333333333,4.25,3.0,0.3333333333333333,7.556896551724138,2.0,1.0,0.0,2024-05-06,True,2.5189655172413796,False
A-3cc791,Company_423,EdTech,US,2024-01-10,other,Enterprise,6,False,False,0.9774127310061602,2024H1,6-15,8,0,446.0,0.25,0.0,0.0,0.375,0.75,14.0,0.25,8,8522,2,46,447,41.397777777777776,30,28,0.10869565217391304,44,0.06711409395973154,457.32983193277306,6.0,48.333333333333336,95.83333333333333,1.0,0.5,4.25,3.0,0.3333333333333333,6.1386554621848735,1.0,1.0,0.0,2024-10-09,True,1.023109243697479,False
A-337bc1,Company_424,Cybersecurity,US,2023-07-19,organic,Pro,30,True,False,1.4565366187542779,2023H2,16-30,7,0,1470.0,0.2857142857142857,0.2857142857142857,0.2857142857142857,0.42857142857142855,0.8571428571428571,31.0,0.2857142857142857,7,19379,1,43,425,39.19861111111111,34,27,0.09302325581395349,41,0.08,291.78806390977445,4.0,32.5,62.75,1.0,0.5,4.0,3.0,0.25,2.7462406015037595,2.0,0.0,0.0,2023-10-21,True,1.3731203007518797,False
A-58b9ff,Company_425,DevTools,IN,2024-05-31,partner,Enterprise,2,False,False,0.5886379192334018,2024H1,1-5,13,1,398.0,0.15384615384615385,0.07692307692307693,0.07692307692307693,0.38461538461538464,0.6153846153846154,12.0,0.3076923076923077,12,22244,5,65,667,55.7575,32,28,0.1076923076923077,65,0.047976011994003,1133.124418604651,2.0,66.0,79.0,1.0,0.0,4.0,4.0,0.5,3.397674418604651,1.0,0.0,0.0,2024-10-10,True,1.6988372093023254,True
A-bf7919,Company_426,HealthTech,US,2024-11-27,organic,Pro,3,False,False,0.09582477754962354,2024H2,1-5,6,1,114.0,0.5,0.0,0.0,0.6666666666666666,0.6666666666666666,10.5,0.5,5,825,2,26,262,21.516111111111112,14,23,0.15384615384615385,26,0.05343511450381679,2734.157142857143,2.0,14.5,81.5,0.0,0.5,5.0,5.0,0.5,20.871428571428574,2.0,0.0,0.0,2024-12-06,True,20.871428571428574,True
A-1d5444,Company_427,Cybersecurity,US,2024-01-18,partner,Basic,24,False,True,0.9555099247091033,2024H1,16-30,14,0,456.0,0.14285714285714285,0.14285714285714285,0.0,0.6428571428571429,0.7142857142857143,24.0,0.2857142857142857,14,30958,4,59,592,50.564166666666665,35,28,0.1016949152542373,57,0.05912162162162162,619.5644699140402,2.0,30.0,62.5,0.0,1.0,4.0,4.0,0.5,2.0931232091690544,1.0,0.0,0.0,2024-06-01,True,1.0465616045845272,False
A-0f3e88,Company_428,HealthTech,US,2023-07-23,other,Basic,7,False,True,1.4455852156057496,2023H2,6-15,11,1,323.0,0.09090909090909091,0.18181818181818182,0.0,0.2727272727272727,0.7272727272727273,14.0,0.09090909090909091,10,5281,2,59,598,49.06388888888889,28,32,0.1016949152542373,58,0.046822742474916385,413.67329545454544,3.0,48.0,67.0,0.0,0.3333333333333333,4.5,4.0,0.3333333333333333,2.075284090909091,1.0,0.0,0.0,2024-08-11,True,0.6917613636363635,True
A-7641d3,Company_429,EdTech,US,2023-02-16,partner,Pro,8,True,True,1.8754277891854894,2023H1,6-15,11,0,588.0,0.18181818181818182,0.0,0.09090909090909091,0.18181818181818182,0.7272727272727273,12.0,0.2727272727272727,11,12060,3,50,519,45.765277777777776,26,28,0.08,48,0.05009633911368015,276.73686131386864,5.0,45.2,124.6,2.0,0.6,4.333333333333333,3.0,0.4,2.6660583941605838,2.0,0.0,131.39999999999998,2023-11-10,True,1.0664233576642337,False
A-cd458b,Company_430,DevTools,US,2024-06-15,other,Basic,10,True,False,0.5475701574264202,2024H1,6-15,15,1,551.0,0.0,0.0,0.06666666666666667,0.4666666666666667,0.8666666666666667,25.0,0.4666666666666667,14,42740,2,84,864,74.06222222222222,45,34,0.023809523809523808,81,0.052083333333333336,1577.88,5.0,38.4,81.2,0.0,0.8,4.6,3.0,0.0,9.13125,1.0,0.0,0.0,2024-11-07,True,1.8262500000000002,True
A-c16b88,Company_431,HealthTech,US,2023-12-02,event,Enterprise,23,False,False,1.0841889117043122,2023H2,16-30,9,1,665.0,0.3333333333333333,0.2222222222222222,0.0,0.5555555555555556,0.6666666666666666,23.0,0.3333333333333333,8,20338,3,48,457,43.04416666666667,24,28,0.125,48,0.0525164113785558,421.51325757575756,3.0,48.333333333333336,137.66666666666666,0.0,0.6666666666666666,3.0,3.0,0.6666666666666666,2.767045454545454,1.0,0.0,0.0,2024-06-01,True,0.9223484848484848,True
A-59f724,Company_432,HealthTech,US,2023-11-03,other,Enterprise,3,True,False,1.163586584531143,2023H2,1-5,12,0,469.5,0.25,0.16666666666666666,0.0,0.4166666666666667,0.75,18.0,0.16666666666666666,12,9773,3,68,696,61.58083333333333,47,33,0.08823529411764706,62,0.06752873563218391,598.1505882352941,4.0,19.25,94.5,0.0,0.75,4.25,4.0,0.0,3.4376470588235293,0.0,0.0,0.0,,False,0.0,False
A-87aa7b,Company_433,HealthTech,US,2024-05-16,organic,Pro,24,True,False,0.6297056810403833,2024H1,16-30,16,0,1176.0,0.125,0.25,0.125,0.5,0.8125,24.0,0.1875,16,22881,3,72,742,58.484722222222224,35,31,0.08333333333333333,68,0.04716981132075472,1178.3282608695654,3.0,27.333333333333332,72.66666666666667,1.0,0.6666666666666666,,,1.0,4.764130434782609,3.0,0.0,136.0,2024-06-07,True,4.764130434782609,False
A-1e6fc3,Company_434,EdTech,FR,2023-12-06,other,Pro,1,False,False,1.0732375085557837,2023H2,1-5,4,1,99.5,0.5,0.0,0.0,0.75,1.0,3.0,0.25,3,444,0,26,244,23.68722222222222,19,19,0.038461538461538464,26,0.0778688524590164,227.34948979591837,5.0,23.8,88.6,0.0,0.6,3.6666666666666665,3.0,0.4,4.658801020408164,1.0,0.0,0.0,2024-03-20,True,0.9317602040816326,True
A-39ddf4,Company_435,EdTech,US,2024-12-05,partner,Enterprise,40,False,False,0.07392197125256673,2024H2,31+,9,1,1960.0,0.0,0.0,0.0,0.5555555555555556,0.7777777777777778,40.0,0.3333333333333333,8,33876,2,46,455,38.79277777777778,36,27,0.13043478260869565,46,0.07912087912087912,6155.138888888889,5.0,23.0,76.2,0.0,0.8,4.25,4.0,0.2,67.63888888888889,1.0,0.0,0.0,2024-12-13,True,13.527777777777779,True
A-34ea2f,Company_436,HealthTech,US,2024-08-15,organic,Enterprise,8,False,True,0.3805612594113621,2024H2,6-15,12,2,471.5,0.25,0.25,0.0,0.5833333333333334,0.6666666666666666,18.5,0.3333333333333333,10,10404,3,57,550,48.65472222222222,30,29,0.05263157894736842,56,0.05454545454545454,1445.2338129496402,8.0,35.25,65.625,0.0,0.375,3.8,3.0,0.375,21.02158273381295,2.0,0.0,1.85,2024-10-05,True,5.255395683453237,True
A-716841,Company_437,FinTech,US,2024-05-06,other,Pro,45,False,False,0.6570841889117043,2024H1,31+,8,0,2205.0,0.25,0.0,0.0,0.625,1.0,45.0,0.375,8,26234,0,34,344,30.878055555555555,13,26,0.029411764705882353,32,0.0377906976744186,523.525,5.0,29.8,112.8,0.0,0.0,4.0,3.0,0.4,7.609375,1.0,0.0,0.0,2024-11-13,True,1.521875,False
A-558c72,Company_438,FinTech,US,2023-06-01,organic,Basic,12,False,False,1.5879534565366187,2023H1,6-15,7,1,784.0,0.0,0.14285714285714285,0.0,0.2857142857142857,0.8571428571428571,15.0,0.2857142857142857,6,6783,1,30,296,23.204722222222223,16,19,0.13333333333333333,29,0.05405405405405406,186.40344827586208,4.0,64.25,79.25,1.0,0.5,4.5,4.0,0.5,2.5189655172413796,1.0,0.0,43.01,2024-11-28,True,0.6297413793103449,True
A-b11cd0,Company_439,DevTools,US,2023-01-20,ads,Pro,26,True,True,1.949349760438056,2023H1,16-30,6,2,884.0,0.3333333333333333,0.0,0.0,0.3333333333333333,1.0,26.0,0.0,4,4312,0,29,278,23.808611111111112,16,21,0.034482758620689655,28,0.05755395683453238,142.61165730337078,4.0,38.5,140.75,0.0,0.0,4.0,3.0,0.5,2.0519662921348316,0.0,0.0,0.0,,False,0.0,True
A-cc1d8d,Company_440,FinTech,US,2024-12-08,other,Pro,5,False,False,0.06570841889117043,2024H2,1-5,13,0,784.0,0.23076923076923078,0.07692307692307693,0.07692307692307693,0.46153846153846156,0.8461538461538461,8.0,0.38461538461538464,13,8947,2,63,618,56.768055555555556,48,33,0.1746031746031746,58,0.07766990291262135,9405.1875,5.0,30.2,99.2,0.0,0.4,4.5,4.0,0.6,76.09375,2.0,0.0,217.22,2024-12-17,True,30.4375,False
A-7f4db3,Company_441,FinTech,US,2023-03-05,other,Pro,4,False,False,1.8288843258042438,2023H1,1-5,15,3,490.0,0.26666666666666666,0.0,0.06666666666666667,0.6,0.8666666666666667,10.0,0.4666666666666667,12,21304,2,90,844,77.22222222222223,46,36,0.06666666666666667,88,0.054502369668246446,461.4835329341317,5.0,16.6,91.4,1.0,0.4,3.25,3.0,0.2,2.7339071856287425,1.0,0.0,0.0,2023-03-21,True,0.5467814371257484,True
A-db5e9e,Company_442,DevTools,US,2024-11-09,partner,Basic,4,False,False,0.14510609171800137,2024H2,1-5,8,1,693.0,0.25,0.0,0.125,0.5,0.75,16.5,0.25,7,5868,2,57,586,47.459722222222226,27,29,0.12280701754385964,54,0.04607508532423208,4038.4245283018868,2.0,66.0,97.5,0.0,0.0,5.0,5.0,0.0,13.783018867924527,1.0,0.0,0.0,2024-12-29,True,6.891509433962264,True
A-cc102e,Company_443,HealthTech,US,2024-04-15,partner,Enterprise,13,False,False,0.7145790554414785,2024H1,6-15,10,1,527.5,0.1,0.1,0.0,0.4,0.8,13.0,0.2,9,8005,2,43,394,33.76777777777778,39,26,0.11627906976744186,43,0.09898477157360407,551.3735632183908,4.0,33.25,109.0,0.0,0.25,4.333333333333333,3.0,0.25,5.597701149425287,3.0,0.0,111.16,2024-04-25,True,4.198275862068965,True
A-82d8a6,Company_444,Cybersecurity,UK,2024-11-28,ads,Basic,5,False,False,0.09308692676249145,2024H2,1-5,17,4,570.0,0.23529411764705882,0.29411764705882354,0.11764705882352941,0.47058823529411764,0.8823529411764706,21.0,0.29411764705882354,13,27626,2,70,661,55.14944444444444,38,32,0.12857142857142856,69,0.057488653555219364,7100.889705882353,5.0,42.2,112.0,0.0,0.6,3.5,3.0,0.6,53.713235294117645,1.0,0.0,0.0,2024-12-29,True,10.742647058823529,True
A-dec005,Company_445,HealthTech,US,2023-10-13,partner,Pro,21,False,False,1.2210814510609171,2023H2,16-30,10,1,2336.5,0.2,0.1,0.0,0.3,0.7,21.0,0.5,9,19998,2,51,475,40.33694444444444,44,31,0.11764705882352941,50,0.09263157894736843,388.9994394618834,2.0,59.0,152.0,0.0,0.5,3.0,3.0,0.5,1.6378923766816145,1.0,0.0,0.0,2024-11-23,True,0.8189461883408072,True
A-5790f4,Company_446,FinTech,UK,2024-12-22,event,Pro,1,True,False,0.02737850787132101,2024H2,1-5,6,1,1109.5,0.16666666666666666,0.0,0.0,0.5,0.5,19.0,0.5,5,17334,3,35,321,26.635555555555555,26,25,0.05714285714285714,35,0.08099688473520249,11724.525000000001,4.0,44.0,57.25,1.0,0.25,4.0,4.0,0.75,146.1,3.0,0.0,444.1,2024-12-25,True,109.575,True
A-7c83a1,Company_447,Cybersecurity,US,2024-05-06,partner,Pro,12,False,False,0.6570841889117043,2024H1,6-15,12,3,588.0,0.16666666666666666,0.0,0.08333333333333333,0.3333333333333333,0.9166666666666666,12.0,0.3333333333333333,9,10741,1,62,632,56.530277777777776,23,29,0.06451612903225806,61,0.03639240506329114,961.825,4.0,42.0,86.25,0.0,0.5,4.0,3.0,0.0,6.0875,1.0,0.0,0.0,2024-05-19,True,1.521875,True
A-297a2d,Company_448,HealthTech,UK,2023-05-05,event,Pro,27,False,False,1.6618754277891854,2023H1,16-30,5,0,1323.0,0.2,0.6,0.0,0.8,0.8,27.0,0.4,5,14373,1,25,244,19.558888888888887,22,23,0.24,24,0.09016393442622951,146.82207578253707,2.0,32.5,84.5,0.0,1.0,3.0,3.0,0.5,1.2034596375617792,0.0,0.0,0.0,,False,0.0,False
A-4c56c9,Company_449,FinTech,US,2023-12-20,partner,Enterprise,9,False,True,1.0349075975359343,2023H2,6-15,13,3,988.0,0.15384615384615385,0.0,0.0,0.6153846153846154,0.7692307692307693,18.0,0.46153846153846156,10,16256,2,64,623,54.424166666666665,38,34,0.109375,61,0.060995184590690206,601.9861111111111,5.0,38.6,68.2,0.0,0.4,3.75,3.0,0.2,4.8313492063492065,1.0,0.0,44.23,2024-04-05,True,0.9662698412698413,True
A-cbbe12,Company_450,Cybersecurity,DE,2023-03-22,partner,Enterprise,40,False,False,1.782340862422998,2023H1,31+,6,2,1360.0,0.3333333333333333,0.16666666666666666,0.16666666666666666,0.16666666666666666,0.8333333333333334,40.0,0.16666666666666666,4,12321,0,22,178,13.884166666666667,10,14,0.0,21,0.056179775280898875,99.86866359447005,6.0,38.0,74.5,0.0,0.6666666666666666,4.25,3.0,0.3333333333333333,3.366359447004608,0.0,0.0,0.0,,False,0.0,True
A-4a267b,Company_451,FinTech,US,2024-05-05,other,Pro,25,False,False,0.6598220396988365,2024H1,16-30,10,2,1225.0,0.2,0.1,0.1,0.6,0.9,25.0,0.3,8,22458,1,50,498,41.94,22,31,0.14,49,0.04417670682730924,754.7489626556016,4.0,16.25,105.0,0.0,0.5,4.333333333333333,3.0,0.25,6.062240663900415,1.0,0.0,64.54,2024-06-17,True,1.5155601659751037,True
A-bcbe98,Company_452,Cybersecurity,US,2024-07-29,other,Enterprise,46,False,False,0.4271047227926078,2024H2,31+,11,0,874.0,0.18181818181818182,0.18181818181818182,0.09090909090909091,0.5454545454545454,0.8181818181818182,46.0,0.18181818181818182,11,21666,2,65,635,48.2275,43,34,0.18461538461538463,59,0.06771653543307087,1486.7548076923076,7.0,38.285714285714285,61.57142857142857,1.0,0.5714285714285714,4.0,3.0,0.5714285714285714,16.389423076923077,1.0,0.0,0.0,2024-11-25,True,2.3413461538461537,False
A-427b69,Company_453,FinTech,US,2024-08-23,other,Basic,17,False,False,0.3586584531143053,2024H2,16-30,10,1,857.5,0.2,0.0,0.0,0.6,0.7,17.0,0.3,9,18194,3,70,698,59.94555555555556,36,32,0.15714285714285714,67,0.05157593123209169,1946.1412213740457,2.0,31.5,109.5,0.0,0.5,3.0,3.0,0.5,5.576335877862595,0.0,0.0,0.0,,False,0.0,True
A-0be015,Company_454,FinTech,US,2024-10-15,event,Pro,19,False,False,0.2135523613963039,2024H2,16-30,5,1,361.0,0.4,0.0,0.0,0.4,0.6,19.0,0.0,4,817,2,28,297,24.50138888888889,13,19,0.10714285714285714,28,0.04377104377104377,1390.7596153846155,7.0,40.285714285714285,84.85714285714286,1.0,0.5714285714285714,4.2,4.0,0.2857142857142857,32.77884615384615,1.0,0.0,74.68,2024-12-13,True,4.6826923076923075,True
A-054577,Company_455,EdTech,UK,2024-04-28,ads,Basic,2,False,False,0.6789869952087612,2024H1,1-5,16,1,715.0,0.0625,0.0625,0.0625,0.3125,0.875,24.0,0.25,15,44145,2,85,833,61.04083333333333,52,36,0.11764705882352941,83,0.062424969987995196,1226.827620967742,1.0,46.0,70.0,0.0,1.0,4.0,4.0,0.0,1.472782258064516,0.0,0.0,0.0,,False,0.0,True
A-bc87bc,Company_456,FinTech,US,2024-07-17,event,Pro,3,False,False,0.459958932238193,2024H2,1-5,8,2,294.5,0.125,0.0,0.0,0.5,1.0,10.5,0.375,6,11690,0,36,394,37.544444444444444,14,24,0.08333333333333333,36,0.03553299492385787,856.5982142857143,7.0,40.57142857142857,112.0,0.0,0.5714285714285714,3.75,3.0,0.42857142857142855,15.21875,0.0,0.0,0.0,,False,0.0,True
A-0f7d77,Company_457,FinTech,IN,2024-10-28,partner,Pro,3,False,False,0.17796030116358658,2024H2,1-5,6,1,140.0,0.16666666666666666,0.0,0.0,0.3333333333333333,0.5,6.5,0.16666666666666666,5,2326,3,30,298,26.0925,19,23,0.03333333333333333,30,0.06375838926174497,1674.5307692307692,5.0,27.2,74.6,0.0,0.6,5.0,5.0,0.6,28.096153846153847,1.0,1.0,0.0,2024-11-09,True,5.61923076923077,True
A-e7beab,Company_458,EdTech,DE,2023-10-20,organic,Enterprise,5,False,False,1.2019164955509924,2023H2,1-5,7,3,995.0,0.14285714285714285,0.0,0.0,0.42857142857142855,1.0,19.0,0.5714285714285714,4,5913,0,36,373,36.409444444444446,17,22,0.05555555555555555,35,0.045576407506702415,310.3376993166287,6.0,36.666666666666664,124.66666666666667,0.0,0.3333333333333333,4.0,3.0,0.3333333333333333,4.992027334851937,1.0,0.0,0.0,2024-04-25,True,0.8320045558086561,True
A-a09355,Company_459,FinTech,US,2024-08-10,organic,Basic,14,False,False,0.3942505133470226,2024H2,6-15,16,1,1004.5,0.0625,0.0,0.0625,0.375,0.875,14.0,0.5,15,33454,1,78,788,60.29555555555555,47,33,0.10256410256410256,70,0.05964467005076142,1998.7291666666665,5.0,32.6,66.6,0.0,0.6,4.0,3.0,0.4,12.682291666666666,2.0,0.0,135.11,2024-09-13,True,5.072916666666666,True
A-31ab9a,Company_460,FinTech,DE,2024-03-03,organic,Pro,3,False,False,0.8323066392881588,2024H1,1-5,7,0,2786.0,0.14285714285714285,0.0,0.0,0.42857142857142855,0.8571428571428571,15.0,0.5714285714285714,7,15802,1,34,340,36.088055555555556,23,19,0.11764705882352941,34,0.06764705882352941,408.50328947368416,7.0,43.142857142857146,67.71428571428571,0.0,0.42857142857142855,3.5,3.0,0.42857142857142855,8.410361842105262,2.0,1.0,0.0,2024-08-09,True,2.4029605263157894,False
A-0158bb,Company_461,FinTech,DE,2024-05-22,partner,Basic,5,False,False,0.6132785763175906,2024H1,1-5,6,0,418.0,0.3333333333333333,0.16666666666666666,0.0,0.3333333333333333,0.8333333333333334,23.0,0.16666666666666666,6,4070,1,36,364,33.903055555555554,22,19,0.08333333333333333,35,0.06043956043956044,593.53125,1.0,32.0,50.0,0.0,1.0,3.0,3.0,0.0,1.6305803571428572,0.0,0.0,0.0,,False,0.0,False
A-f19b24,Company_462,Cybersecurity,US,2023-01-10,organic,Pro,29,True,False,1.9767282683093772,2023H1,16-30,3,0,551.0,0.0,0.0,0.0,0.3333333333333333,1.0,29.0,0.0,3,2523,0,12,119,12.78111111111111,10,12,0.0,12,0.08403361344537816,60.200484764542935,2.0,35.5,74.0,1.0,0.5,4.0,4.0,0.5,1.0117728531855956,0.0,0.0,0.0,,False,0.0,False
A-798a3f,Company_463,DevTools,FR,2023-10-19,other,Enterprise,12,False,True,1.2046543463381245,2023H2,6-15,9,2,798.0,0.2222222222222222,0.1111111111111111,0.0,0.5555555555555556,0.7777777777777778,12.0,0.6666666666666666,7,13563,2,37,352,29.20722222222222,19,19,0.08108108108108109,34,0.05397727272727273,292.2,5.0,33.0,45.2,0.0,1.0,4.0,3.0,0.4,4.150568181818182,1.0,0.0,0.0,2024-07-19,True,0.8301136363636364,True
A-42b791,Company_464,FinTech,AU,2024-05-20,event,Pro,3,False,False,0.6187542778918549,2024H1,1-5,7,1,686.0,0.0,0.0,0.0,0.42857142857142855,0.5714285714285714,22.0,0.14285714285714285,6,18547,3,32,312,23.525833333333335,6,19,0.0625,32,0.019230769230769232,504.23893805309734,3.0,33.666666666666664,72.0,0.0,0.6666666666666666,4.0,3.0,0.3333333333333333,4.8484513274336285,0.0,0.0,0.0,,False,0.0,True
A-068fc6,Company_465,EdTech,US,2023-07-17,event,Enterprise,35,False,False,1.462012320328542,2023H2,31+,10,1,1715.0,0.1,0.1,0.0,0.2,0.9,35.0,0.3,9,22120,1,59,598,52.51027777777778,29,32,0.0847457627118644,57,0.048494983277591976,409.0252808988764,5.0,38.8,121.4,0.0,0.8,4.333333333333333,4.0,0.4,3.419943820224719,0.0,0.0,0.0,,False,0.0,True
A-6f50ae,Company_466,FinTech,US,2023-09-21,partner,Pro,19,False,True,1.2813141683778233,2023H2,16-30,14,0,931.0,0.14285714285714285,0.0,0.07142857142857142,0.5714285714285714,0.6428571428571429,19.0,0.35714285714285715,14,26608,5,83,811,66.67,48,35,0.060240963855421686,76,0.059186189889025895,632.9439102564103,5.0,31.0,87.4,0.0,0.4,4.5,4.0,0.2,3.90224358974359,2.0,1.0,0.0,2023-11-06,True,1.5608974358974361,False
A-a2485e,Company_467,FinTech,US,2024-08-04,event,Pro,3,True,False,0.4106776180698152,2024H2,1-5,6,0,564.5,0.0,0.0,0.16666666666666666,0.6666666666666666,0.6666666666666666,13.5,0.3333333333333333,6,8775,2,28,317,28.513055555555557,13,22,0.17857142857142858,28,0.04100946372239748,771.895,0.0,,,0.0,,,,,0.0,0.0,0.0,0.0,,False,0.0,False
A-bb1eaa,Company_468,Cybersecurity,US,2024-06-11,organic,Basic,21,False,False,0.5585215605749486,2024H1,16-30,5,0,1225.0,0.0,0.0,0.2,0.6,1.0,21.0,0.4,5,10381,0,17,164,12.59361111111111,7,15,0.11764705882352941,17,0.042682926829268296,293.6323529411765,6.0,23.5,92.33333333333333,0.0,0.8333333333333334,4.5,4.0,0.6666666666666666,10.74264705882353,1.0,0.0,0.0,2024-08-15,True,1.7904411764705883,False
A-cc98bc,Company_469,DevTools,US,2023-05-24,ads,Basic,32,False,False,1.6098562628336757,2023H1,31+,10,1,1088.0,0.2,0.1,0.0,0.5,0.9,32.0,0.3,9,19999,1,53,551,44.575,24,29,0.05660377358490566,48,0.043557168784029036,342.266581632653,3.0,4.666666666666667,122.33333333333333,0.0,0.3333333333333333,4.0,4.0,0.6666666666666666,1.8635204081632653,0.0,0.0,0.0,,False,0.0,True
A-d77f4c,Company_470,DevTools,US,2023-09-25,partner,Pro,4,True,False,1.270362765229295,2023H2,1-5,14,2,1506.5,0.07142857142857142,0.2857142857142857,0.07142857142857142,0.42857142857142855,0.7857142857142857,12.0,0.5,12,48378,3,62,617,50.568333333333335,32,31,0.0967741935483871,62,0.05186385737439222,485.68803879310343,2.0,31.0,75.0,0.0,0.5,4.0,3.0,0.0,1.574353448275862,3.0,0.0,0.0,2024-08-06,True,2.361530172413793,True
A-ccabf0,Company_471,HealthTech,IN,2023-11-06,organic,Pro,1,False,False,1.1553730321697468,2023H2,1-5,10,2,1029.0,0.1,0.0,0.1,0.7,0.9,16.5,0.5,8,22281,1,50,506,46.96888888888889,29,31,0.16,50,0.05731225296442688,437.9537914691943,4.0,46.25,89.75,0.0,0.5,3.6666666666666665,3.0,0.25,3.4620853080568716,2.0,0.0,0.0,2024-05-05,True,1.7310426540284358,True
A-700ade,Company_472,Cybersecurity,UK,2024-10-31,organic,Enterprise,1,True,False,0.1697467488021903,2024H2,1-5,8,2,1087.5,0.0,0.0,0.0,0.375,0.625,12.5,0.375,6,13859,3,29,284,23.716944444444444,18,20,0.06896551724137931,29,0.06338028169014084,1673.0806451612902,4.0,30.25,53.5,0.0,0.75,4.666666666666667,4.0,0.25,23.564516129032256,0.0,0.0,0.0,,False,0.0,True
A-4a4c2d,Company_473,DevTools,US,2023-05-02,event,Enterprise,54,False,False,1.6700889801505818,2023H1,31+,13,1,1026.0,0.15384615384615385,0.07692307692307693,0.07692307692307693,0.38461538461538464,0.7692307692307693,54.0,0.15384615384615385,12,32940,3,59,587,45.61333333333334,37,28,0.01694915254237288,58,0.06303236797274275,351.4782786885246,5.0,42.0,104.0,0.0,0.4,4.25,4.0,0.2,2.9938524590163933,0.0,0.0,0.0,,False,0.0,True
A-b7ef83,Company_474,Cybersecurity,UK,2024-05-29,partner,Pro,1,True,False,0.5941136208076659,2024H1,1-5,15,1,1274.0,0.0,0.13333333333333333,0.0,0.5333333333333333,0.6666666666666666,17.0,0.5333333333333333,14,26913,5,72,738,60.215833333333336,39,34,0.1111111111111111,67,0.052845528455284556,1242.1866359447006,2.0,47.5,79.0,0.0,0.5,4.0,4.0,0.5,3.3663594470046085,2.0,1.0,60.25,2024-06-01,True,3.3663594470046085,True
A-e08cd3,Company_475,FinTech,US,2024-09-21,ads,Pro,67,True,False,0.2792607802874743,2024H2,31+,11,1,3283.0,0.09090909090909091,0.0,0.09090909090909091,0.45454545454545453,0.6363636363636364,67.0,0.45454545454545453,10,67737,4,43,432,38.35111111111111,21,30,0.16279069767441862,43,0.04861111111111111,1546.9411764705883,8.0,30.375,93.0,0.0,0.75,4.0,3.0,0.5,28.647058823529413,2.0,0.0,0.0,2024-09-21,True,7.161764705882353,True
A-19b2c8,Company_476,DevTools,IN,2023-06-06,other,Pro,20,False,False,1.5742642026009583,2023H1,16-30,13,0,980.0,0.07692307692307693,0.07692307692307693,0.0,0.46153846153846156,0.6923076923076923,20.0,0.46153846153846156,13,26703,4,63,601,52.33361111111111,34,31,0.06349206349206349,62,0.056572379367720464,381.765652173913,3.0,29.333333333333332,90.0,0.0,0.3333333333333333,4.666666666666667,4.0,0.0,1.9056521739130434,1.0,0.0,0.0,2024-08-16,True,0.6352173913043477,False
A-970c97,Company_477,HealthTech,DE,2024-03-01,other,Enterprise,14,False,False,0.837782340862423,2024H1,6-15,8,1,1176.0,0.0,0.0,0.125,0.625,0.5,16.5,0.375,7,14868,3,44,444,37.147777777777776,24,26,0.045454545454545456,43,0.05405405405405406,529.9705882352941,1.0,61.0,139.0,0.0,1.0,5.0,5.0,0.0,1.1936274509803921,0.0,0.0,0.0,,False,0.0,True
A-6dee43,Company_478,FinTech,UK,2023-08-12,other,Basic,3,True,False,1.3908281998631074,2023H2,1-5,11,1,228.0,0.18181818181818182,0.09090909090909091,0.0,0.7272727272727273,0.7272727272727273,16.0,0.2727272727272727,10,20075,2,48,461,39.593333333333334,11,28,0.041666666666666664,48,0.02386117136659436,331.45718503937013,5.0,44.2,48.8,0.0,1.0,4.333333333333333,3.0,0.4,3.59498031496063,1.0,0.0,143.8,2024-01-14,True,0.718996062992126,True
A-5ed98d,Company_479,DevTools,US,2024-06-22,partner,Basic,24,False,False,0.5284052019164955,2024H1,16-30,8,0,1176.0,0.125,0.125,0.0,0.625,0.875,24.0,0.25,8,15478,1,32,312,25.087222222222223,18,23,0.0625,31,0.057692307692307696,590.4559585492228,5.0,35.8,91.8,0.0,0.4,5.0,5.0,0.8,9.462435233160623,2.0,0.0,0.0,2024-09-27,True,3.784974093264249,False
A-c58f49,Company_480,EdTech,US,2024-07-31,other,Enterprise,70,True,False,0.4216290212183436,2024H2,31+,7,0,13930.0,0.14285714285714285,0.14285714285714285,0.0,0.2857142857142857,1.0,70.0,0.7142857142857143,7,70980,0,38,363,30.15,22,24,0.07894736842105263,36,0.06060606060606061,860.9464285714286,3.0,36.333333333333336,60.0,1.0,0.6666666666666666,5.0,5.0,0.6666666666666666,7.11525974025974,3.0,0.0,159.96,2024-08-27,True,7.11525974025974,False
A-9c18c4,Company_481,HealthTech,US,2023-07-27,ads,Pro,11,False,True,1.434633812457221,2023H2,6-15,10,2,2189.0,0.1,0.3,0.0,0.5,0.9,11.0,0.7,8,13814,0,56,556,49.570277777777775,37,30,0.07142857142857142,53,0.06654676258992806,387.55534351145036,4.0,42.25,130.25,0.0,0.5,4.0,3.0,0.5,2.7881679389312977,0.0,0.0,0.0,,False,0.0,True
A-cc8c8f,Company_482,DevTools,US,2024-06-16,ads,Enterprise,23,False,False,0.5448323066392882,2024H1,16-30,7,1,437.0,0.2857142857142857,0.14285714285714285,0.14285714285714285,0.7142857142857143,0.8571428571428571,23.0,0.42857142857142855,6,15600,1,28,268,18.60638888888889,18,20,0.03571428571428571,28,0.06716417910447761,491.89447236180905,2.0,14.5,123.0,0.0,1.0,3.5,3.0,0.0,3.670854271356784,1.0,0.0,0.0,2024-09-12,True,1.835427135678392,True
A-5f7781,Company_483,DevTools,US,2024-08-20,other,Pro,22,False,False,0.3668720054757016,2024H2,16-30,5,0,1078.0,0.2,0.2,0.0,0.6,0.8,22.0,0.4,5,10252,1,18,183,19.306944444444444,10,16,0.1111111111111111,18,0.0546448087431694,498.8115671641791,2.0,28.5,42.0,0.0,1.0,4.0,4.0,0.5,5.451492537313433,1.0,0.0,0.0,2024-12-25,True,2.7257462686567164,False
A-e1b9cd,Company_484,DevTools,US,2023-02-26,event,Pro,40,False,True,1.8480492813141685,2023H1,31+,15,3,1960.0,0.06666666666666667,0.0,0.2,0.4666666666666667,0.6666666666666666,40.0,0.13333333333333333,12,26362,5,80,840,67.67111111111112,47,34,0.1125,80,0.055952380952380955,454.5333333333333,1.0,35.0,115.0,0.0,1.0,3.0,3.0,0.0,0.5411111111111111,1.0,0.0,0.0,2024-10-01,True,0.5411111111111111,True
A-ac85cd,Company_485,EdTech,US,2024-07-31,partner,Enterprise,53,False,False,0.4216290212183436,2024H2,31+,12,3,2597.0,0.08333333333333333,0.08333333333333333,0.16666666666666666,0.5,0.9166666666666666,53.0,0.16666666666666666,9,37663,1,63,634,48.88944444444444,29,30,0.07936507936507936,59,0.04574132492113565,1503.6915584415583,3.0,33.666666666666664,76.33333333333333,0.0,0.0,3.5,3.0,0.3333333333333333,7.11525974025974,2.0,1.0,186.32999999999998,2024-10-20,True,4.7435064935064934,True
A-d792a6,Company_486,DevTools,US,2023-01-23,organic,Enterprise,4,False,False,1.9411362080766599,2023H1,1-5,15,1,399.0,0.26666666666666666,0.06666666666666667,0.06666666666666667,0.5333333333333333,0.9333333333333333,9.0,0.4666666666666667,14,22954,1,68,690,56.49861111111111,40,32,0.10294117647058823,64,0.057971014492753624,355.4619181946403,5.0,40.6,97.8,0.0,0.6,4.0,4.0,0.6,2.575811001410437,2.0,0.0,0.0,2023-09-11,True,1.030324400564175,True
A-ac9111,Company_487,HealthTech,US,2023-08-12,event,Pro,21,True,False,1.3908281998631074,2023H2,16-30,16,2,780.5,0.125,0.0,0.0625,0.4375,0.875,21.0,0.375,14,25828,2,83,808,70.64722222222223,46,36,0.12048192771084337,77,0.05693069306930693,580.9488188976378,3.0,24.666666666666668,89.66666666666667,0.0,0.6666666666666666,5.0,5.0,0.6666666666666666,2.1569881889763782,1.0,0.0,0.0,2024-06-25,True,0.718996062992126,True
A-18793f,Company_488,EdTech,US,2024-12-18,organic,Basic,148,True,False,0.038329911019849415,2024H2,31+,11,1,7252.0,0.18181818181818182,0.09090909090909091,0.0,0.45454545454545453,0.8181818181818182,148.0,0.18181818181818182,10,75776,2,48,486,46.75277777777778,20,30,0.08333333333333333,46,0.0411522633744856,12679.392857142859,5.0,45.2,101.6,0.0,0.4,3.8,3.0,0.0,130.44642857142858,1.0,0.0,25.41,2024-12-30,True,26.089285714285715,True
A-9f0b68,Company_489,EdTech,US,2024-04-28,ads,Basic,10,False,False,0.6789869952087612,2024H1,6-15,12,0,1990.0,0.08333333333333333,0.16666666666666666,0.08333333333333333,0.6666666666666666,0.75,17.5,0.5833333333333334,12,28518,3,70,709,53.92305555555556,33,36,0.17142857142857143,67,0.0465444287729196,1044.202620967742,3.0,30.333333333333332,96.33333333333333,0.0,0.6666666666666666,3.0,3.0,0.6666666666666666,4.418346774193548,2.0,0.0,0.0,2024-08-10,True,2.945564516129032,False
A-d3c88e,Company_490,DevTools,US,2024-10-18,event,Pro,16,False,False,0.2053388090349076,2024H2,16-30,13,0,784.0,0.15384615384615385,0.23076923076923078,0.0,0.46153846153846156,0.6923076923076923,16.0,0.38461538461538464,13,26183,4,64,644,56.80083333333334,48,33,0.171875,63,0.07453416149068323,3136.28,3.0,58.0,48.0,0.0,1.0,4.0,4.0,0.6666666666666666,14.610000000000001,1.0,0.0,0.0,2024-11-18,True,4.87,False
A-ccb686,Company_491,DevTools,US,2024-01-22,other,Basic,10,False,False,0.944558521560575,2024H1,6-15,12,1,980.0,0.16666666666666666,0.3333333333333333,0.08333333333333333,0.5833333333333334,0.6666666666666666,16.5,0.3333333333333333,11,21351,4,70,721,56.62444444444444,46,35,0.11428571428571428,66,0.0638002773925104,763.3195652173913,1.0,67.0,30.0,0.0,1.0,4.0,4.0,0.0,1.058695652173913,3.0,0.0,25.92,2024-06-22,True,3.176086956521739,True
A-118f1c,Company_492,Cybersecurity,US,2024-10-31,other,Pro,32,False,False,0.1697467488021903,2024H2,31+,8,2,6368.0,0.125,0.0,0.0,0.75,0.625,32.0,0.625,6,26080,2,38,369,26.893333333333334,14,22,0.05263157894736842,36,0.037940379403794036,2173.826612903226,1.0,64.0,141.0,0.0,0.0,3.0,3.0,0.0,5.891129032258064,1.0,0.0,0.0,2024-12-17,True,5.891129032258064,True
A-0e966d,Company_493,FinTech,IN,2024-06-25,ads,Basic,11,False,True,0.5201916495550992,2024H1,6-15,11,1,539.0,0.09090909090909091,0.0,0.0,0.5454545454545454,0.8181818181818182,13.0,0.18181818181818182,10,12236,2,64,636,54.9125,34,31,0.171875,62,0.05345911949685535,1222.6263157894737,3.0,31.666666666666668,95.33333333333333,1.0,0.3333333333333333,4.5,4.0,0.3333333333333333,5.767105263157895,0.0,0.0,0.0,,False,0.0,True
A-b9f5b1,Company_494,Cybersecurity,US,2023-01-24,other,Pro,15,True,False,1.9383983572895278,2023H1,6-15,7,1,285.0,0.42857142857142855,0.0,0.0,0.7142857142857143,0.7142857142857143,15.0,0.7142857142857143,6,7072,2,30,307,25.16,12,21,0.1,30,0.03908794788273615,158.37817796610167,6.0,31.833333333333332,75.66666666666667,1.0,0.3333333333333333,3.3333333333333335,3.0,0.0,3.0953389830508473,1.0,0.0,0.0,2023-07-21,True,0.5158898305084746,True
A-8ae3fc,Company_495,DevTools,CA,2024-06-28,ads,Pro,9,False,False,0.5119780971937029,2024H1,6-15,8,0,410.5,0.125,0.0,0.0,0.5,1.0,20.5,0.125,8,4447,0,39,402,36.178333333333335,30,26,0.1282051282051282,39,0.07462686567164178,785.1898395721926,4.0,39.5,65.5,0.0,1.0,3.5,3.0,0.5,7.812834224598931,1.0,0.0,0.0,2024-08-10,True,1.9532085561497328,False
A-55f257,Company_496,FinTech,US,2023-12-21,organic,Basic,9,False,False,1.0321697467488022,2023H2,6-15,10,0,539.0,0.3,0.3,0.0,0.6,0.8,17.5,0.3,10,12137,2,53,476,40.547777777777775,25,31,0.11320754716981132,50,0.052521008403361345,461.16445623342173,6.0,43.166666666666664,114.5,0.0,0.5,5.0,5.0,0.3333333333333333,5.812997347480106,0.0,0.0,0.0,,False,0.0,False
A-d26ab4,Company_497,DevTools,UK,2024-11-07,organic,Basic,9,False,True,0.15058179329226556,2024H2,6-15,9,1,209.0,0.4444444444444444,0.0,0.1111111111111111,0.4444444444444444,0.7777777777777778,18.0,0.4444444444444444,8,15731,2,46,458,33.716388888888886,24,24,0.06521739130434782,43,0.05240174672489083,3041.5363636363636,2.0,49.5,110.0,0.0,0.5,4.0,4.0,0.5,13.281818181818183,1.0,0.0,86.02,2024-12-26,True,6.6409090909090915,True
A-712533,Company_498,EdTech,US,2023-07-31,organic,Pro,18,False,False,1.4236824093086926,2023H2,16-30,12,0,980.0,0.16666666666666666,0.08333333333333333,0.0,0.4166666666666667,0.9166666666666666,20.0,0.3333333333333333,12,19382,1,55,571,50.01555555555556,35,32,0.07272727272727272,55,0.06129597197898424,401.0725961538462,5.0,37.4,97.2,0.0,0.4,3.75,3.0,0.2,3.512019230769231,1.0,0.0,0.0,2024-07-18,True,0.7024038461538462,False
A-781cc0,Company_499,EdTech,US,2024-09-04,organic,Pro,12,False,False,0.3258042436687201,2024H2,6-15,16,2,522.5,0.1875,0.125,0.0,0.4375,0.6875,12.0,0.375,14,14555,4,87,864,75.00222222222222,42,31,0.08045977011494253,81,0.04861111111111111,2651.8991596638652,4.0,57.5,106.0,0.0,0.75,3.6666666666666665,3.0,0.25,12.277310924369747,2.0,0.0,0.0,2024-10-12,True,6.1386554621848735,True
