sim,ends_31_12,ends_q4,ends_dec,UNADJUSTED_irr,UNADJUSTED_p,COMPOSITION_PLUS_START_COHORT_irr,COMPOSITION_PLUS_START_COHORT_p,EXCLUDE_DECEMBER_PLUS_START_COHORT_irr,EXCLUDE_DECEMBER_PLUS_START_COHORT_p
0,26,338,205,3.2805035814163794,8.574859688706793e-31,1.2819224717893491,0.0198443000553155,1.430916759563341,0.005077331170811503
1,17,317,191,3.161856370294406,1.1683281479250417e-28,1.4059180641157993,0.0023825173871025113,1.398695093151303,0.012810177857284706
2,15,322,194,3.1138763641271563,1.9527427793409478e-26,1.3341737188944902,0.022035458890715245,1.190678299862887,0.22134562894832654
3,16,322,195,2.7540312867435923,3.1095288021519647e-24,1.030986341739639,0.8056309642109658,1.0456227367941933,0.763249758062296
4,16,339,201,3.084311645457175,1.1467191316825906e-25,1.2826164131748974,0.04945515528272095,1.2443024456033325,0.12684748182601727
5,20,328,203,3.061701178653381,1.7014020263107901e-25,1.0966215263426655,0.4449567426576714,1.0993508853205376,0.490767711527652
6,26,365,228,3.2517588731115983,2.214877505930703e-33,1.2940838087346054,0.014386558980954468,1.2630845221226623,0.06260134781581621
7,18,335,200,3.4751733538849923,1.149204041126851e-34,1.3430564515876695,0.010247489073318305,1.3687762642365975,0.01940412630907591
8,22,324,197,3.022862583042358,8.913961506374727e-29,1.2224471520844404,0.07159063401773347,1.1917890464536318,0.18902073169401723
9,18,330,205,3.1312649820386453,5.757571706502171e-29,1.3330377021752424,0.021467616817964094,1.120691562512016,0.4116464964006683
10,16,331,196,3.1630029114738654,2.026146124515423e-29,1.3345657407809128,0.011209460352207205,1.3037333346510054,0.03518163650691887
11,17,342,191,2.991051151873123,5.763820357004732e-27,1.2671274443725886,0.03578224526312735,1.352383308342143,0.015419600680972622
12,13,345,199,3.344045798040666,2.5499029063220133e-27,1.2422592979969747,0.09417429499321753,1.2607118099869943,0.129865167483559
13,11,329,186,3.2485016500965904,6.700000900602901e-30,1.1491823218063435,0.23538929993887014,1.1635780431077116,0.24804039346400175
14,17,332,210,2.6179132905370905,5.333634339715741e-24,1.1501400574052836,0.18000124268533335,1.0281367651599573,0.8301305661478575
15,22,348,218,3.272668846720908,2.2892081036233642e-30,1.1514797057753974,0.22722000743726145,1.12759001791258,0.3664506261241547
16,10,313,197,2.6277080118451175,1.6602071302595196e-20,1.0029337984666582,0.9808335066221552,0.9941868702845538,0.9679397577840861
17,22,345,200,3.0217917568902513,1.2202548663941293e-28,1.2219620959954482,0.07787869916088482,1.2810911655681492,0.059401462747695144
18,19,315,198,2.63764940440703,7.33848443324946e-21,1.1236450755390874,0.27685839381857413,0.9941619690806864,0.9646830395737228
19,29,352,202,3.3871400768549873,3.248801241622699e-32,1.5094489586621538,0.00017488746599819845,1.5926694241488133,0.00017863473180530355
20,18,324,200,3.0433812792843207,9.963101889485513e-29,1.1416951883925435,0.24191595433678637,1.1272788097701156,0.3838747520809297
21,25,308,193,2.85852123258248,1.4136351729255432e-23,1.1314069462701501,0.26469597556054447,1.0725119618194086,0.6017230958773248
22,18,338,197,2.6180080038294142,6.3683611045969425e-24,1.089370983384434,0.39707813390361035,1.1348033932750254,0.2920533365848742
23,19,344,179,2.9112728245525665,6.298816462758529e-28,1.3479012527968248,0.007460006692825536,1.48088450115171,0.0021540714430621343
24,18,339,213,3.1739202238356694,3.988143845332133e-29,1.3503485343443544,0.00911746930644078,1.278109545019938,0.0767278761888209
25,17,343,186,3.2011825527684685,8.491727865598424e-32,1.2824507942109888,0.022860741857366144,1.3352062766175339,0.0172890373279833
26,13,324,193,2.918666530254739,1.2631196437041208e-24,1.1131228025384814,0.36452487793355115,1.123717047380905,0.3629152038959679
27,16,324,184,2.686669469809416,1.1677309967304408e-24,1.2062978906433435,0.07885774908721015,1.2639634509740099,0.06939428732295468
28,17,305,184,2.932363569383648,3.709771468580828e-24,1.339995131283455,0.009239234741991861,1.254854926294021,0.09178678097417685
29,7,303,175,2.7124894992509536,3.4219567701641917e-22,1.1861987549039863,0.1188161630871884,1.2089373562054329,0.14940493398670815
30,14,312,185,2.5488533180370245,1.1416714602057416e-20,1.0924235658584862,0.43037873544562344,1.105324148161549,0.45499695853592614
31,19,309,197,2.719639810352307,5.158031898255809e-23,1.0519193441291683,0.649253756741355,0.981469079214942,0.8908954757154344
32,14,316,200,3.15395837152582,5.419365130917118e-26,1.2835625172845129,0.03041606633596179,1.2786561648367138,0.07968321253544608
33,14,315,184,2.721919815780621,1.6502013667559405e-21,1.1766033768917654,0.19526322122102113,1.1574917612144568,0.32666596948394666
34,23,335,203,2.7982796882723946,5.071757769792866e-23,0.9808617525168272,0.873605872515486,1.0135559347050331,0.925143239857567
35,12,320,176,2.706477707837365,2.0140943966060176e-22,1.0815088834799846,0.4714922289628324,1.1318847176077669,0.3216378391070198
36,19,338,205,2.969995701607037,4.42941161687361e-27,1.2950723518948928,0.016383955236428598,1.2469350524131884,0.08115938273130958
37,23,327,191,2.968374920401336,4.473571746483478e-28,1.3724310458544,0.004142138092547454,1.3412396739325758,0.021159217028915607
38,23,365,224,2.7834938109262013,1.5086876430089132e-26,1.17726377832853,0.12922761297993793,1.1234806205116707,0.3492499386813189
39,12,314,177,3.0080708958198867,3.0893318819889805e-28,1.30827303941603,0.010936822313298178,1.3606802573585999,0.010671396166959576
40,16,322,194,2.883683393555891,1.3730624651297665e-25,1.2559811244860433,0.0413941596226884,1.1702608343594096,0.2298860290700463
41,19,311,205,3.2104999174133124,1.596924858442031e-24,1.3150005908635674,0.027734425536789536,1.2146521808212267,0.19729136842019301
42,13,349,211,2.8123362186566605,1.7567794487137617e-27,1.1750885568753162,0.13638124712763539,1.1627394447353085,0.25777638758505494
43,15,313,185,2.8772749673415565,9.755996284956536e-24,1.1931359583438503,0.10976411636593085,1.2090050442501619,0.15460566801106831
44,22,303,180,2.5347337933454033,3.503273644921905e-21,0.9951378945550413,0.9611615144141252,1.016055483063637,0.8971358225192047
45,12,309,187,3.155804255737124,1.3724174282863595e-24,1.2831531269962335,0.03631983047357799,1.314725618231189,0.05504492918423533
46,18,339,217,2.886403980762444,1.5016272488846568e-27,1.2952682299504747,0.015121841131517717,1.139087210449428,0.308446466260095
47,18,323,189,2.7129828694956473,2.7602418223884047e-24,1.2379364275103482,0.057999011397046864,1.2119995370244798,0.14825695880476783
48,20,325,188,3.094807757831908,4.3880645668330245e-26,1.240868748870711,0.08447161017658558,1.2761816208622334,0.08260748735355102
49,15,321,196,2.746846965015012,5.175216304770209e-22,1.0476603741619999,0.6630838276827478,1.0720198973436639,0.5924893221755558
50,21,303,175,3.1986180486321127,4.312681702220371e-28,1.2954361753938273,0.040300704876630816,1.2871324851627848,0.07307830883923412
51,24,335,217,2.9255607973200615,2.4378818094780997e-27,1.0605257418844476,0.552108561144872,1.066541925382494,0.6130775030554223
52,24,320,196,2.9571354382894666,2.492925744499972e-26,1.376517741292799,0.005764217513741387,1.2430940622400681,0.1172101260392188
53,19,337,204,3.103493938404893,5.565205729535865e-29,1.2148319306779203,0.10927261333939574,1.146617459290879,0.33805012528411615
54,17,330,198,2.762294874254576,1.2326550113757918e-23,1.010062591061317,0.9264760895587009,1.0447978144210999,0.7265259294305823
55,14,350,213,2.8750441369693256,1.721900242046946e-27,1.3332125331562386,0.004770032888892563,1.1906033429773528,0.15816725668370823
56,20,332,217,3.0099761464324786,1.316073000950086e-29,1.1431285607510502,0.2179787722375568,1.0322861334784206,0.7992727156568262
57,20,339,201,2.7374833108359824,6.754769112283736e-25,1.2176007242215214,0.07049013872660809,1.1411430215798348,0.2888178420811425
58,19,331,194,3.158579778093125,4.6568871954107615e-27,1.4113662562594438,0.003820237696176007,1.4760988996128435,0.004137972237694667
59,19,337,190,3.018255698534332,2.2305758589561124e-29,1.2321760542173532,0.05045970036440728,1.2768595816052724,0.046888064385392246
60,20,325,215,2.833158650213158,2.60842197305679e-25,1.0105750093645847,0.9263583897789359,0.942634702384239,0.685545588982748
61,13,347,208,3.3652258137217865,2.5525685127181624e-33,1.2885565088005686,0.02655119809534098,1.2962590939989616,0.04646158474426418
62,13,350,196,3.2285928109946465,1.1897854906866647e-30,1.5109647306765375,0.000271007558616124,1.5617686738207668,0.0005992188125878719
63,24,319,181,2.678478600991422,7.144932638248747e-25,1.1392390174534037,0.24070806480344287,1.1856379631021419,0.19019247834131947
64,12,289,169,3.135919871325741,5.017390442484349e-24,1.3897138044392379,0.0038005651399384906,1.357826881927603,0.023617102150543762
65,15,345,202,3.0578377773810423,8.020067919419446e-27,1.340469584401343,0.011381815801021995,1.3224226974403175,0.03297788372982808
66,15,317,193,2.9810127411653653,1.6213926057607702e-27,1.3124190455234688,0.014846835961718848,1.1990736607444887,0.18173493494668203
67,19,342,199,2.9744973535231645,2.2552402585047142e-25,1.3017961401675535,0.021021971490869075,1.2427989216893918,0.08581496363088055
68,23,346,212,3.017235990048721,2.2532265840659947e-26,1.2565939960750052,0.03577050020161939,1.2157384065287553,0.14116272497904409
69,18,301,174,2.404403100072811,1.88373464172297e-18,0.9434388978333201,0.5970451830100967,0.962505038015017,0.76316706363455
70,16,318,191,2.971731341309424,3.5100808638526714e-25,1.3159747159349602,0.02345579783879366,1.317614478120833,0.04901070459584736
71,13,314,186,2.6723495696834645,1.0310446756146636e-22,1.237721810784217,0.052894722337182426,1.228932342282246,0.1164916198577047
72,22,319,198,2.9504918604435315,3.2220004687265882e-28,1.1172069899378991,0.31452642572245026,1.023527496618563,0.8621588049053011
73,21,316,202,3.0734132908798952,5.520016044624892e-28,1.2583780260912991,0.03374590386994151,1.1363900441937267,0.35588996615581403
74,18,317,184,2.7422878195700586,8.720641139597606e-24,1.179441677957703,0.13555168013041657,1.1783681883068697,0.19655201270201483
75,12,333,199,2.764575982919655,5.182129100637845e-24,1.168001785123736,0.1514192961247237,1.164122363836898,0.2425215915062019
76,10,344,185,2.8703055305796026,1.7852252329000106e-28,1.3209195097586945,0.006795137884698012,1.4066971151413936,0.0027605413643365237
77,18,355,225,3.328198518319365,3.0816360293569833e-28,1.173647671246231,0.17422913991686684,1.08197539681396,0.5667534869486173
78,19,343,201,3.1742245269070746,7.854182982980108e-27,1.247673604807192,0.07097338727759159,1.265083921121772,0.09229814876909123
79,21,306,182,2.99528144834231,8.560529664105345e-25,1.3058678342957784,0.023178704506650785,1.327171664124436,0.043928465567730585
80,23,331,204,3.1009351585171085,1.1438883598715869e-28,1.0735454222651848,0.5624214487425694,1.093707613103822,0.5198909627341961
81,20,339,204,2.8600074553349732,2.505858757155939e-27,1.2283278914255358,0.06027206504807718,1.1089107558687141,0.42138993753088205
82,10,346,215,3.9636334109170073,4.5581001923315516e-41,2.0216959292319694,4.124330022535962e-12,1.9096442648612304,1.6671627110347847e-07
83,17,311,181,3.515500005029407,1.253963816460575e-27,1.406110411199423,0.012325469509123846,1.5291869347022533,0.0057504128973099615
84,17,324,183,3.056053332427393,5.454705900404683e-26,1.1651926533001278,0.19154578696799318,1.2162517334594045,0.12631401452639915
85,21,322,192,2.745515647575733,3.364582732161123e-23,1.125244793287542,0.2921654002348174,1.1851014407006075,0.21311900456123778
86,17,309,184,3.237815269392379,1.6198964704053745e-27,1.304018160132246,0.02242809640065478,1.2712994322794593,0.07274717017892925
87,24,354,218,3.532535799862923,7.549561293840026e-33,1.3437606718470756,0.013722374471496598,1.3305328118998025,0.04277067625834814
88,13,355,193,3.3437593826706475,3.42252199297389e-34,1.4288890146361508,0.002657456279445968,1.5548300672985698,0.0012842323236211704
89,17,318,189,3.0407210100077218,1.1515192337906326e-25,1.0486296693032113,0.6770850662511249,1.0441569822257293,0.7378915096378273
90,18,335,193,2.884959562118173,8.443883491697424e-27,1.30431416607188,0.013929188816172519,1.1820720680903314,0.18753632356720973
91,12,312,183,2.72191408044226,1.8885210549950182e-23,1.0584973571829797,0.5871511782855476,1.0859354878941616,0.5097336326198854
92,21,339,222,3.4427268619713347,1.5383389634153054e-32,1.2452417014157229,0.05497369103143933,1.1849662137045822,0.21691664431586655
93,15,364,216,3.494130588116624,5.046911221254279e-33,1.4793820981462598,0.00202969894609066,1.4747869738788477,0.007061624697629319
94,18,355,204,3.6120611173507986,2.837503220966886e-32,1.4204123931647432,0.0017375227396204708,1.5503214630209818,0.0009292266311871224
95,13,334,183,3.0475413372217477,2.710227705515882e-29,1.3486479356268137,0.008557799353021213,1.3934203761674269,0.00970070692620644
96,21,324,191,2.701436072734019,1.4209159014217468e-22,1.0417691231817707,0.7201279863691241,1.0245560437016328,0.8534444579659662
97,20,346,214,3.222744218243271,3.640288776635481e-30,1.2783054443824897,0.024045216213042765,1.2348158851627138,0.11925223170904056
98,16,340,205,2.9201276267809133,1.3094545369657651e-24,1.1429080954502275,0.27056491351841916,1.1046741007836778,0.4898026465943448
99,12,306,188,2.6400729035073,2.5057884184997807e-21,1.031754473310606,0.7884239796166072,1.021988866231894,0.8802012042404938
100,26,341,215,3.0614417105624536,6.838219590705907e-28,1.1158831901373516,0.34407714835362446,1.0744121764193861,0.5980555396473277
101,20,333,185,3.090619328890123,4.652389629762518e-29,1.4221834632922061,0.002168717099125769,1.3278478145945194,0.017122434137770474
102,14,342,200,2.9572209167700207,2.0903146137534114e-27,1.3075625427045032,0.01895186950849027,1.3780930112571124,0.020611792084615027
103,10,331,188,3.0754466522167294,1.9698137466722782e-28,1.189448297071222,0.1403013001149898,1.2039383272962612,0.17039898870974102
104,13,337,205,2.688429206199396,2.0112950283398168e-26,1.143831945432991,0.18636391064514068,1.0897503514106246,0.492918798018963
105,25,337,207,2.9981181086478794,4.238148369962299e-27,1.1989336076993475,0.10772284010421103,1.2001573815273332,0.17134467009908894
106,8,326,187,3.140965602447787,5.326856727737032e-30,1.431638107029643,0.0028379510585109196,1.4708977162155898,0.005050533434210524
107,15,310,177,2.81664281594772,2.135234845923946e-23,1.114905512331455,0.3331779302031904,1.1949331928757467,0.18991624595934886
108,16,343,209,3.0199665886257967,6.034808552568666e-28,1.209148431895434,0.10410763082810962,1.1427194705404906,0.33117983006897644
109,12,312,189,3.100572797113996,9.31298213692686e-26,1.2198296945372302,0.10062585332375892,1.1446587297954813,0.3291504118347365
110,20,327,198,3.1952596503310007,1.5722202898311476e-30,1.255112014281545,0.05417250553159667,1.2146124700660064,0.16256461036007497
111,23,354,223,3.1808286509689916,1.7734095833642154e-29,1.5229396541778664,0.0001409911947055663,1.3892911886979455,0.013397041571269062
112,18,333,183,3.0349358745993076,1.6288528528684176e-25,1.1074762525885882,0.36570751202712304,1.2791437104421943,0.05494349347939662
113,20,361,237,3.3441702435824907,2.6104357571305665e-34,1.495313994550739,0.000204879628536318,1.3828048579170273,0.013133562691135697
114,15,344,210,3.4007354478732945,1.1071848363718238e-31,1.3581495417472562,0.005903995402668923,1.4132908958856363,0.010385260061151948
115,21,359,215,3.5791443074586726,3.484408312099541e-36,1.492643601359967,0.00027729028154258945,1.4409132346276188,0.0046451987885313545
116,18,366,239,3.6515478388305285,4.994769147481511e-38,1.4010788620474375,0.004207929184631954,1.277734189707568,0.0766748561489456
117,20,349,203,3.359191856663413,3.005564743906234e-32,1.3579587397717199,0.009166607117569897,1.4719006959885166,0.003679468352971198
118,15,327,194,2.7664197920679343,3.239223304875374e-23,1.2233564067872131,0.0860622117385379,1.2316742771603733,0.13856527349019282
119,15,341,214,3.5086978619644302,9.607563916938992e-37,1.319838971005756,0.014896419246660903,1.3280410539257477,0.04418410534581334
120,18,332,195,2.9400382644099117,1.1964041036638846e-25,1.210368198054698,0.10355384189898884,1.0768577827024308,0.5454955621828154
121,9,307,194,2.669829164856441,1.7406461348821757e-22,1.0495661573039115,0.6603697630753376,0.9419403077510775,0.6528901982367066
122,21,310,195,2.723173508534821,2.4320509712238113e-23,1.1558670994738072,0.2130649247893106,1.033016397441112,0.8121387918936729
123,18,334,197,3.293752728555328,4.1211914904752525e-31,1.3081899633184564,0.022552128735656547,1.3539436349818152,0.028317681027438202
124,23,359,218,2.7914385196133975,3.2270530308969143e-27,1.2249128311328075,0.0452351797181221,1.2465347915690321,0.06653653038122426
125,17,346,200,2.7025458438530956,2.378085239584799e-23,1.0951523705754926,0.43658432967615746,1.0615451569768728,0.6592625292797563
126,18,323,187,2.3803153677614945,1.658920440642141e-22,1.1058566819881002,0.31450991352824076,1.1588431472484864,0.22923057279116787
127,19,363,216,3.8580015441445115,2.6980760951593736e-38,1.6570637459919475,2.3885541124195443e-05,1.7138368804697894,9.438765274214904e-05
128,17,325,184,2.9152972513144295,1.6126148892860066e-25,1.2968107661999233,0.011825703143286128,1.3683153784263953,0.012601097065268747
129,21,304,189,2.648113052290258,8.0379634969237575e-22,1.175657916791831,0.13955653985748362,1.1117084566741535,0.4190192294555949
130,16,324,186,3.118511900800041,4.201302393069911e-28,1.3387121812080598,0.011085278482623532,1.3025322262593397,0.037473727608797455
131,18,320,184,2.6474311961478874,5.734049565990707e-20,1.0265908747588453,0.825405171878145,1.1277283623363754,0.38587959087428014
132,25,332,196,2.76870920976661,1.1041556430160718e-27,1.137617788417232,0.2526345523997866,1.0831671350139005,0.5457983906215798
133,22,339,206,3.4375642821351065,7.076760528168199e-30,1.1961129931285073,0.1016665682266677,1.269030227985657,0.06806582039498657
134,22,352,210,2.9693780621306685,8.747186946839944e-27,1.2133137449652205,0.06699651944588698,1.170181491529896,0.22050627466986006
135,13,335,214,3.277158024686565,7.967186489375135e-29,1.2566026511590824,0.0441851307711822,1.2556448349238607,0.09741750431540643
136,16,324,198,2.7593556762940636,1.119460021538898e-23,1.1237468720464454,0.2794190988822385,1.0939480520679463,0.5057344418994398
137,25,353,211,3.629869219118049,3.157948776361317e-31,1.2420975048243428,0.07574664483145285,1.408026296938669,0.01624336701919767
138,15,303,173,3.0186741740920002,9.7363045127908e-28,1.2624150123662787,0.04071565095665808,1.2853872802480126,0.04541221922498685
139,15,366,223,3.2276239712768398,1.594031337966182e-32,1.4144145824012586,0.0010181304289895278,1.4423134974124656,0.004087721136622658
140,22,318,182,2.999430900708857,3.474185893023037e-25,1.148486553906873,0.2426008020228757,1.1856136082384667,0.19930800480620225
141,18,339,217,3.348477420385668,2.221670817618141e-27,1.2543635832042697,0.04958926129794722,1.173985260718771,0.22625417033371176
142,17,332,199,3.1773830027293064,3.467000441548311e-26,1.3101117811900844,0.03151003987198385,1.2004920949691449,0.1974570942016305
143,17,310,195,3.2793466403947886,2.752827497184847e-28,1.2638842088144573,0.04202763571117567,1.2898834554959033,0.06278919650160358
144,11,312,173,3.2455861145236082,7.849472312620839e-27,1.4942689823131845,0.000557032872332626,1.6613541638889178,0.00022513499401652332
145,23,329,196,3.5683511086352784,6.094431421339802e-31,1.4047975072268921,0.008781754266176974,1.4416594559883,0.012941398023940185
146,17,320,172,2.5384328966373064,3.536778864617615e-20,1.1218185483889165,0.32549592695113205,1.2375706982850134,0.11639375640402182
147,14,334,194,2.824127522548818,2.7892282044408643e-26,1.2091487984829483,0.10146165592549015,1.2096418489694867,0.14787518601517619
148,18,309,182,2.603291300383292,2.600851866526952e-21,1.1796724301928692,0.14842537631854724,1.1652926119634768,0.28421598598116193
149,17,333,215,3.158054298805163,3.0331542898448937e-29,1.1937238962026127,0.11148743731307677,1.0919116986188562,0.5186071664345593
150,10,329,207,3.0213770354104916,1.9213112179094436e-27,1.2236864219054937,0.06506125892947143,1.115596290195358,0.3890028916378626
151,18,326,200,3.0156785465955287,4.469370217094171e-29,1.2714725979388646,0.026400299823518377,1.2061212677694446,0.13613519981879144
152,26,346,200,3.283376179773708,1.5231190373507143e-31,1.3113339578565992,0.019855644775935887,1.4152420560678158,0.010132485015936728
153,16,358,207,3.468189144127134,3.888696336938385e-31,1.3896012000834415,0.009426569313787351,1.474726253494023,0.006957027206822855
154,14,342,202,2.731713230962428,3.446625667353561e-25,1.099566479662887,0.36648338342662623,1.1127106153043667,0.37840794013328194
155,15,322,199,2.8940732307599366,2.905193545254934e-22,1.2675415212884884,0.0646639839400188,1.1477931369861762,0.3528950863954734
156,19,353,212,3.21008874866215,3.8635385029893277e-32,1.3257278099406238,0.007777784136548375,1.3144263659700077,0.026868517243371276
157,12,304,184,2.847428345380914,1.59820260067543e-19,1.2113168704086055,0.11032011817600236,1.1959828163685553,0.20991416508541105
158,12,294,179,2.516246301902795,1.2256710500406092e-19,1.0184713130704408,0.8682347993522188,0.9267668471888704,0.5704115442205759
159,21,333,197,3.0027052503987997,1.1537077673397279e-30,1.226974692403282,0.05815449427266156,1.2303305778838558,0.09978141879012745
160,13,323,188,3.0557409743372705,3.1267373884717913e-25,1.1601592319833856,0.19508811893734745,1.2156736588482397,0.14287635317333658
161,17,322,212,2.5671104802750433,2.322630263016508e-21,0.9530757999383942,0.6661522128186665,0.809253584488588,0.11756752308648714
162,26,356,213,2.9682388658632446,6.2717386318914e-29,1.2083322673381172,0.07287616964709681,1.1564654495999234,0.2380551193782372
163,19,327,191,2.935688521318067,9.266316440280966e-27,1.063032540270831,0.5907403990315401,1.1054134292034343,0.454355511630538
164,7,327,171,3.243549659596043,2.9947891981096003e-31,1.5815342260983225,3.526809760601856e-05,1.660393048736074,5.843913832832455e-05
165,16,327,196,3.227992586353784,4.1519105130500116e-29,1.1879773801526348,0.1430359330788936,1.1646412885805215,0.2422082039597887
166,24,328,212,2.92901095918127,3.465659781426294e-27,1.1717841270554012,0.15509299343379956,1.1043485676764655,0.46668938336660204
167,24,339,210,3.3501311319578524,2.1201548480056454e-32,1.3389208704718045,0.0059923933220633364,1.3208569434040083,0.025829063828894803
168,14,326,198,2.940965913721272,7.399178975490349e-25,1.1878763987395107,0.12054693117835154,1.1321115175876324,0.3327493066464403
169,14,308,184,2.948255872644768,1.6335646275392845e-23,1.1167850594584023,0.3392982589547253,1.1059246453233038,0.43963358043476275
170,28,339,204,3.2492465060618496,1.2341107301788764e-31,1.1952900289006534,0.09351263167451825,1.198022178994673,0.1382338279290891
171,17,329,198,2.615878357491687,4.075018968617656e-24,1.0783257183523327,0.47953980558471,1.033397210071162,0.7983207138840754
172,11,325,189,3.1615802643731232,5.727349759882051e-28,1.3572265601833442,0.006919373933335525,1.455887035054273,0.004505672159980515
173,19,356,211,3.5233463182925777,5.592277556418561e-34,1.4524617847571906,0.0027400596854737606,1.4253116491007882,0.011800827700686797
174,19,307,190,3.0316976440134784,2.7756275784249435e-28,1.1756431671083099,0.18479425517409243,1.1110451182633856,0.4413969677897305
175,23,324,217,2.9239833054187003,3.7807152809132728e-25,1.1909151103401863,0.09516773139539107,1.0717525197786166,0.6011364263747014
176,17,322,184,2.6522434666900376,4.842956571415333e-22,1.0958499520815723,0.4579820962618728,1.0850588433930084,0.5621094500354529
177,22,318,193,2.959695304327569,3.1303448345325324e-25,1.322559522286739,0.014354590247843168,1.2341343759175243,0.11850576942096629
178,11,335,190,3.4850238522902033,8.981699344656184e-32,1.305750962757972,0.01724777311620074,1.4182463869533415,0.00514417802885492
179,24,359,219,3.5049148092230396,5.769781823977019e-37,1.1533153303008448,0.17973019644606492,1.2436959241211716,0.0749544016050404
180,21,339,205,3.3581416017703605,1.5929504530923793e-33,1.4484814888425575,0.0010783229884476825,1.3332153323371967,0.02570152486059192
181,18,314,184,2.9365984148839335,2.2120770312632362e-23,1.2153081410394986,0.10571583053388815,1.2444172039696815,0.11879898464887592
182,12,309,176,3.1427347657181937,1.0812745515610355e-27,1.1830230719160049,0.1826394382577936,1.2466087214283645,0.12078663848275947
183,14,334,194,3.185771545818526,2.2524792462587436e-26,1.2895794466676551,0.025567730235197705,1.3313250448176968,0.027637548107567467
184,15,298,184,2.3888081067607345,2.4127716266365195e-17,0.9721085239650404,0.7909875163104529,0.9142933309662671,0.4751773257257508
185,19,338,191,3.16199290396444,1.278181320401499e-28,1.243223366299027,0.06215304734893316,1.3018181623551173,0.04726963773754312
186,13,342,210,2.8871121155862727,6.752792906369341e-28,1.2437911269998172,0.01893197513721557,1.1405663371595751,0.24490969533437223
187,18,306,188,2.9392211126181254,5.6110405697993e-24,1.072067357955614,0.558326323139609,1.0359232470909516,0.7971344149821412
188,14,332,212,2.719283791454591,2.039757514429096e-23,1.1109441177244084,0.33204282110369265,1.0528887759667882,0.7067523579926469
189,25,307,178,2.853953223285687,2.9461922400135093e-22,1.263762983891213,0.03223004891395284,1.3434011537940242,0.023481282307466055
190,12,344,202,3.005097344075877,1.1329851138223272e-29,1.1736218845967261,0.14753813024675808,1.1598503675047125,0.25624659669113325
191,22,357,223,3.2106297673153796,2.6316769173762873e-32,1.4696358021434912,0.0003585464486906118,1.4242986105810262,0.004989538675146826
192,20,345,196,3.3740276382267997,1.1437891149162127e-29,1.5643383405785865,0.0001079333902980056,1.6443813323761858,0.0001579896320882261
193,13,336,198,3.3050374501036583,4.53990146054249e-29,1.4731274040645994,0.0013783178883787102,1.4995758417761658,0.004319429198170875
194,17,330,196,2.8919735606085717,7.01236895198489e-27,1.251325594655177,0.04073309895537202,1.28352155627813,0.05046788277728573
195,15,340,205,3.489538860184326,1.4474474707081401e-34,1.3424305185036967,0.008420973711081846,1.4334910991788996,0.006367382164468788
196,18,329,210,2.7052115449572907,3.162145906903858e-23,1.1745457688814414,0.1570796387135317,1.0872834651072758,0.5545620259214339
197,20,362,221,3.458794361601415,2.7323924155641428e-36,1.2416536457609966,0.04168018903376241,1.2240598715142628,0.09293309870179575
198,13,321,185,2.9223492798687305,3.63788281226568e-27,1.225965393958511,0.08244637439068679,1.2955235729164418,0.06708652935586032
199,25,347,209,3.032563025789567,3.015455287479962e-30,1.2404194529342207,0.036241332407847236,1.263838014879208,0.05840127689681314
200,17,319,179,2.715949495948648,1.941333838692391e-24,1.2538522557520329,0.03213837930538895,1.2667646016285532,0.05831825713243407
201,21,305,185,2.5693589749196786,2.0390102249393973e-21,1.1869224786661672,0.13630463108092314,1.2066112585283133,0.18077987672078322
202,15,308,176,2.519172431311456,4.3956027501243117e-20,1.0419319361455834,0.7088034089432987,1.1050566812198932,0.43521409651891496
203,12,345,218,2.8261138148687217,1.762452583581435e-24,1.0928446152007352,0.44374972181265393,1.0029309114290357,0.98292961928096
204,24,318,207,2.74950428933977,1.290052202725156e-24,1.2934587978277565,0.018780260120328178,1.137422875652364,0.34478067416123626
205,19,337,209,2.611899582769681,4.61250299102981e-24,1.0485026064931784,0.6442009895344765,0.9960063366686078,0.9750764534199946
206,17,330,207,3.0018569114541602,9.277722160212144e-26,1.2491332050037616,0.05045807227286136,1.172821216398812,0.24200665960841838
207,17,309,192,2.746845929447847,2.0123683020752213e-23,1.2784103774625306,0.032356165717852534,1.2080414440876543,0.18434134870440377
208,21,322,199,2.487332273414416,1.4238952978021126e-21,0.9773293478682773,0.8365581270392789,0.9236694693145598,0.5522009609633867
209,15,313,198,3.190809461876258,2.0353488674050715e-25,1.462610708473251,0.0005314334263221526,1.3711379546212132,0.014761953404901369
210,15,301,170,2.674281547463952,2.9811884878762454e-22,1.1844241626893905,0.10142894052420962,1.221050418456988,0.10026403570516046
211,22,319,200,2.665411386683729,2.1672093221419455e-22,1.0550563609113812,0.6307859015884403,1.00354733855765,0.9785080554392235
212,17,355,214,3.0066276996987997,2.836130229388705e-29,1.1258468594169442,0.2853932554183992,1.1367915752223916,0.3101669147143954
213,16,358,216,3.369680511394267,9.952481437902641e-30,1.1575541964037892,0.20463909561587468,1.178181681206127,0.22391719342892402
214,15,347,215,3.3014892809839163,1.1548362776003217e-30,1.2567239799646925,0.038047426736756026,1.2247033965900715,0.10559403241162721
215,12,299,187,2.69953380142057,1.7101782925653249e-22,1.0903394297390752,0.49758235813975693,0.9907665857737629,0.9517893157006004
216,22,350,217,3.0973236748092123,2.5870086923332235e-28,1.3081289387131627,0.022371087016230074,1.1566867922723005,0.2813025973330934
217,17,320,184,2.8279283792421,7.617389755347433e-24,1.0280530072134437,0.8183715450422046,1.1122925175933123,0.45661410035511374
218,18,353,204,3.0357134503638883,2.7607614571745107e-30,1.2177793109487833,0.06175577786544282,1.3121176605269835,0.03160807165149217
219,20,330,209,2.974363938887114,4.1138894688028135e-28,1.2023673160852275,0.11375479652828989,1.1097239884891752,0.4342207479481548
220,13,331,213,2.8821300299185464,2.0484585509647896e-26,1.0639044268513034,0.5960164534361322,1.000345619418167,0.9980035270427152
221,14,338,212,2.7798495489702177,1.5634535387269883e-23,1.134804785185979,0.2589885649032344,1.0333887841735503,0.8040418184470834
222,18,348,190,3.568889482987411,3.425344889154429e-31,1.5395882284852591,0.00023850649990301396,1.5617857753943258,0.0005667819440855307
223,17,330,196,2.4831754288742447,3.93200978887608e-21,0.9904243615806169,0.9318235792557154,0.9530390118548246,0.7131672713773585
224,19,316,193,2.8890687019910652,3.995815910122036e-23,1.2605962148529513,0.037509256295180066,1.206401154274129,0.150145710149312
225,14,332,198,2.785548225006619,8.695369393507526e-24,1.1333258869715468,0.28772520549944813,1.1145376994875986,0.4396194435371089
226,19,333,202,2.670958858810839,2.785149575297918e-24,1.021686608441073,0.8400081490846145,1.0698143314142665,0.5971111149469197
227,28,321,200,3.25026274629936,3.9406117254977164e-30,1.1705093191773017,0.18670067650933442,1.1332352445533076,0.36859721379612376
228,19,304,183,2.4574837523833764,2.6634639905577472e-20,1.0868106829996396,0.4499484504080349,1.028401414424922,0.8285148668888129
229,16,350,200,3.0257912719055873,6.637711769220825e-29,1.2937595004191385,0.014930437231363006,1.310441814816356,0.02347056252362815
230,20,372,228,3.144346479761097,3.481553182240781e-33,1.3356374491730425,0.004695277611689963,1.3093147989003768,0.03406632717417404
231,23,290,190,2.5822465198382063,2.35824044843646e-20,0.9817951506040296,0.8702160792032655,0.9213175370103263,0.5703110983038797
232,14,323,199,2.6195121696485297,9.053127241426129e-25,1.0358279602658813,0.7454183761682637,1.0860072981723627,0.5237913652561199
233,18,336,196,2.84858377551979,7.303820922639567e-23,1.1705769254705067,0.1683568477218732,1.1318916032380815,0.3345705564623952
234,14,349,224,3.5708979187158385,3.052958971895771e-28,1.2906810215013078,0.035633820417142484,1.238891461334573,0.14721102658000684
235,15,316,185,2.9370461329238076,1.5455803007991568e-25,1.2436656069188934,0.06397433512728537,1.195472996814043,0.19061784842062302
236,11,325,194,3.047117497465432,4.5026785052772304e-28,1.3565567979172013,0.0064465073209444635,1.339701098691278,0.03414554522047073
237,25,331,195,2.9241992162328834,6.537264673801747e-27,1.3260652604749121,0.01621450380327363,1.2277142920713755,0.12568198324568666
238,19,318,191,2.9094480293096385,2.7671995079949593e-24,1.1670944072365415,0.19194276796979226,1.2474169618044102,0.10603167685406918
239,19,357,208,2.9811054257077836,1.1759987620299554e-30,1.1690326921964045,0.14227287970763608,1.1822837581073358,0.17803453061080265
240,22,314,204,2.6774053723331206,1.3057432011195207e-23,1.1369730312523612,0.20372298665172173,1.0503502170622399,0.694946334280683
241,13,328,190,2.893090067355558,1.2070476751977745e-25,1.2443124132896068,0.05002194941782744,1.2443058649123966,0.08965719779947358
242,17,337,212,2.7257019343875535,3.5872470732718737e-25,1.105683476053658,0.3413645306891261,1.0207949697259548,0.8749978105991139
243,11,298,186,2.391712253719796,2.5032491444641103e-19,1.1144511062507618,0.3403927135164534,1.010837085393808,0.9369724723158088
244,15,313,171,3.1094448722196333,4.536229931203439e-25,1.2186629639783018,0.09833520956657184,1.2880463405981597,0.06192575414309576
245,15,354,197,3.0259473893491657,7.935230172121709e-30,1.3607584166857842,0.0036309794090527456,1.4648049194142678,0.0014544662726075086
246,19,331,200,3.1901858141385255,1.3973987162481868e-26,1.1948306891044793,0.14491449676021614,1.2311300353357244,0.14747625253104138
247,23,324,220,2.808017885507903,4.979960421169564e-26,0.9363762426246992,0.5661051023030986,0.8267640309763836,0.18430052998731694
248,21,333,205,2.751719876049334,5.49417374944523e-26,1.211870396784886,0.06844853669100766,1.1046595931714374,0.43526569466632026
249,15,350,205,3.621502133003397,5.195021069851764e-36,1.5795965609637397,0.00010229727265067794,1.49316769822465,0.0020732141856036283
250,21,376,219,3.244308240756924,5.029246753698473e-31,1.2473962259311455,0.044319446837914646,1.3449374657077895,0.02253329486627068
251,22,344,206,2.9440689303764,3.404784381108743e-26,1.218724304372636,0.08093953308804228,1.1807081051396044,0.20916661154508986
252,19,322,185,3.282658694909659,1.9010749706462081e-31,1.4585265643859775,0.0008607193986654791,1.4799797637016074,0.0022462897891411073
253,24,322,205,3.2328298636642123,5.799120551409616e-29,1.1389463461378935,0.2701165968895328,1.060495076483783,0.6716843479533303
254,15,342,203,2.6374877196058635,8.55552401649182e-25,1.1452146539122812,0.19771185900223354,1.1268767405690083,0.3473476687882373
255,23,331,212,2.999634779930054,9.172923178892192e-24,1.26213686641309,0.043561025269250105,1.1241135744506492,0.3946533212421752
256,15,326,191,2.686565218913588,1.8582115961948074e-23,1.0697428417295074,0.5208882473841401,1.143591774372186,0.26784616942848205
257,12,346,222,3.1190507902648004,5.510256486785238e-30,1.3101131775566373,0.019483771010316172,1.167762114207071,0.263176600215571
258,24,288,183,2.175666515849592,5.959672551179152e-14,0.8281613310815523,0.10446629356094303,0.7684330252851124,0.06211831332046077
259,18,339,214,3.380470790856431,1.0972548717042244e-33,1.33903702713455,0.006833104437441539,1.2756952751424577,0.0723108919999497
260,15,317,192,2.8874838685982693,1.4269597546900124e-25,1.1831602221121529,0.1256797981133955,1.1298076597053093,0.3516443858974754
261,14,312,183,3.0729224952511687,6.431075968346281e-28,1.1376571671423568,0.2759031960425963,1.1973708633378286,0.2025309239414993
262,23,350,212,3.1663368792152218,1.4772671109894575e-28,1.4080552959161143,0.0012148955446401363,1.4227334621932228,0.004293577453223893
263,15,306,185,2.8321989113211856,5.601938964803838e-22,1.2078383254447234,0.10474648098988197,1.1132729587827905,0.4287883261892921
264,23,306,205,2.655381979804603,1.8507698661554273e-22,1.1532403991238251,0.21089455358431897,1.0411132284473725,0.7728693535633616
265,14,328,198,3.4801100146128494,5.157416054292167e-30,1.44148047926179,0.0017391667114820322,1.406343717932989,0.011544189324259579
266,23,354,227,2.6447438147535958,3.53305385113492e-24,1.1531986942671903,0.15151928196663964,1.0480423891267268,0.7053328705355726
267,18,354,217,2.9457855897772904,9.168767935063954e-33,1.311332208177271,0.011106899434352639,1.1747703928816824,0.20610621020682618
268,17,326,206,3.5096493575508028,1.879597732305352e-33,1.2075729247758886,0.11159254893570714,1.1418728452291345,0.33537886324611144
269,18,326,197,2.8409484545905075,3.5686843746524207e-25,1.2297659962319845,0.06651757554988895,1.1883360493067985,0.19891019798579557
270,11,307,185,2.9140610318760567,1.6453888175010664e-24,1.3380299174035826,0.009946962385587357,1.2386901178378458,0.12372418176849635
271,18,340,218,2.8008057898852368,9.189877417104251e-25,1.18211666195738,0.09799072911566507,1.1358173536950473,0.3276114101124906
272,17,306,183,2.515261389099537,6.532794999260673e-19,1.0631996501460699,0.5930170883669199,0.9885445100373351,0.9322586788841578
273,17,345,188,3.6105997502093223,1.3271261237108435e-31,1.5545442214912908,0.0006664259807085242,1.650784699836858,0.0004015424876136592
274,18,376,232,3.6279105808744916,6.809616653892535e-38,1.3509471305670468,0.0030463188466018608,1.3793334870656793,0.009983329716485112
275,23,326,209,2.924532108137632,1.0139625212726942e-24,1.2163535812074227,0.09239868774147177,1.051844068665273,0.7192503590590569
276,26,365,231,3.3964063512003806,1.7743582544364774e-33,1.3119673230051418,0.00846541879408555,1.3392016044894788,0.0186877617090945
277,23,319,212,2.5700056884830818,2.78194104770412e-21,0.9872020678692697,0.9063519370656767,0.8211517950689016,0.13618055107901253
278,17,331,205,2.8116505267767593,1.0868495596705053e-23,1.1234440741765555,0.2723998195524371,1.1135519795308984,0.3875427971474893
279,25,313,192,2.705768373210086,3.077285141174185e-23,1.0643054258282016,0.5626647253281227,1.110265336130556,0.43485180283327185
280,15,334,210,3.142546225027953,1.4154087998026603e-27,1.3165166125862606,0.011986550751978223,1.2219176955309063,0.14238823309994864
281,21,323,209,3.1544403821998466,1.6584675545372216e-26,1.3172099096747198,0.027988952733482786,1.211537801993161,0.22733318609469355
282,17,340,187,2.905764914834906,1.795973130228885e-26,1.1896437989331365,0.1291833745763574,1.3032846673792666,0.039808316118294856
283,22,357,199,3.5469416001175595,1.8317554592148557e-31,1.387823338766997,0.0039015775307062856,1.4978756510113855,0.001995370388763477
284,9,376,238,3.4327333189261564,4.1782722743988833e-35,1.153265508308105,0.18611298095033202,1.1789204065717638,0.20398045565665934
285,21,350,206,3.1186230918189026,8.924310858736866e-29,1.3669554848036927,0.0063287811839258645,1.3758419201060814,0.014442194258863604
286,21,329,200,2.9920599185153995,2.9405058029727042e-27,1.1355987184693261,0.2536289536561763,1.1039416925872667,0.46286749575439634
287,16,330,206,3.2321484854408697,2.409488866130961e-28,1.2911099881341208,0.02096057459434864,1.2554157234820147,0.0812274263195041
288,25,333,190,2.9457925253192765,2.9913752836864657e-28,1.2633316199532718,0.025549886667147918,1.3436121280690865,0.01418261906526647
289,25,329,197,2.9086295996332816,7.30243607924404e-30,1.0254913233173646,0.8106706916421588,1.0574727534891026,0.6497621915929497
290,17,331,195,3.1653376587724367,1.8337320885063388e-30,1.441298890843152,0.0013200672931928201,1.4144169304088494,0.00792238282951483
291,21,309,196,2.5988904799951906,8.247531484242995e-24,1.1178849265104858,0.30451060480858394,0.9805447599669618,0.8734120665835384
292,17,330,198,3.210548708276784,9.427222032264281e-29,1.4271678775254202,0.0020735370699477853,1.4141146591374862,0.01066972947600263
293,18,334,205,3.067905998576567,1.341838324741744e-25,1.2092146241430572,0.1237762634892095,1.1475886195577465,0.34070043494442337
294,19,336,209,2.783732031683079,9.062057834167764e-26,1.1539015851945953,0.18666582422495648,1.0997237781762135,0.4731284748330745
295,22,358,213,3.3920755034628978,1.5566155337802177e-32,1.4122176678082545,0.0023652011896482207,1.4116957924314206,0.00842424356353712
296,18,303,176,2.7678169168728326,2.4226215685243756e-22,1.1655032543546024,0.19853707870027504,1.173059196362947,0.24436681355114198
297,17,328,189,3.199355261838758,3.880376128851857e-29,1.2642535179129362,0.041308827657006365,1.2947694406342345,0.0492487550334209
298,25,330,190,2.966869397541155,3.775677751267149e-30,1.1708640187970738,0.13860703334221697,1.2605099279430125,0.06336769767312887
299,22,371,215,3.898989189233764,6.465453005717366e-39,1.4429972887101528,0.0010325888647180446,1.556778425743796,0.00046911861202568315
300,24,345,207,3.194160119508655,7.753754889456016e-29,1.3290544008557685,0.007149909904743519,1.3770991684771754,0.008543372601996295
301,10,306,185,2.7673609692943493,6.295414390557687e-22,1.0682587823688265,0.5585826262218888,1.0188768631395784,0.8900283159836553
302,18,335,215,3.112135625154051,4.6410167849138093e-26,1.2500919570255085,0.06300115394600646,1.0711298629721429,0.6274923934679164
303,14,332,190,3.0187226070082995,5.276680966691572e-28,1.2213903275052131,0.0864402709621678,1.2354612390837838,0.11066145016576705
304,21,339,191,3.067044341472586,1.1694152603088968e-28,1.2092895699571138,0.09298780381161798,1.2543008214190696,0.08054987202304661
305,17,325,212,3.261808005032039,4.168490015583727e-28,1.4331864418395153,0.0033294787740052226,1.2664592354938242,0.11397733103573823
306,18,314,177,2.6852250960643436,7.239195980939633e-23,1.3320157398729553,0.010224665714855944,1.3583982613657493,0.016322144593373188
307,25,370,219,3.2772827055589806,2.7745684010509663e-33,1.3767184530099243,0.0035104226388163124,1.3984204890845655,0.007467298727212609
308,17,304,185,2.774341128871405,6.038004123388782e-23,1.1211059247273452,0.3039373004855883,1.0945821413626802,0.5117521120274601
309,18,351,211,3.2337644278702085,5.673282506396585e-29,1.1634511181259777,0.1701731608437873,1.1888852691881662,0.18600009601834122
310,18,316,185,2.793571273747981,6.146586325528825e-24,1.3368536769930066,0.01039200108474334,1.2782625402631476,0.06901651330583364
311,14,307,174,2.630303724626894,4.1116570805511714e-21,1.1053706316146736,0.37904268403924946,1.1324262549030646,0.35217009405640176
312,22,360,208,3.046683441223108,7.633808673557494e-30,1.300332360939728,0.03039476755656506,1.304841812687549,0.048550281551244454
313,24,314,197,2.7215794547362537,1.2961822011014669e-24,1.1509640381008222,0.1907807746631085,1.0580862365359984,0.6530392300159023
314,18,350,220,3.2131788038276126,3.6252749377784486e-30,1.1676781376374354,0.12921692463661733,1.1596467833339903,0.23303498538636014
315,17,304,185,3.035711024589965,1.3242129200377313e-25,1.5392062525657557,0.00010442564865267572,1.3884187077811645,0.011338489086124793
316,22,365,213,3.5217258689117172,9.861793747747339e-35,1.4724406186805603,0.0011785147172094646,1.5291692159923858,0.0020816314485851586
317,13,316,185,2.52024185064402,2.877172869292943e-20,1.0531049341367067,0.6307341904126538,0.9991467693000686,0.9948443035000124
318,14,323,187,2.492944044899031,8.926361434357514e-20,1.0154289814547142,0.8886971166830523,1.018706282334056,0.8861329750343888
319,26,330,205,2.666297836181795,1.4784503041240093e-24,1.1297823399849327,0.2499225126360416,1.1023608941127583,0.46452175622353387
320,22,344,197,3.1883833283569305,8.72277089634798e-29,1.3248904446543677,0.011743973351441983,1.4081735836841303,0.010826415975121774
321,18,300,182,2.3408069687150745,3.304930499652525e-17,0.9230283149437466,0.472269938375672,0.890609659411407,0.39222432451096245
322,22,349,212,3.189056645625083,1.9115616117271477e-30,1.3502634044605344,0.006877246996956536,1.281557517369783,0.05370751809861286
323,17,352,200,2.9746064831200245,4.258559861350356e-28,1.223856740421731,0.08287474626548151,1.2446081047903192,0.09330587091658037
324,12,327,189,3.3271494753087354,2.1840667134093653e-30,1.2814539112224597,0.034988874388830846,1.3213380058820132,0.04136801476464941
325,16,347,203,3.8610599881496532,1.038268702936864e-32,1.5027755102448932,0.001745346735299851,1.6133469216661624,0.001286032210944091
326,10,301,197,2.5742969654871204,1.0291675755871959e-19,0.9770048116856503,0.8423115355354338,0.8972183477764564,0.46960957502305367
327,16,328,197,2.490416553181755,3.1251750258044332e-21,1.1073069484428082,0.3404129287734424,1.0580136918289273,0.6654461240076842
328,15,321,190,2.94733140508272,2.9077882614055748e-28,1.424653757850111,0.001096463998164674,1.4584666294971105,0.0038872791256909962
329,18,330,198,2.9622823229367654,3.441902103551802e-26,1.2503966884869038,0.047622685578185574,1.192738069427039,0.19271683719784793
330,12,327,176,2.9211847300006117,5.391580521545663e-26,1.3781125681233504,0.0021678719526862108,1.5076316909005554,0.0006324700040004353
331,18,360,227,3.596264082191779,1.6345331393088978e-33,1.4456238963379606,0.0018629368419424137,1.3071275698401752,0.053662299453509005
332,18,323,192,3.1234943242437216,8.913246760849196e-26,1.347574523180591,0.010370959402198399,1.3955393021763383,0.016554025863468734
333,18,328,191,2.4474490175761137,5.016258303998855e-22,0.9444000391724645,0.6055085892768615,0.9175587961822849,0.5186617900602988
334,17,304,174,3.1319592124545665,5.36368905494757e-24,1.2162691483117432,0.1152129266741245,1.2882032203220304,0.07844417249583939
335,15,334,203,2.96063703007267,6.240217244048499e-27,1.1201375999889702,0.3125893308830703,1.107553060922576,0.43039521680431825
336,17,320,194,2.559167459534728,1.6408946543623323e-20,1.130881186209806,0.28357742921715645,1.0334328772423724,0.8072668392887226
337,15,329,205,2.9889945242083957,1.5192487943376022e-27,1.208641737146229,0.08783405713205536,1.2177446197880804,0.1513108285324617
338,12,331,192,3.099141169291826,3.905546399220963e-26,1.2589838789213428,0.037946532468339914,1.2929233123008972,0.049446015349902554
339,19,343,207,3.195137410106436,9.04253665655064e-30,1.3848261107995739,0.0038037122067391647,1.4012160593631073,0.010472209665274944
340,25,335,195,3.357424349907223,1.9228171715341567e-31,1.3183256865986357,0.023962060603981126,1.3587819225383195,0.027134220971898833
341,21,379,216,3.506544105766879,4.834274348854404e-40,1.2119539188174142,0.06338885556273752,1.3976920379623838,0.004860282657899883
342,11,337,212,3.258047792660127,4.4563245504958e-30,1.3157666807569293,0.017397216117623286,1.133185864985092,0.36912314012272107
343,13,306,175,2.7065278568890787,6.679005632125485e-21,0.9388848715171039,0.6041238017238539,0.9744471411589597,0.8519319081891077
344,17,346,220,3.6130965615371955,1.4802891012629054e-30,1.3694510094862262,0.006011278822324932,1.4147353584960425,0.00912682752175337
345,24,339,213,3.1833287428453976,2.4989887284775935e-28,1.215085818592428,0.10700331990578535,1.1760812780752508,0.2361063171651796
346,15,320,189,2.6508014740260166,4.548980968203037e-24,1.1196142052381084,0.2738216198319363,1.161658469236326,0.2280463816968885
347,19,353,209,2.93369215779672,1.361817386788735e-27,1.097325392145651,0.4079134414440371,1.072110248458945,0.57194820512124
348,21,333,196,2.905986684185697,1.4676956445176228e-26,1.1362055244018043,0.25690494374416595,1.1723471022643566,0.24552902919744102
349,16,326,199,3.329031897172064,7.616199680599907e-30,1.3484853278203788,0.008851536806016724,1.2703167192775935,0.07815566758648507
350,15,312,196,3.021245671766847,8.066167243601394e-26,1.2135315452327406,0.07461806406634817,1.1204447663142763,0.3879806774182786
351,15,318,183,2.8087070299452535,1.4925109507663373e-24,1.1517499356348473,0.20827855586326105,1.1997017849994767,0.15964995300282192
352,12,336,213,2.9023412085838087,2.3816641408672752e-28,1.1336377722101096,0.2370282242668853,1.0444517693570567,0.7366034023268272
353,13,322,181,3.125486563471626,3.2034712454401925e-27,1.3614602427748197,0.007359160806656641,1.3805460488123151,0.012494899441736752
354,19,342,212,3.09349415800441,4.003477003432625e-28,1.1967228586179457,0.10669902579468513,1.1429438179871814,0.285656835769031
355,14,334,205,3.1627312758541852,1.9857000194375104e-28,1.3432119895567638,0.007091138895293033,1.2984978958427664,0.05378762504262837
356,22,319,200,2.8446388330358943,3.361499401529029e-25,0.9550607923129462,0.6914200920078843,0.902288511606966,0.45536038261849354
357,11,350,199,3.9000235147620117,1.3452225271177223e-39,1.6978035169632717,1.1282665122338497e-05,1.6180246961509408,0.0005053501295320734
358,15,298,173,2.711206284299036,1.3467856620347583e-20,1.0413018674078167,0.7265296951582385,1.058804436968522,0.66502932790298
359,19,326,205,2.8581381360170965,3.5111832653472184e-26,1.1572375778741402,0.18377372261794367,1.080007770450274,0.5614420682134227
360,20,322,190,2.7143584235438176,1.1257447921405665e-22,1.0422928207450797,0.7254183719565834,0.9807188556251547,0.8864528366690159
361,21,354,208,3.4652857203372367,4.157212818509862e-32,1.4306593249946098,0.0018801973470340613,1.5146419500437835,0.001705674723768105
362,22,368,229,3.5295077716903718,1.2151850396974778e-32,1.3161042263751566,0.031335468939223676,1.2668359328639378,0.12042362469036764
363,10,313,186,2.7287521666940924,3.44062354055803e-24,1.1184164798598122,0.2979952814414446,1.137543617437895,0.3195691984848792
364,14,333,200,3.63033464730742,1.487373950664781e-36,1.595052233887015,2.5052557072186605e-05,1.6955573499277325,8.094275637858559e-05
365,20,311,201,2.638436389771721,1.1602936489544893e-22,1.027869646205957,0.8050718953084464,0.9165491456954119,0.5285895600519996
366,19,332,205,2.790062628141946,9.68877835821279e-26,1.2583265812860065,0.03256593225165144,1.2054666118626136,0.1688197152919284
367,15,331,199,3.027538633048858,1.9440733723685603e-33,1.1119499170336247,0.30068906619704683,1.1409972395850947,0.27636419792108036
368,23,345,214,3.3629163079419455,1.330456323241494e-29,1.3952154316819974,0.004168907205685362,1.3496472888624058,0.026637889498753464
369,14,318,181,2.476167804940169,3.2814009725559115e-20,1.1031106276875668,0.36668488639995334,1.2145663715889947,0.12766210723346222
370,19,338,215,3.0343516321811594,2.720464669756412e-31,1.2095427981689253,0.08492368920690373,1.138339230972358,0.3350328268619591
371,18,321,191,2.898924161330051,3.875003484796565e-23,1.398234301272658,0.005795856302361224,1.3790684655559589,0.022115537376967514
372,17,321,189,2.5973659177683572,1.2024917358767895e-23,1.156310326278613,0.15428663425872333,1.1520526574444019,0.2505919986548585
373,15,300,166,2.650886876522942,2.133215758785442e-22,1.1185498952026658,0.3282948094058574,1.1894940451977696,0.2056282333133509
374,22,333,198,2.780234850561268,7.128263970605477e-26,1.1199902739290062,0.2682638517658257,1.1206173359148637,0.35470330916088244
375,8,330,195,3.1626039908656813,3.3705160515526465e-29,1.4983577371825652,0.0007237781843638274,1.342682286185584,0.03536080984105022
376,17,320,192,2.8291297002234446,2.6799831845518666e-23,1.0392074011828067,0.7215973884784704,1.033098632734564,0.8003189943731683
377,14,311,202,2.8280851176835555,8.042577427939829e-25,1.1278227879568279,0.21988633501859955,1.042027346930655,0.7357678515858305
378,15,342,195,3.370750423629284,1.0951712543212592e-32,1.5141343808961376,0.00051057779431431,1.6322091557539173,0.00037883745736854617
379,17,331,192,3.2903539657214176,2.521217993462204e-31,1.2394873946163123,0.051603294467012284,1.2951008470662198,0.045604280056839086
380,15,328,195,3.0400665967241656,7.029998419025119e-27,1.1997053746427495,0.1253325293347056,1.1353365897115348,0.34462185898628006
381,11,302,163,2.7155718687977703,1.1154696764610972e-21,1.1688907613229158,0.16212404818606663,1.2516410892768983,0.05721830688940243
382,14,293,170,2.625530597974119,7.438362772301471e-20,1.1097724514919016,0.37897948872571374,1.059705191214087,0.6661360960328637
383,14,360,222,3.4328537428684536,5.68628400815151e-31,1.3109586940400666,0.01683635432526885,1.2328265225428616,0.10249735342973584
384,20,332,204,2.9738075796071497,5.96618317578034e-27,1.205054451198955,0.08941892444310545,1.2145590140650773,0.14527703910849962
385,26,361,225,3.0755297919100206,5.871650526988473e-30,1.280122268689991,0.021894252686804123,1.231011783913706,0.10743871458961096
386,18,344,190,3.361455575707525,1.33969870191901e-32,1.444558353504838,0.0012863052406563878,1.552557705140506,0.0005931109215405094
387,26,317,206,2.8098261461568583,2.762403081150934e-23,1.223623351995691,0.05513393814275429,1.1467980629977153,0.3143049669054523
388,20,322,199,2.9522277021842593,2.5728423713260824e-22,1.0404452202677044,0.7331608115305993,1.070381296786848,0.6332375133094803
389,24,344,210,3.216962916051374,1.9516651953536226e-32,1.2404534869541861,0.04887906131730676,1.2220954452618944,0.11251636960249352
390,27,335,210,3.089412556985285,3.2626005693326145e-28,1.30538018671149,0.021618551547874124,1.2409680484849184,0.13095638226700052
391,19,287,169,2.602218535719908,4.105620308898755e-19,1.1088064857261306,0.40399644772177745,1.0280506269645635,0.8432385669375286
392,13,348,207,3.511721033223141,8.33835671356746e-37,1.2513405917093725,0.05086343334870054,1.3027670033161958,0.042118029152156754
393,20,335,207,3.0015893407834424,6.788033361142121e-28,1.2052328410819853,0.07093776998163662,1.2560019805263527,0.06766182022188603
394,19,300,180,2.6020168772413337,1.0010451140836812e-19,1.1377879900740258,0.2660750152422615,1.1427132857592504,0.34010546219772986
395,18,339,192,2.9339303502970346,2.723847084652823e-26,1.067043684891113,0.5564426931459385,1.1544464925268048,0.2595419281093533
396,15,321,190,2.6586610260032453,7.590868776686524e-21,1.1463665923700328,0.23499743166181952,1.1460710764811237,0.31013423434212695
397,16,334,194,2.749053442496297,2.325083087093875e-23,1.0394311840793464,0.7208331796594067,1.0741538589633566,0.5817714804802337
398,15,322,200,3.3299216439424435,1.5483702870912713e-32,1.1406325934484962,0.28446163612443776,1.0860252786907392,0.5475941816353013
399,12,328,206,3.3617236697722475,3.3964100211225514e-30,1.2994669378221895,0.016229491360242307,1.183478557849903,0.1761685028759854
400,17,349,216,3.1948833604259606,1.6406127241388235e-31,1.2331878999649653,0.07272834778399266,1.2629795729487308,0.09071016751870478
401,14,325,196,3.139405663008854,3.5446178414926215e-27,1.2893333386951016,0.0246790120527068,1.306085179769429,0.04906221244176813
402,14,304,193,2.6017809457085237,2.559639831128662e-20,0.9670117921504939,0.7703904786036875,0.8288861582227504,0.14024463816560576
403,21,331,200,2.4976604365489767,2.231695282660968e-21,1.1188193482667215,0.24595717669646566,1.159953759864154,0.22618116019257206
404,23,347,215,2.895345980377417,4.9073464771879256e-29,1.0721926787133722,0.5150775442839557,1.0191470168456167,0.8819845328695024
405,13,321,187,2.809810443693921,1.1836427554855657e-23,1.2650907057322605,0.04001733398274962,1.29475867856666,0.05514331382561605
406,12,304,184,2.594315465251741,4.442695138202134e-18,1.1533874598953346,0.23588533147759072,1.0798563836841077,0.6006355373074853
407,19,305,187,2.9305065999170816,1.4978683347529435e-23,1.2892971070144057,0.032570381130287686,1.2682464837372045,0.08697014631396624
408,25,332,195,3.343613012123847,2.474521401870154e-31,1.4413009523703322,0.0006192107235540932,1.5688575243754077,0.000574390913486248
409,11,326,192,3.017272906571885,3.5895289614258334e-26,1.308686448624923,0.019032410217087504,1.1909666666877827,0.1826214294699181
410,23,327,198,3.1456435043548048,3.229235485202012e-29,1.205088507822874,0.11097280034014324,1.1471001667858762,0.322170864357207
411,22,338,199,2.832359135296295,4.036039607979566e-27,1.2091439850518189,0.0762957265416872,1.2725792912248828,0.05827672263970313
412,21,318,186,2.771739260520368,1.0344231023929047e-23,0.9600268822749178,0.7152474744403581,1.1003514180301104,0.46244198933285385
413,11,330,206,2.661359450041901,1.8275836932581922e-23,1.203888918856541,0.05730103322344476,1.1238314539173793,0.33653784104313456
414,25,333,209,2.878086432790586,1.3769162002433512e-25,1.1845577797460878,0.11944263813558452,1.1569592673007534,0.26266699747704314
415,19,310,194,2.51596315686503,2.8818771721675525e-20,1.0876121681665598,0.44348087749914344,1.0215550570614964,0.873676738267574
416,15,304,188,2.847118844993023,2.5148103285023386e-22,1.3032119814021872,0.023227902066539165,1.245146826232455,0.12691607486810597
417,17,343,219,2.8343919960717137,3.4281603814342998e-28,1.1593230189498744,0.13528481742463908,1.040449963156597,0.7494190773518014
418,15,312,185,3.2509945863992598,2.438678758232555e-26,1.412863262127598,0.005551380355349157,1.3583688000614034,0.035778906107225644
419,24,337,215,3.376375310991499,9.690727428111287e-33,1.4525274450717147,0.001596681943767473,1.425588564705807,0.012292615765856304
420,16,328,192,2.9367625938148154,3.7913590511015393e-26,1.1259966042656746,0.331994804326903,1.163711482969639,0.2787090138488998
421,12,311,188,3.168690275353275,4.759085279566187e-25,1.3373060649990582,0.012699128745172924,1.2906357095157528,0.05667895896396673
422,12,341,198,3.002058016528291,1.1437411095029148e-27,1.447934859165834,0.0012284552997714707,1.4071396041330728,0.011360247117795045
423,14,320,182,3.313483206714165,7.206353649076836e-29,1.4662586176627568,0.0008300027968927686,1.5453294028395823,0.0012333146870071245
424,18,338,204,3.119668514078927,1.083482317953337e-28,1.4320406085012316,0.0006015948951981472,1.4228657318687574,0.004580367449090317
425,14,323,190,2.5475835465271444,6.677834576847272e-21,1.0719253572322167,0.5134084582883702,1.0114275061788334,0.9244169968712652
426,23,308,175,2.417357106584485,9.530583045055934e-19,1.1177848237728907,0.270213195474994,1.1640328881090942,0.20272814670390038
427,15,326,192,2.9113718597681104,5.7755099551392614e-24,1.2167691902148645,0.10176096202865324,1.2190956221820386,0.15699674391148444
428,14,344,218,3.098485677573682,1.335665295435777e-27,1.2242263621665859,0.06362455997071456,1.1069950168825307,0.4410668804874115
429,16,338,217,2.7510806872793645,5.5413028287604884e-24,1.0395015859955683,0.7137992956635125,0.946724235799187,0.6698115581311612
430,16,316,189,2.58303836647013,1.1837485545770522e-21,1.0367844328586917,0.7375080228269373,0.9574105650931376,0.733260512170734
431,18,342,216,3.222442891604174,1.49969172476705e-29,1.2832820878450748,0.02666181985905261,1.2549849112107656,0.0958190642146157
432,20,342,201,3.0924251624968804,6.120005061409645e-30,1.438949408929074,0.0010172578482949832,1.463866749600525,0.0030322107420876717
433,14,308,199,2.557713436996911,1.5359144903142176e-21,1.072887197372012,0.5296654036606239,0.9854812527875615,0.9210779065051379
434,21,327,183,2.9590578297801096,1.902250552421802e-30,1.3153298089578562,0.010455562799273389,1.4246429957442353,0.004022140544905478
435,23,344,196,3.016382919568667,7.241846632063693e-27,1.1180059652938996,0.3330353341290453,1.164632422299736,0.22978363883709485
436,17,323,187,2.761409025121339,3.2566030282437134e-23,0.963465222010109,0.7540060896304353,0.9909112640426645,0.9454354596017986
437,16,345,219,2.8808990578333478,6.0102749453548825e-28,1.252478135463315,0.03663480632519095,1.1404275375414554,0.2948081181165164
438,28,346,213,3.2003662709532756,1.5051742613267961e-30,1.314581297612926,0.013092695712648449,1.350507657341431,0.02048349306028888
439,18,327,193,3.292225158296656,2.372890591405006e-29,1.3245442305713098,0.012805022710941652,1.3650710008238367,0.01623574213344262
440,18,324,189,2.9767140596634816,1.915081586772392e-22,1.2276908898751846,0.09388685364080694,1.31042790993131,0.055309770043930256
441,20,321,195,3.1777469947794796,1.651359566501206e-28,1.1950589747695324,0.12032773688348009,1.1890119981181577,0.20871966306005418
442,19,343,211,3.5753277129387513,7.237568004271899e-35,1.6892018262954727,9.797162072240729e-06,1.4970835373254874,0.0022582856652284054
443,17,316,186,2.867825124375312,1.3434584649355164e-25,1.231471544983766,0.05772334975898867,1.1977974540969423,0.1661270921558503
444,15,322,184,3.088996146293082,1.2271390835200277e-29,1.2664884970218437,0.03852882719126588,1.3400447666320412,0.03194693031093116
445,11,302,171,2.5862266202393656,8.04549417290624e-21,1.0978634153143665,0.4205796628266747,1.1137007633390525,0.4320132284188667
446,27,341,194,3.3976670950751977,8.020481498005354e-35,1.6461006831553495,5.734610164371383e-06,1.6900038297327962,5.687348714130912e-05
447,23,313,185,2.638137209570337,9.460854071398758e-22,0.9812110710046116,0.8701250096787778,0.9322371667980555,0.605576020574
448,17,337,200,3.3234512780998338,1.2409260985730642e-28,1.3576264837588348,0.009458210803839446,1.3077910343065062,0.046949787037947006
449,15,325,194,3.0968568940759233,2.8133357287190643e-29,1.1881448959496779,0.11955168932128345,1.2500093955549383,0.08985607542337627
450,21,349,195,2.9044649294270526,1.3841711144244472e-26,1.1651109038630905,0.18998450926295452,1.2726437619617443,0.07823107520467122
451,16,336,203,3.014247258174062,6.2705791833235336e-27,1.248854038240135,0.05390925682574841,1.1871632087437507,0.20602426182558586
452,18,321,204,2.8937885743697236,7.117772034730347e-25,1.2276668227251941,0.07457459958805573,1.1951023049178948,0.19468602743588237
453,12,318,198,3.008755830891203,3.2745857426241667e-28,1.2245955393432684,0.06841898673319363,1.148629254790972,0.28975467959528356
454,19,342,200,3.1306947809759103,3.3553406552016715e-31,1.271103306434908,0.02875118385424073,1.2998154751275774,0.043256230045671
455,17,336,197,2.8590203985408844,1.2893926357649606e-25,1.1873902521490203,0.0979296207973321,1.0982410928816244,0.4256517084424718
456,16,344,205,3.117636494110581,9.783329627455605e-30,1.2379695678623561,0.08814914937715837,1.142702511676289,0.3481236379695234
457,19,317,212,2.797891181960445,3.450119327421681e-24,1.0936553876935429,0.4266806658555209,0.9748263154480291,0.8549338207378578
458,16,345,206,3.297991736695784,7.082438593030295e-31,1.2583931936230666,0.048747002723211676,1.2453169888832927,0.10305371179737548
459,18,304,192,2.8086644817966357,8.541374701917347e-23,1.1537924567881328,0.25750038178292955,1.057966750535188,0.7087767205948136
460,17,324,204,2.674209784233029,4.955637595864943e-22,1.158412783842748,0.21052909480634652,1.0776147281209754,0.5910799087684695
461,15,298,166,2.922626553410049,9.420711761398193e-26,1.4546779354647867,0.0006384534353653197,1.408743485318006,0.0076724384806982635
462,10,328,192,3.1958504982711617,3.1038383660459457e-31,1.0902067952611592,0.48063332429535854,1.146140595790758,0.33849398312412027
463,22,347,217,2.9853305622734077,4.806267120090352e-28,1.095103660185139,0.42441512743801035,1.065124213218474,0.6458850304126023
464,20,337,198,2.889860469416396,2.5808804110879548e-26,1.2886556383489247,0.0182007041817645,1.2919066426948511,0.046085335897634666
465,21,352,216,3.1652581209725663,1.7213301740653832e-30,1.3254563408382691,0.018545641453170916,1.278076719738462,0.07036836996345984
466,22,306,180,3.08720274601681,9.5429238523768e-25,1.2578806924620665,0.04597222444483505,1.2362705294787868,0.12175416225170697
467,22,336,201,2.9399392384932073,2.5946738629937845e-27,1.2880951437315937,0.017303712023710206,1.2461322022308325,0.07763224849564548
468,20,326,195,2.4058513258687064,6.373670893386358e-19,1.0078534470946565,0.9446351407150804,0.9692652991867199,0.8252553414623638
469,12,332,193,2.7737775772898274,1.519623206813123e-23,1.1013760669680048,0.4294757958979968,1.1286543701336702,0.39420273986387866
470,15,330,200,3.1857342673469318,1.2287259426432586e-30,1.2445677000489612,0.053285892983935934,1.2656968997794609,0.07841847827148876
471,15,337,190,3.428420681328513,2.911074824886183e-28,1.4013250885492858,0.00309282366102603,1.5270112089441568,0.0010576119811238605
472,16,346,194,3.2953152705480115,5.3837165284561925e-30,1.350150785881224,0.01225513478240836,1.4371659539025898,0.007969556414853966
473,17,307,202,2.6559747781301897,3.77207685839949e-21,1.1344506775687118,0.306595961034397,0.969959850703797,0.8348687006163353
474,16,336,193,3.2287458915999023,2.5123281588225505e-31,1.2704268455974883,0.0387524170723128,1.3239701726467494,0.032654174134004996
475,15,335,202,2.9395660135913855,8.955433125665986e-27,1.2591264721203415,0.04175785365676874,1.2605892070223441,0.07433435964482017
476,13,318,194,2.7267458386877954,5.4108188603824766e-24,1.090490184361284,0.41703204553142303,1.12561087807843,0.35652104102045534
477,13,332,195,2.948400702073081,1.5814513138677159e-28,1.2981346872734865,0.01648616246982208,1.3176970919814661,0.03385831479518354
478,18,356,216,3.269842702305183,3.691378997527154e-29,1.4138608339965524,0.003368571200930903,1.2882831710389318,0.06650305690465501
479,21,353,228,3.226643766889965,3.6137979903363877e-29,1.203744007194179,0.11642517462175954,1.1890689457036658,0.2200248561262852
480,21,327,209,2.9900232123876873,9.884508518755277e-25,1.1691978980107478,0.18775784996622447,1.06900813777845,0.6362461561256703
481,9,328,199,3.107404060212794,1.2709251786978844e-27,1.237360950818558,0.06936672174804256,1.1831042488156094,0.21778808687029116
482,18,327,212,3.034682357995208,3.031925912752441e-26,1.4730985375213104,0.0007726689448475436,1.2837139228303296,0.06674648784910081
483,20,361,216,3.3363646859183715,7.239064690185336e-33,1.265043056364017,0.0389698915593523,1.2834992968482963,0.07020379302139927
484,17,347,220,3.258223959650046,4.574979047876598e-29,1.3185831599283304,0.01345907412810817,1.25165811341134,0.08824013944538518
485,12,333,206,3.001052789734677,2.9209104630108796e-24,1.3311267045712778,0.015404081172709952,1.2840427229085893,0.0830797245608501
486,19,342,188,3.2495232358827937,3.2688145108533895e-30,1.3989712409938089,0.0020116184001369927,1.504037677912681,0.0011141300163829135
487,25,335,212,2.9686373672453175,7.505007512545505e-26,1.2164182748231476,0.07528774929603065,1.1315019101629749,0.3507921563072536
488,12,334,187,3.025807855275805,6.852327905226546e-27,1.4149639651831547,0.001281005395316883,1.4644501599575614,0.002682875853360565
489,20,312,196,2.686352656041391,3.3441046856851196e-20,1.04310060073602,0.7098839464783335,1.0069385777180708,0.9607598697731295
490,22,348,216,3.4245611963233693,1.0772874674817526e-30,1.330940167130614,0.012862926608914001,1.4178018894296525,0.010426316918920844
491,13,290,181,2.550677485585888,6.514769877988737e-19,1.1043468683682915,0.3739973074199162,1.075674309185439,0.6019191766164578
492,23,314,189,2.542990845448402,1.8771282121691537e-22,1.2075058201708135,0.09572993006080444,1.1472390810682955,0.2942932806498607
493,12,320,190,2.738670637623944,4.962814433109545e-23,1.1969858108815967,0.10819006468764922,1.128377216759548,0.35946594464692583
494,16,349,205,2.9008737939160856,1.171793778862386e-27,1.4035375817682685,0.001899369312436022,1.278674473252204,0.04358216791987522
495,19,345,200,2.8067357010771072,1.1964915309875983e-25,1.145579684556414,0.20474227928866828,1.1733097219750364,0.2140845871568251
496,18,304,180,2.7929578656250382,5.411835679999886e-22,1.184069314079674,0.1666538104107198,1.124312785631955,0.4033469062613102
497,26,345,199,3.181646360073889,6.65482830969463e-31,1.2860774695358863,0.024665294300516023,1.3860062670222335,0.01079207846961545
498,18,353,205,3.2387284256425914,3.330117905084269e-32,1.3064377418865696,0.011499482611634708,1.4427305401421713,0.003328182082630334
499,19,344,207,3.1363838617351956,5.067313536469039e-30,1.499655537912594,0.00046661689062821787,1.3012001424292678,0.04708377191581409
500,13,325,182,3.082817311410127,3.858663991545854e-27,1.2214479915140979,0.10996540043989562,1.2645616714171497,0.08913848350163843
501,11,323,186,2.6322765260908243,4.50649250459018e-22,1.3030782703842376,0.01720636017675479,1.2417584932579138,0.09394193395084469
502,22,306,191,2.501965205005023,1.0507442225717285e-20,1.0463746699351546,0.6777004324653304,0.9722262341335508,0.833455443037137
503,14,341,193,3.1334394694201864,1.2419307188320312e-32,1.4384303373468543,0.0004225085620138157,1.4817031443150868,0.0006808311246142454
504,18,344,197,2.9222887686438996,6.063476869514448e-28,1.1684511254742307,0.1705425789965741,1.149359018642194,0.2918095739926575
505,17,326,195,3.1660432166213677,8.384825877026726e-27,1.324161729349153,0.01791697128883645,1.3307330223348466,0.044601065254884505
506,16,306,173,2.901447717030276,8.724411574937693e-24,1.2629370823629333,0.046709039583863673,1.3928154589790371,0.01669505086645645
507,18,330,213,3.1850133558272837,3.3203225727536605e-28,1.265642275857244,0.04760351746571681,1.2237713685934142,0.17276708762755077
508,17,340,204,3.2164244397245616,7.033455535347402e-30,1.3599270089233335,0.0066161750344927595,1.376518706680873,0.021918172528115294
509,19,324,187,3.1636243289276327,5.608715659159395e-31,1.474981445962157,0.00045048188195685095,1.4525592004487669,0.004354503437222677
510,12,333,206,3.0794829235096217,4.6265865864612675e-30,1.2188794093634632,0.07694246360848707,1.0961820670611462,0.4861754769398434
511,12,318,188,2.872366272530153,2.7358379530459374e-24,1.2797501131422488,0.03900237267603154,1.2363588137290284,0.138419029138704
512,17,341,200,3.329688923896719,2.0684135307301678e-31,1.2079612651041722,0.11144956074196637,1.239883284767261,0.11043818492542093
513,23,350,207,4.009744629634633,9.75319523233914e-41,1.3072761444976262,0.020485602103790433,1.4640082658106737,0.00340852897672473
514,18,343,216,3.4946202671554416,1.0101807877304014e-31,1.643143186764928,2.1602214226498256e-05,1.5059870954499563,0.0027184703223839812
515,19,328,185,3.2616912243155256,1.6078439603402944e-30,1.5947950298357856,6.478793491757035e-05,1.6146938219964246,0.0002640803869606778
516,20,328,214,2.4572486560039555,7.106296889696784e-21,1.1527973434064778,0.16542314786710066,0.9521830055413673,0.6816539571428625
517,18,342,212,3.179330327068041,4.15777837028859e-28,1.3036797581342359,0.019643926555440325,1.251779970515863,0.10446723964548169
518,17,353,202,3.470181949573411,3.510576144180633e-32,1.4925403423331134,0.0007160327684311381,1.5114340296348518,0.002575515230386695
519,18,341,203,3.047441879393884,2.496298224832792e-32,1.2279641966834212,0.04530597457855166,1.2553418645289454,0.061591176149630854
520,12,338,187,2.9641128737382307,3.107664929186899e-28,1.287675673002026,0.0234220874977679,1.352322465531573,0.015430304942690914
521,21,360,225,3.5060408329070825,4.027160592950544e-36,1.2387815904542772,0.061452528748121134,1.2550216591237149,0.07878363892044594
522,23,323,206,2.5707072722306856,2.350868876095335e-20,1.0048389042905357,0.9641351958704752,0.9098108477929567,0.46980118166660134
523,25,316,202,3.051268877145659,4.5270431395022755e-27,1.454975651686763,0.0007002659693344307,1.209968106023615,0.15688397076972274
524,13,315,190,2.9814493755329927,3.9757363351018313e-26,1.2680269667252593,0.03241342625679115,1.3327551003665739,0.03173020521069237
525,24,346,213,2.911195579408128,7.664465010971406e-25,1.2188262515314208,0.0920291836288934,1.1836805022262729,0.22537930729245015
526,21,318,188,2.9532456267017535,1.481805362384696e-25,1.089005162233292,0.4443941077405592,1.0717738293654802,0.5809155267360651
527,17,301,176,2.5636042536692925,2.40833483094732e-19,1.0146736067627269,0.8999037035127306,1.0626272049923458,0.6521167550666247
528,24,357,214,2.990894426372397,1.3285711975260462e-30,1.0868306053877885,0.4362307832977602,1.055821663158589,0.6606426279376237
529,14,353,224,3.1571433258155186,5.1313932356082e-33,1.1062494279113884,0.3296662967384528,1.0680666951157245,0.5796145048521887
530,19,324,197,3.0601852025610867,1.3423653147122162e-27,1.2949729056350554,0.017367408674619937,1.3411753554602224,0.027259001064589502
531,17,355,205,3.4497588533745764,8.475114058787298e-34,1.213228781950124,0.10220480141669781,1.3181446659574412,0.042086472121024975
532,21,327,200,2.818200353993901,2.162799577494132e-25,1.152513236514164,0.1943140620277405,1.1928015972664658,0.1960246199083101
533,19,322,204,3.0733315008918662,2.2831612056668996e-26,1.1329324609991194,0.3011375548315476,1.0741294866765103,0.6201980794189716
534,17,327,192,2.8694071947821023,6.801365384841783e-25,1.2122404952597474,0.08785082042340421,1.2088217919842033,0.16722516681912403
535,24,350,206,3.2908826646363876,5.88311262891509e-31,1.334279531305624,0.01488479072573654,1.2831552441672405,0.06568484363124336
536,19,346,203,3.1494635488284493,3.505083194199435e-28,1.1794191526366038,0.16071924597912257,1.213094395076464,0.16347891113348267
537,18,327,194,2.7347640430763724,1.2125559829096835e-23,1.1136529917252767,0.3487078631934003,1.1680893646063566,0.23231783978431764
538,24,315,197,2.6296775422126597,5.186379637905913e-22,1.0422564787808477,0.6988120626144854,1.0721391675969563,0.5853941067856449
539,19,312,189,3.2201160731851735,8.88113014387152e-27,1.4884260048842877,0.0014609948055144852,1.3447135109041346,0.04368020475364622
540,17,319,197,2.888216006809745,2.9403916672567547e-24,1.2707395888431905,0.042576316951963115,1.184775715239626,0.21860933806468852
541,13,332,190,3.6649610491005364,2.2877527891447288e-30,1.788611685457796,7.222477062786225e-07,1.8016624140470354,6.103875299196106e-06
542,19,336,200,3.1332407191417615,1.5230191444611312e-28,1.1730835108531157,0.16644217817771345,1.1442971963722872,0.2950253054589943
543,18,351,212,3.3549043040256743,1.304248495735804e-29,1.411761691114158,0.0026315952993002482,1.4167013214133182,0.009159082153472092
544,17,310,195,2.4639276373361847,5.842063558564737e-22,0.9278974474457055,0.43803690776780746,0.8903792665535168,0.33857230863564813
545,19,332,201,2.825105146973319,8.682473676268614e-24,1.150041010745806,0.19480981240859063,1.1077281067117644,0.4162988190169068
546,24,341,201,3.1345211868001517,1.7571892207227854e-27,1.2628626473156983,0.06276174284096235,1.251221086484212,0.11855562062149567
547,16,360,222,3.276870858675261,8.576139831039504e-33,1.2779322202462826,0.01339582659084228,1.2969047059629077,0.02489832505947523
548,24,320,185,3.1040272896780774,5.324223873018244e-29,1.2328045729352846,0.0796636728867747,1.2443780339807105,0.1097650351663637
549,20,347,201,2.6924894421922834,2.8302925364596064e-23,1.115585653126881,0.28990926322190735,1.1453339065189907,0.26663359504944106
550,20,336,189,2.826266063312593,8.64898637585783e-24,1.4008490046368358,0.002849376683021296,1.4391395628714454,0.004589791117315489
551,11,340,198,3.013879030236605,1.5962346056808308e-26,1.2679547712801325,0.044763970872170364,1.316036889673097,0.042607984609899556
552,16,283,173,2.5833534723289353,1.0194171559172316e-20,1.0648069440979848,0.5834385358968388,0.977692014861294,0.8610940974850645
553,17,351,198,3.14129268507525,1.9154271491563808e-30,1.3090041869694224,0.017595833743447274,1.333804922069569,0.02328254550149368
554,14,322,186,3.065756862798065,2.3914555872768626e-25,1.3391365655009484,0.010093746850904596,1.374994291562743,0.015834313111658713
555,19,354,185,3.0035733626777192,3.833972559477998e-25,1.4208921781028048,0.002088357473360453,1.4859340832497683,0.002060593143655437
556,15,301,192,3.0204641653033946,1.9749509741712635e-24,1.158781481135645,0.2367212782578655,1.0248024105383082,0.8698528596252201
557,16,315,184,2.5334126145164695,1.072031874627604e-20,1.0025218903921527,0.9814461356193285,1.0150001786579128,0.9072387671178577
558,15,310,188,2.7963775241575823,9.140623799176871e-30,1.1908748657469794,0.10787415040893367,1.166046694352054,0.23709825016155117
559,15,329,203,2.536871663847641,2.8808508063971975e-23,1.0230694681118646,0.8214465390896061,0.9227659701429571,0.5118011491760879
560,10,347,197,2.995028386021564,9.32775514175651e-29,1.364286844958196,0.004830689926461926,1.338919317639328,0.019691109926433963
561,16,295,186,2.7517484591184123,9.633475212507139e-24,1.1439364669808494,0.2620577015643023,0.9956274256747851,0.9756132234636115
562,25,338,213,3.273853333519509,7.248898061063434e-30,1.2814637355774658,0.021577110558338837,1.2231280246531573,0.12469990775020393
563,16,294,183,2.934364857711382,1.5235289046494204e-26,1.3067886507900455,0.017443277956093524,1.2479285816657708,0.09693850031778238
564,19,333,212,3.4111595346204298,5.877600137489827e-29,1.3600071244164862,0.009736651125521363,1.2530784191233668,0.10409623961260302
565,18,361,219,3.2592725740364505,9.305125011907227e-32,1.407807635177618,0.0015003643244422828,1.392524698051871,0.009015058443171558
566,18,358,216,3.4482013297323237,9.43897323809682e-33,1.546974283285579,5.464439323672275e-05,1.5517960537142486,0.0006211621060814782
567,17,336,199,3.342896754726828,3.011248896824524e-32,1.4467569715968822,0.003809102975033081,1.3623598991614443,0.030627860667998122
568,16,363,217,3.1318821834358315,6.2073772587324725e-31,1.160483044282134,0.16305860994204402,1.2142697041501085,0.13321154904644905
569,19,320,215,3.3288756353548834,2.1004792966289294e-30,1.436358494395959,0.002116065544325929,1.2200943834813425,0.17428923401983976
570,19,350,199,3.258927089119756,1.0243959728155645e-32,1.3749680524365115,0.0016904134735269234,1.4505249768396287,0.0018475176370191877
571,18,348,202,3.0010582740660627,1.4572769612255314e-24,1.243887829528648,0.06025581444834838,1.309822832818213,0.04214070362338389
572,18,318,183,2.6394515549951794,6.980083492792237e-22,1.1789006282038608,0.11324112003937906,1.1771686919143722,0.19075687800541385
573,12,288,170,2.3845876500233696,5.610882013191586e-19,0.9276697764108549,0.5171490057296109,0.867680768397075,0.2919162025954082
574,26,350,193,3.4150503234992273,3.677922041237167e-32,1.3786757214218002,0.003155193458619518,1.4991837310239247,0.0006752845973442
575,16,315,196,2.8125647043442434,6.206365309793523e-24,1.0686788161560985,0.5466512661712226,0.9828846830943713,0.8960895956779793
576,20,320,198,2.905687849381746,3.383491513720529e-24,1.248527322876195,0.05354016473424045,1.1527219514770766,0.29269508602519656
577,28,356,220,3.0072982653974405,6.509536548683778e-27,1.1822727188593114,0.15021892486975422,1.207799629384045,0.1720431418791314
578,26,362,213,3.025975856645137,1.588031389096963e-28,1.4287794395939668,0.000917138490531101,1.3698951740837666,0.011898500389748254
579,18,333,209,3.1544969155398195,1.4127214318802834e-27,1.1383460499574904,0.27861170513760236,1.1554274872037702,0.31329883623983634
580,10,333,207,2.8240630690636515,2.8789585128476764e-25,1.1420933972185572,0.22356753365133963,1.1072695232483154,0.4468670350295063
581,17,325,195,3.0761924131115084,5.562442605475073e-26,1.299556566448721,0.027941484955400477,1.3813826741168398,0.019166661090400404
582,15,313,198,2.7316631091866954,5.065171954685877e-22,1.1344621819054883,0.2807723155757964,1.0189218417741015,0.8954845726909596
583,19,331,197,2.9737035423062372,4.278090193992955e-29,1.195160239062574,0.08275048382246182,1.20237171583462,0.1311599797463395
584,16,344,197,3.6661310765108186,2.7787590620312614e-34,1.4985176681698344,0.0006280031164031671,1.6057785424231434,0.0005614770997526473
585,15,322,195,2.771861093376255,2.1248205314982037e-24,1.2374424983711907,0.05486766104450533,1.2086015226192683,0.14550241087892654
586,17,303,202,3.1599008300373397,3.4348301907783446e-27,1.4508883944660116,0.0006500472413381392,1.2453485288433597,0.09724585682637854
587,10,313,185,3.4263568973148564,4.805264833570233e-30,1.4794357804183709,0.0012511215402861177,1.4566505863470374,0.007932452520808748
588,18,320,188,2.8298832587663414,3.958721876850205e-23,1.0835865805664593,0.4930633591856498,1.1033180808708158,0.45950185467677884
589,24,290,178,2.4520463847891594,5.354082072101554e-18,1.1054757156105637,0.40361893198640975,1.0170248979694314,0.9095509679062534
590,21,318,178,3.195481071932344,1.146128215787472e-25,1.4318821203491436,0.0040201880021234595,1.4043691195513541,0.017172511943692813
591,17,309,186,2.7327307569588006,6.580064712574365e-25,1.1728470723220144,0.1686791356491718,1.1164534370969184,0.41777843510838497
592,15,371,213,3.6534971546655957,4.435707126802847e-41,1.3383399813651502,0.00933973525126327,1.3999374005726912,0.009135390912580695
593,16,296,184,2.6172912969114726,2.762284130186815e-19,1.0803700400384333,0.5220923899632545,0.955847273317508,0.7646272733018389
594,22,300,176,2.4423735855196473,4.269883222448619e-20,0.9689288120900065,0.7625857412656935,0.9330992850903567,0.5734560489406997
595,21,351,229,3.116567992929955,4.414161621932962e-31,1.311914110499576,0.004023657465113521,1.1633627149356611,0.19924893717637782
596,18,323,207,3.1053042936882695,3.929614172086407e-30,1.2835151094009292,0.03190240459003487,1.1714622123399248,0.23708825109452025
597,17,327,188,2.964442138604545,1.3931075427385899e-24,1.155966911936332,0.23251508028181322,1.1533221591509772,0.3011513951890161
598,21,341,197,3.5528833923580847,6.13158290982502e-30,1.423889647142789,0.0030077020436839554,1.4932112126789434,0.0034574401969078277
599,21,350,215,3.005031505088869,5.519987060910266e-30,1.1644660584373618,0.20203727751471334,1.0864394144969045,0.5405046380631993
600,16,327,199,2.8180975697713584,1.2453912733871516e-29,1.0330170135940107,0.7734238544946218,1.024402039586892,0.8543682152896312
601,13,327,193,3.364535225937938,3.538087587693267e-31,1.1896196916498174,0.15286572653780625,1.230559273669206,0.1421603107651258
602,16,329,192,2.663857870733004,2.879185897180097e-23,1.252188969307151,0.04389977249783715,1.2976233401033899,0.05800512554693663
603,21,322,192,2.670068503491141,2.326211987854566e-23,1.0787570073869623,0.5043105106687541,1.0668945913521273,0.6222159765380696
604,17,320,201,3.3298993295728647,1.675857599357861e-27,1.2425540738699166,0.05710392249847637,1.2730722693654393,0.06988217734018098
605,16,322,196,3.326469012560426,1.3056879680865744e-28,1.421702867406544,0.003609642328714098,1.332091444448517,0.04251062084179184
606,18,351,218,3.124739965059598,6.317994029834534e-30,1.2031501026060059,0.0788819037439017,1.1993535412679377,0.15083393920676383
607,15,323,201,2.9917713324495403,2.5936465716245393e-26,1.2597063547612746,0.059838846599273965,1.123946333740966,0.3923907073844459
608,25,348,224,3.4316536880860986,9.539425426308983e-35,1.3645793311380707,0.0034035069630733703,1.2887276048211043,0.04740586823513116
609,17,333,200,2.937097935337536,9.246057209312129e-25,1.4061576081245073,0.003175328970475363,1.3749498180929285,0.025035291932831313
610,14,324,194,3.0842093180835386,8.555213423661562e-28,1.1199090038684176,0.3211262889533466,1.1652956049741567,0.2663625482085068
611,19,323,176,2.7726813898174183,6.310604135382689e-25,1.271320394000859,0.017433967198181063,1.3618604759662287,0.008122745003385048
612,25,320,196,2.632141715348544,3.0852345783532633e-22,1.0046998483314997,0.9661099371196803,1.0112082397204525,0.933125512535445
613,21,349,225,3.1963034582099117,2.4998640506465242e-30,1.1371962841323733,0.24224995904813484,1.023956290311748,0.8574298309777442
614,15,339,189,3.243311745865271,2.5661594804625033e-30,1.4361194782458828,0.001955956382958041,1.494495436532943,0.0019093726497425546
615,16,328,194,2.761420750971656,1.0826387855873322e-24,0.9416440514541901,0.5543663770304422,1.0055237139346977,0.9633874819261158
616,15,322,196,2.553077844503903,1.9909846658042808e-22,1.0764294359813922,0.4898830631661556,0.9945683829346719,0.9655005641058229
617,10,328,205,2.989750489236655,8.871620709890391e-29,1.2520138358111295,0.04421976682497089,1.1966306846223835,0.17984672125651746
618,18,338,203,3.187573724489875,3.4321491379264724e-30,1.4773176289520076,0.0006456885426893544,1.377053191504558,0.014939650772958845
619,11,355,201,3.402928616765914,9.127668452774079e-33,1.2765331807998979,0.0388787776406641,1.3980607300055616,0.013962406575168106
620,17,349,201,3.076270324281049,2.0650280081343674e-31,1.43101072896635,0.0009356552688728205,1.4033003887306235,0.007314315451994028
621,20,324,201,3.1228667515831776,1.5564235820291998e-28,1.1287393810256396,0.30677269718527134,1.1553138688838067,0.3139910126299472
622,12,342,193,3.1359640245319746,5.254295475572828e-26,1.3872728241388919,0.006681664099262378,1.334838632078183,0.03455098020741842
623,17,337,196,2.9715875171570647,8.916952201736016e-28,1.2653538422013286,0.028461285823755657,1.2052257159531679,0.1495465840722097
624,12,307,180,2.8794974749203406,2.8053723579856667e-22,1.2220691318187653,0.1023228895042333,1.2468049143978144,0.1169967417137233
625,17,329,193,3.0271062428960116,1.9452918769172695e-24,1.180433205869936,0.16786748967028908,1.2429436772562348,0.10810815385821866
626,18,336,206,3.215067078831744,1.9269198256525897e-25,1.3314535046939604,0.009854055553083736,1.3703218504842105,0.0184821148503051
627,20,359,204,3.34555294368263,5.461672034254076e-30,1.2260406315780132,0.09150615040439256,1.2990340124920583,0.04320248118362625
628,19,333,200,3.3035845985653167,2.2946975956507626e-28,1.5281545902012135,0.0004967330264343362,1.5015455218655778,0.003217161377161327
629,12,353,213,3.620960220068476,2.7389995946788684e-34,1.3422670513366224,0.00680828376040741,1.383536740626876,0.009446619276670617
630,20,333,203,2.9065673962116754,9.08550575250907e-27,1.221677514922588,0.06332906655921737,1.170679994679307,0.22160441178791856
631,13,309,191,2.3973493712090335,4.094232617976988e-20,1.2303577219229398,0.042595367392656014,1.1201227934671576,0.37169879453457055
632,13,345,187,2.9660654651830463,3.701219840785153e-28,1.395069091949059,0.00507737723535934,1.4084640613666894,0.00895866024612996
633,15,321,201,3.404067774142603,8.495834265399607e-28,1.453435945752651,0.001138394083818332,1.4732555589761451,0.0063316245008182385
634,14,314,202,2.637624304945533,3.754961497920537e-22,1.1275772863399436,0.3097837487158954,0.9810507870406918,0.8909088433912487
635,9,310,203,2.8538688046240592,2.537121746588591e-23,1.1117209074944663,0.40638291984244423,0.9849570805783956,0.922961399239282
636,20,318,182,2.941125624146633,3.1488419569085614e-25,1.0737112822583887,0.5360515893682407,1.1729554285963704,0.20518844844744843
637,15,338,208,2.8440699619267136,6.3626860569975846e-24,1.2282908002229544,0.07595599715638672,1.193158081744681,0.19165565915798
638,18,320,202,2.885308185487762,1.5212030526774438e-23,1.2439665422405786,0.06589235644412676,1.1624978227269094,0.2819743810119898
639,8,328,205,2.527733398434618,7.378094994813518e-24,1.0200936765880124,0.8490571139896215,0.9346378929209983,0.5911008287026991
640,16,341,201,3.638713027858048,7.319348970389692e-32,1.47638149064049,0.0011480640938507656,1.466474783482414,0.0064200966432731085
641,17,345,200,2.743568042519962,1.2668290168428293e-27,1.1263643852796714,0.24010134015396334,1.2041409549591588,0.13506483126009314
642,16,334,199,3.4416397759060446,6.104543943889685e-32,1.295517186317005,0.01887629419988384,1.2851211793763015,0.054784205893171456
643,22,311,181,2.9709779551202224,3.266647169991851e-23,1.2015609288627234,0.1273185786192904,1.2736826234783436,0.07804926549768768
644,17,329,208,3.563257728220698,3.5823334726579777e-31,1.4994287499357746,0.0005666291414540765,1.4553733562762476,0.006672362349359457
645,14,333,199,2.747094162204451,5.851706886868624e-26,1.208563866709954,0.0669999573376736,1.1529831278149785,0.25680491910783554
646,24,337,200,3.314225115542867,3.305848290540061e-29,1.3049204062167012,0.02033341660446011,1.3411035647376575,0.024873025874714953
647,18,327,194,3.093065164603699,1.3342477377175583e-28,1.1819001871429555,0.15321813790206715,1.2418379009113854,0.11811677510889144
648,24,334,195,2.957096120458682,2.925706910427045e-28,1.449497907723302,0.00043661126064618817,1.4265438229850913,0.004793594715946889
649,19,301,183,2.662766073538136,2.716286874470608e-24,1.1886429769172326,0.1042544915892375,1.132759076879529,0.3345522004071094
650,26,361,225,3.651661708233669,8.511190608572314e-35,1.1519534042264208,0.2326722780766437,1.2448647489941498,0.11640259733029182
651,24,321,202,2.801139046925335,2.3547585389618004e-25,1.0818710627268056,0.457742804044876,1.0594981116954,0.6620798358339379
652,16,297,169,2.583088435307045,1.0137027728385454e-20,1.1968327868469402,0.08150068161583415,1.2475032295364405,0.0744705394330826
653,19,317,185,2.528398613418909,5.1471948418019085e-21,1.0303244866392784,0.7969454696381235,1.0169775906794365,0.9001550564394402
654,23,320,194,3.580048648090397,4.969871162665193e-33,1.2386446823344455,0.06602339777978045,1.3297516313706255,0.041516288848489784
655,17,351,205,3.8258653988841833,6.0114296581047055e-33,1.5144235293287984,0.0006485605300981718,1.4977028099463618,0.0035305512485020434
656,25,337,217,2.5957409142244923,3.399803271437545e-24,1.0780108270324618,0.45051580195245855,0.9905930307762041,0.9411886463339373
657,19,331,215,3.1213911682905757,1.5995136706570389e-24,1.2975107689856118,0.028533739904805157,1.2162627971875293,0.1586090463280898
658,18,317,187,2.923140859773879,1.4727479105989304e-25,1.3373233653821288,0.007844897983700359,1.344587655436221,0.025464730084903985
659,19,341,203,3.0458038273671186,4.09650246194936e-31,1.2203628745019148,0.05350029364645671,1.2210119799878683,0.11279612467970436
660,20,326,208,3.107493091306624,1.5814884744902718e-26,1.3072756441104225,0.015578453947456735,1.2039668430459816,0.1907215295586394
661,22,370,223,3.6861931589984938,7.392546566210952e-36,1.5253974919238849,0.0002798075213790363,1.5488293766202383,0.0015261363426053746
662,16,350,219,3.9448628398780485,1.4173447794413269e-36,1.4440984912518238,0.0009266344179283029,1.4695149813785968,0.003933672698816839
663,17,302,184,2.4409825460028087,4.890563376637391e-19,1.2052752758507965,0.08827043843919087,1.1264412978964613,0.36827044673445364
664,20,332,208,3.2786336920906725,2.1104653201300985e-31,1.2487577562523613,0.056233800675428595,1.1633650406261689,0.28138867854284777
665,27,337,218,3.525205505804091,7.332741729554884e-34,1.3677439561463025,0.005337205891033839,1.1866139685025443,0.22419685897267305
666,16,361,240,3.295555089612344,1.9617248591944565e-32,1.3562677860899668,0.006746718310444467,1.075718905757906,0.6087288895351193
667,21,324,191,2.9322807854909962,2.708174531040229e-25,1.0490202001548319,0.6859250902250069,1.084975087816651,0.5485871417515795
668,13,358,216,3.3469550181670797,1.6049903675765004e-34,1.3797070772185034,0.0019300123198128826,1.468336317683629,0.0018631490669728148
669,17,364,212,3.7872070671978633,1.4044921344011495e-39,1.607005347053335,1.6015162232291903e-05,1.5604303855590775,0.00028315916361266655
670,21,349,205,3.1722384048724024,7.759825030340609e-29,1.303290914245026,0.022625865964564226,1.265512731391723,0.06772350955291685
671,14,298,173,2.713489887469491,2.232039276454814e-21,1.2006313854730757,0.09392252868782594,1.2360510299643066,0.11215440076221722
672,6,327,196,2.6776846140433563,9.439202042063698e-22,1.1100968859349003,0.3520313729207658,1.0729892582426588,0.60168467562264
673,11,336,185,3.0995495150948256,3.6576879793412066e-28,1.2038303002211745,0.09764144846949234,1.2959544713143936,0.040139751738355905
674,14,305,193,3.035895085785416,4.6391729697845154e-24,1.2770771161972474,0.034918495131399885,1.2214733243015876,0.15371701018799977
675,14,327,186,2.8421822268768553,4.9197151200961624e-26,1.0325811812285546,0.768030739291284,1.0766591797573968,0.5682039256929642
676,19,332,192,2.771622311068191,3.744924254073356e-25,1.1329307925923495,0.2574903601507127,1.1928335710177989,0.17196982235461555
677,19,332,210,3.09935937595859,6.465725257508034e-28,1.164611397790762,0.20173589305782735,1.0674958802844536,0.6580523092977377
678,23,317,201,2.6727331048557694,3.746684440586522e-24,1.0439271622401338,0.694619578490774,0.9241460665530871,0.5633676836895416
679,21,349,209,2.9509085501304884,5.273518100876136e-26,1.3421756512332284,0.004073614409791764,1.3284735459411758,0.017124996575192925
680,11,345,204,2.92906926491437,2.7930045684389338e-27,1.3311682192020784,0.009523815632057415,1.3247503764190456,0.0337349984994894
681,13,347,201,3.0350455309200135,3.780261558691527e-26,1.2298325957174743,0.07218506972585736,1.2082655962093114,0.1485501985771044
682,16,314,170,2.8072280838510006,9.312406911048533e-26,1.1640995445825706,0.1442716652319032,1.2297724248481445,0.07881657301469304
683,21,334,205,2.9187100015296275,2.1011842225153142e-25,1.12121867335517,0.345121875694955,1.0314192663876487,0.8303429150078547
684,16,331,194,3.022946362053454,2.6668118181560268e-27,1.2914347956397667,0.02442817789928048,1.3225203767799059,0.03734974995754686
685,18,328,188,3.183658077773578,4.587590525385282e-27,1.4237974712079768,0.0022737364539299897,1.4499562020130081,0.006353975554781006
686,12,298,185,2.439652167985599,5.2568708881225936e-18,1.055603955783776,0.602148970925364,0.9960491785249999,0.9763957380955315
687,26,359,224,3.3730096217726615,2.9387032555649222e-30,1.4324040388832928,0.0016834590111101206,1.3999089125993758,0.014307934449416904
688,20,325,209,2.7170193773793376,1.4710614887381683e-24,1.0127662716731576,0.9120719262350878,0.9252532479341387,0.5989053586700382
689,16,345,190,3.216851219026066,5.952989251324903e-30,1.2492509157720055,0.05488121670109812,1.3363917965672027,0.030627350299851554
690,18,337,200,2.92074677088427,2.9246924869930835e-25,1.161610188133293,0.1883476851574566,1.1783289652346223,0.22562174419937342
691,17,340,202,3.051271435302472,1.3316690199230499e-27,1.375834754574217,0.00630492604443995,1.3157077433093267,0.04588619039045096
692,14,340,218,2.798825862846715,2.5223525673299217e-25,1.027865228262212,0.8076874240931173,0.9413066523043462,0.6540271153344837
693,22,339,210,2.736829712532881,1.0531084515274959e-24,1.0073232831230425,0.9463080302750115,1.0477826319063923,0.7144145556849929
694,20,356,216,3.328104050040753,9.481819896850268e-34,1.2739691960025983,0.035749273317488284,1.2335231076903461,0.12349643728565728
695,23,302,170,2.511207790750807,1.6748424092680793e-20,1.0754405922005543,0.5359142886042789,1.1125370997104664,0.4205034883921369
696,12,341,215,3.110892332830836,3.651029312018091e-28,1.087064804458747,0.504130278487279,1.094685064573327,0.5442066423279877
697,8,332,189,2.8700371827480207,3.690936946424214e-27,1.3284193716235202,0.013509138205319331,1.2545956131394327,0.06536827363576253
698,22,309,185,2.938305405986993,5.010390757005358e-24,1.0663651042290925,0.6052706138216901,1.086842800590362,0.5654139825492701
699,15,328,192,2.7395373772132507,1.3548866873126113e-24,1.1324978787475393,0.23942880954382972,1.164059901659028,0.2189808646716933
700,20,366,212,3.728330105639484,1.5959618058467955e-38,1.4165523195935013,0.002671111531932841,1.4499480799743487,0.004741212510151622
701,20,330,210,2.7903449709689054,9.616218933469597e-25,1.1487343518893347,0.19947751027576044,1.0774732485608298,0.5682536493057977
702,14,310,191,2.690447203141628,1.83886328084456e-23,1.0772696017508305,0.47519965885592397,1.0573041974665212,0.6485310476373576
703,10,315,196,2.850595808812597,3.8866764281556965e-24,1.1593381866509282,0.16622756923879733,1.1249894586981357,0.368312527279418
704,17,322,188,2.763812019451378,2.0265118680760135e-22,1.2376889720581927,0.06490748062662806,1.1597027250493428,0.2867469795775086
705,20,335,195,3.2282840665973676,2.644690966659225e-29,1.169574704862231,0.15412203018443427,1.246880949935913,0.0793905377361933
706,16,343,209,3.2870060078031127,6.849630950793323e-30,1.4446607873453639,0.0014156451286003108,1.4724501084667005,0.00488832758165765
707,17,300,159,2.6654819456705625,1.1064975709601572e-23,1.0296600689513207,0.8099893586597622,1.117522244502289,0.41430628086911514
708,11,334,189,2.758220756245531,1.447245563706169e-25,1.3529053171097345,0.003720799518264078,1.4347552055851902,0.0028984702460223503
709,18,324,182,3.0640430482913925,8.423582802337554e-30,1.2858140376101732,0.020633411215101483,1.3314050429514304,0.024595417287270407
710,14,322,180,2.772367875880124,1.2517530642113917e-22,1.126411356834881,0.2668321098437463,1.2313498840181947,0.09798008689233992
711,18,354,227,3.3906311712359076,1.4552449264436964e-32,1.2331741532638665,0.06353333563328753,1.1586572095771521,0.2748776429698866
712,29,346,214,3.5233380584609337,3.6873419844688014e-33,1.2906756386579068,0.029297737715966155,1.2883282883111278,0.06488168983539619
713,22,338,212,3.314951365727939,5.646730069051239e-32,1.2779913425612102,0.03931249682865601,1.2493408453400994,0.1269913139717466
714,17,302,177,2.9631649624687624,1.7571458036101546e-25,1.1862900547604702,0.1294366591874574,1.2040044842890945,0.18300087603525783
715,16,310,176,2.5934810685821343,9.902451932564169e-20,1.1986725314681042,0.1146085506340199,1.1928207980597836,0.18255942745348008
716,18,328,186,3.435205275254851,9.320777348370167e-31,1.7102082590679724,2.872793442007541e-07,1.8468074525029659,4.394966171586107e-07
717,16,281,173,2.7025448230531897,2.6778524423856907e-20,1.0640942524760784,0.5976401901333981,1.0655924343248548,0.650332597127928
718,12,345,195,2.935276905477547,1.3721955527111449e-25,1.3081323931071425,0.01156361203214187,1.3130353458023993,0.025889142465485127
719,12,314,180,2.374262966380611,4.4314630725119544e-18,0.9872116555729292,0.9106278650991686,1.0280766229770695,0.8398392821800126
720,17,333,189,2.7845954550497547,4.6061378032884903e-26,1.1566830025406005,0.147357619730891,1.2267379118737676,0.08595725425146111
721,17,347,208,3.0438489611803905,1.1493845105893688e-27,1.2831917968917874,0.02189627630877931,1.2830814484010775,0.05218483564854997
722,17,333,201,3.3385145877688025,9.157720994682597e-29,1.30707631899984,0.01934620251256237,1.3427253733052744,0.026651105753897203
723,16,340,202,3.1320928644182287,1.349180617011889e-25,1.217047200354699,0.1348484441423425,1.17148777919005,0.283293977586332
724,25,319,189,2.4937068781986738,2.321715798916515e-21,0.9776456915780495,0.8234945567149178,0.9819129282124817,0.8751981812773851
725,18,371,227,3.412931003777409,9.569441060694905e-32,1.154736470391142,0.2293784098076851,1.1665034609549039,0.2634521716299715
726,23,341,205,3.162546380654617,1.8415210743674995e-27,1.2928041945288467,0.01616557818236111,1.2646950544321571,0.05511736029270661
727,13,314,182,2.8581589791482,1.723076957104781e-24,1.1547982962503196,0.23902015259623777,1.161072189584519,0.29253209937969404
728,17,336,200,2.913000218664967,4.016484330214249e-26,1.2475360463755458,0.05976096641661219,1.2622058709736634,0.10187847636571938
729,19,318,200,2.7444716143647403,2.7952745498406895e-23,0.9107676920650775,0.3841819536511879,0.9373981983931393,0.6220706078961553
730,14,351,199,3.1422726712896862,7.475055488789527e-31,1.2790540635931844,0.03320365188995628,1.324955518078773,0.03171437880541149
731,18,316,201,2.863829761090526,4.96463061112756e-23,1.2296047415818827,0.10504924320406757,0.9891288772026393,0.9399700654473191
732,19,323,188,3.0002002547233144,5.869730602278225e-28,1.1676723494738297,0.18450588517944777,1.2286290706308989,0.119963015259477
733,22,349,227,2.999735071703366,3.200887583180993e-29,1.1991440185356923,0.10341776134895012,1.0370438809004698,0.7794202401792181
734,10,308,182,2.6339443123403266,1.3259344730736765e-19,1.0781159757086478,0.49558927090472893,1.099596792388469,0.48500035112392537
735,17,303,192,2.9309962423238063,6.103837879746786e-25,1.394257285865142,0.001993381873563842,1.3004212173716223,0.04504349218394933
736,22,321,194,2.9390614027051982,4.051194743341631e-27,1.0098431924491786,0.9336092011233,0.9503862597177867,0.7170448881001208
737,20,366,224,3.1635243423168244,2.932619141835737e-29,1.294629824493106,0.026387456253739505,1.2618918445909162,0.1005466344365271
738,21,337,196,2.970261164139374,1.2235405139873903e-28,1.335650506076257,0.006029686221506796,1.3130099997445646,0.02961450586305696
739,22,341,194,3.2548171153930636,1.725233836274876e-29,1.5093764177764595,0.00020198157565802613,1.6242466836336242,0.00010778971416665631
740,14,321,187,2.841837656070392,1.6447383972778853e-26,1.0198647335191846,0.8649859494468553,1.011592273318887,0.9344276136123824
741,21,332,217,3.3092960084748753,3.4734475721374833e-31,1.1019877657196124,0.416163267940341,1.0265043488361962,0.8547652382052408
742,21,360,207,2.9857058904387364,6.312683755268019e-34,1.0931315152428758,0.4042417529378284,1.1998216728581907,0.12491493506414267
743,14,303,179,2.891703963247809,1.782084871161435e-22,1.172721544643843,0.2169638450971163,1.2462709883540197,0.15345021108498852
744,19,324,206,2.8167335944322702,9.709109633273152e-25,0.9890008029674892,0.9192223067131813,0.9201896122414187,0.5462642644486353
745,19,306,163,2.3807510047251093,2.1209014462912924e-18,0.992934010384334,0.9506141076110437,1.0937605828878467,0.48990397845567313
746,23,354,226,2.8027906176842516,1.3664499443864176e-27,1.0911599085900086,0.42663551112882114,1.0562200494539062,0.6859221823621159
747,20,330,190,2.7572056808729815,3.42527744577028e-28,1.091400896903242,0.3887921195843925,1.1062478200835033,0.39931788674505775
748,25,332,202,2.8599989744746406,6.987191965686894e-24,1.281563520482221,0.026622465022295632,1.2791035770524426,0.06576403375882471
749,24,315,213,2.315582631773143,7.703070888640756e-19,0.9375034862796887,0.5559609255995653,0.753759521338014,0.03677225547823679
750,17,325,189,3.041530416780292,3.571559964918875e-27,1.3250692033269154,0.01267725403301101,1.3748390654892693,0.015742681001111886
751,19,351,209,3.096990170954636,1.3766773736831529e-28,1.2652222611680286,0.032565822948230884,1.2696356927013386,0.060183824750351396
752,19,324,203,2.9607061095154723,1.5852579741934833e-26,1.1952468547937265,0.10644325227121712,1.1126636103234768,0.4157368933902512
753,14,343,195,3.31039689010782,8.534947424668767e-30,1.256741613898367,0.03816169033900712,1.295054872837168,0.03518263103638579
754,18,357,211,3.1063578785178323,2.0291341297253326e-31,1.2534629653106384,0.045870415546984844,1.316105206806134,0.03785164515138591
755,13,310,187,2.4902824927365557,6.681972232517124e-21,1.1021357772449476,0.3785931885268303,1.060551447711733,0.6636831895791655
756,13,294,183,2.4814710140732266,4.989154115113613e-18,1.0649010205188534,0.5721695239138453,0.971889591614064,0.8346907717286521
757,19,349,214,2.8339005105071204,1.9717920756584115e-26,1.3084861317124845,0.007390642131587798,1.2606874829932917,0.06338961021846444
758,21,352,225,3.0938582088284936,2.889573625509149e-26,1.1976899687597489,0.1168970522407205,1.0722749672297127,0.5989293363625978
759,21,338,186,3.2471458771946735,2.0262228838191142e-27,1.4341499201918857,0.0025154149347068394,1.5273180719670458,0.0014952890246018463
760,17,311,188,2.8303475275901686,7.23259291789546e-22,1.1686138900850889,0.18131566086680395,1.0963983491654838,0.48565425089929737
761,15,328,177,3.045535242771322,1.8024495214981843e-23,1.3164299996486224,0.020978278424982465,1.4264799230413334,0.005767423576226842
762,24,337,202,2.878888730398642,1.2529241233075181e-28,1.2048248941434898,0.07015634772127734,1.1504811287683057,0.2343984698578354
763,18,345,223,3.3088001982627175,1.4327163078351081e-28,1.414471048732907,0.0016821740790495588,1.3077780653510096,0.04271937384960904
764,17,333,200,2.7826222565012526,7.569239271678477e-24,1.3428003307863354,0.006293396220978355,1.2809107788967893,0.057403435092937626
765,16,333,203,2.60627264154426,1.1619162357368097e-23,1.0960368785212171,0.39200781727212985,1.006737105828045,0.9586289736410666
766,18,305,181,2.991414397954711,4.130916231536223e-27,1.252322633014539,0.05802731408238397,1.2431876353697329,0.11316303093203481
767,20,332,210,3.160419982720629,1.6525355329293412e-26,1.1426973269464922,0.249928391089828,1.154152798555198,0.29815623669983005
768,19,343,188,3.2716254145646753,8.702345527063295e-31,1.3880489448514335,0.0037964267446961965,1.5288816476467069,0.0012499951719220565
769,20,337,202,2.8911226099572223,7.290379864709117e-24,1.2848866954075897,0.0315560787949365,1.2124661179543623,0.15180134811555615
770,25,356,218,3.175392221739571,6.103739819229988e-30,1.2844094376954995,0.03045132459058407,1.2088215257155206,0.17073999419017283
771,20,321,195,3.4248458420753707,4.925736301743437e-31,1.270036653754129,0.03772296965932818,1.306727531466976,0.046044507067257025
772,19,334,209,3.11194503157454,1.8691500747289155e-31,1.193932385039966,0.11597740092335693,1.1855876221711021,0.20815132110438606
773,6,319,203,2.8246123957262697,6.09536017232732e-27,1.1380975680942989,0.2168793691521932,1.0855125280531355,0.5538682963156994
774,22,327,212,3.012117335282895,1.8985246255810346e-26,1.1399564021107809,0.23513551526212617,1.1020857259335508,0.46852712214663117
775,15,363,220,3.315146589302092,5.5717883926287215e-34,1.3592729765311196,0.0071655867242699095,1.3458194840794666,0.023855772194028894
776,17,324,206,3.1175733417886073,1.81789789459776e-31,1.2375864342908034,0.047055337075408724,1.1606860734166313,0.26458398093707314
777,18,334,207,2.559071344818645,2.0450239431041367e-22,1.0540341726169504,0.5930660575610169,0.9497122642369913,0.6748146770627463
778,22,319,211,2.4787684338266476,1.5012184191797585e-17,1.029197671461277,0.8091492014652465,0.8121635253648197,0.15203267898157347
779,23,368,238,3.786380230399602,1.434722441302518e-34,1.5161161675513426,0.0007752756210717305,1.4285437410105957,0.013299568627480607
780,12,306,172,2.644753497892309,9.478538366258042e-22,1.2913823568188203,0.01970469971578681,1.3124371979575278,0.03444174490643368
781,13,321,184,2.5601107520573514,9.007799769525812e-23,1.2342107159236075,0.05168589463607551,1.2268732435062917,0.11589500370295316
782,22,342,207,3.1652598150525244,1.2002692728652254e-26,1.3344634539632358,0.012731301883906136,1.258213199015921,0.08385962672144846
783,19,348,216,3.350517529308678,9.458599532778283e-37,1.412988967716095,0.0023739943398893215,1.3031705728863563,0.06093996929496102
784,16,332,203,3.0541181487175497,7.664195802461781e-30,1.1808237126920924,0.16565002770903003,1.14587727310953,0.3462840417828996
785,18,311,193,2.7755850733611607,1.2986058138646886e-24,1.2333542592946984,0.03559681318261131,1.1340300727973527,0.3053528551238869
786,11,326,193,3.3664608872830755,1.2752995715815219e-30,1.4267725545859329,0.002811244188315205,1.5111733955351645,0.0039058849816911143
787,22,344,213,3.39546965808769,7.427387673626859e-28,1.3159063338688959,0.016447255579249285,1.2003627171547462,0.18550851168819904
788,22,342,214,3.1468741177579944,3.1959529954243354e-26,1.2716338218619507,0.03862016792023548,1.1955281307497538,0.2023984164976924
789,12,337,195,3.079483047102747,2.0454317066038083e-27,1.2615919020760693,0.033732187831672256,1.331731083942168,0.021750940428108198
790,16,334,205,3.7343079969569595,9.542362359706454e-31,1.3897242520388644,0.015421682149872933,1.367278458288191,0.0387662361693181
791,19,343,200,2.9584565020026212,3.247990786961834e-28,1.0412036432350509,0.7159097783349517,1.1149126930062951,0.39044476491021696
792,18,338,180,3.090440694050856,4.988801344694769e-30,1.4259982209581306,0.0026095767708582862,1.480497815918186,0.0029307483125082896
793,21,336,207,3.273956342534105,6.518459528444008e-26,1.12570217052405,0.3403859586920007,1.1928261271247038,0.20896850111687104
794,13,318,189,3.516234835463698,2.0658980725639042e-30,1.4246538623805538,0.0014941482640944386,1.4018308628268348,0.008563003101210795
795,15,325,190,2.6762956615032842,4.4041496677918095e-22,1.069703738988774,0.5191826142588525,1.1507569189493267,0.2743702028021616
796,15,311,197,2.9669457291499977,6.157255993929896e-22,1.2667589163361817,0.04632997034265103,1.2133429356484107,0.1888972078481046
797,19,338,202,2.9833649622867378,8.45363551973067e-28,1.3417840859542505,0.005714673174097252,1.2340291464758195,0.0862353724903472
798,22,340,197,2.7642479484971503,2.1552431511166543e-26,1.073929040508235,0.47774862403938645,1.1050237099151947,0.39014359290702383
799,19,305,194,3.2846423549329318,7.811807309384646e-29,1.1061717199473313,0.4028324774648132,1.0801076351428116,0.5872433346226311
800,31,339,203,3.037636017427459,1.2092673286729159e-23,1.2731449586139403,0.06420842496680758,1.240878691250069,0.13241504201342505
801,19,348,214,3.136514242249539,1.2563099651547027e-32,1.2061348431615442,0.055082310097854734,1.1285521313770939,0.29582782893072423
802,15,304,179,3.0705718619281677,4.8194086006611754e-26,1.3409227782868585,0.020771736267371506,1.3151482826357817,0.06151437301979925
803,16,337,181,2.552278658476574,2.5809631704257926e-23,1.0634471963614278,0.5691621165640508,1.1355544325604396,0.2880138655798312
804,14,305,187,3.0037317845286706,8.960509795870496e-25,1.2351960927897447,0.0643506708928652,1.2599866632738765,0.0876028972854105
805,12,335,194,2.766893269164396,2.7708721867616115e-25,1.1639507938238998,0.17288202263236263,1.13268127324486,0.349198139429568
806,20,333,202,2.9860437611699395,2.2595936098658252e-24,1.1281302790443342,0.29397482526716434,1.108889482091874,0.43156508926063397
807,15,294,193,2.5415430999704776,6.432010954976384e-20,1.1379967893247118,0.2719991455551688,1.0246764923293958,0.8763780580225498
808,16,352,222,3.4370441043956466,3.4830787693406605e-32,1.542823030227122,0.00020470595021101546,1.3528718538899378,0.030725671966922594
809,20,325,195,2.7808694526095925,4.094255362678381e-24,1.3186327251538017,0.008556123457371476,1.3489661795483077,0.018645288781727477
810,20,321,197,2.7696949223808836,1.58404543837645e-24,1.0349980412939976,0.7657568146789951,1.0371297766024803,0.7926775517764301
811,16,328,192,2.7011730805663676,1.1791672399312173e-26,1.1077008506618728,0.38653778589833476,1.081864974399871,0.5736829686317697
812,15,329,189,2.964275039933996,3.174186634462794e-25,1.3649751076977266,0.00571651273586621,1.27462422432703,0.06711727529924626
813,17,320,197,2.8491021943081307,1.5555927676942266e-23,1.1481444961346903,0.2188420732353451,1.08698614324364,0.5234625783385258
814,11,355,204,3.603046351139042,4.219208437632722e-31,1.3344168252604538,0.018889879558112128,1.3457740665802538,0.030951483159393976
815,15,324,185,2.488248192312914,7.587987146561743e-21,1.0663206823521285,0.5303716377468082,1.1057609428905255,0.4079729050524882
816,16,347,212,3.045741823225755,6.711187996106357e-30,1.29950840675777,0.01576293630203958,1.2563985533056365,0.07701539434770768
817,16,318,181,2.7997418465746446,1.598510360854642e-24,1.1017980574258415,0.38916883543782654,1.1444579019175711,0.3200811363144952
818,19,356,222,3.1248096131747642,9.076079859628079e-31,1.413084391150491,0.001758423919223959,1.2624020850455921,0.07192107784243836
819,22,345,195,3.1250400672690417,1.761452366987118e-27,1.2873391588482073,0.02714501339183072,1.4387153862548032,0.0061161270998382755
820,26,323,206,2.839722474982525,1.1495355974242433e-24,1.107689727963712,0.36327317205445564,1.025110974433444,0.8513215579497867
821,20,344,215,3.709399720068324,4.148157101257542e-33,1.4000331707699643,0.0051501759963871055,1.456482588464907,0.00735381109068372
822,15,339,201,2.882338142284958,8.085379844448881e-26,1.1682069318924908,0.16043523068128196,1.2256093899829428,0.12709068538538268
823,24,342,207,2.889978042181096,7.64811824658816e-24,1.0986612472583461,0.43711825278862204,1.0704488631114286,0.6378023209353232
824,23,326,201,2.9112992154498625,2.5505121241432034e-25,1.1890261609877169,0.11055557668705733,1.153083149546705,0.29152121020326227
825,22,340,221,2.8839652037263073,3.1191160067074815e-27,1.0556574713193403,0.621665438894548,0.9541505246835909,0.7352217554130092
826,14,344,212,2.898780605950961,1.8748831512219706e-28,1.2413827795447152,0.03665943308666839,1.2765426153594537,0.06183426302509428
827,13,350,205,3.4417943407307563,5.969876482309451e-32,1.467681471071978,0.0003585381901954342,1.4974732717263415,0.0013777437919878597
828,21,303,186,2.766976609554533,2.369593578942235e-24,1.234830498360535,0.05851872466915835,1.1377169233992561,0.3214819012513469
829,16,364,220,3.2344747016525246,9.283900320874454e-31,1.35225510593676,0.0055766687331014215,1.392694836135678,0.010530677622553306
830,16,300,176,3.045202286199209,4.213520631917922e-25,1.4322862881922924,0.0026631286367973885,1.3998050443087993,0.014331931390482213
831,21,347,211,3.0758455542746304,1.9563808828678933e-27,1.237861287695611,0.05763558507024086,1.2284411990015929,0.12431829545857662
832,17,351,207,3.323478935242947,3.090733534152024e-32,1.222901134652925,0.0778590279032821,1.2537925327804935,0.08456680683909186
833,14,334,206,3.3606641847218914,9.060940293470714e-31,1.3208815958723146,0.018647328206939536,1.192921968881763,0.18963679068691874
834,12,334,202,3.0335712976938556,2.407117909223995e-25,1.1887582499497162,0.11677104292980203,1.1433393368827285,0.30830263771068533
835,12,360,204,3.631386798434152,4.60512043194727e-33,1.6155865466361041,2.530759880187996e-05,1.6672054893315722,0.0001148328014583336
836,15,358,220,3.317892251079239,2.9220198041182335e-33,1.285547750043752,0.026615575729502107,1.2724857298945624,0.07379554773657249
837,17,321,183,2.8451916009850393,1.5671246466058318e-24,1.2021265421320497,0.09622339902400079,1.2220957856795025,0.11590871856233989
838,23,321,190,2.860110455475254,1.9588591811505218e-25,1.2730402857539143,0.02217882301500638,1.2931484199329255,0.041247989152315055
839,12,337,199,3.1236261604458404,1.3878097794886525e-28,1.0691737132766628,0.5713119362653508,1.0743057744209699,0.5942087773506713
840,20,337,206,2.968242883019937,8.085739196239099e-26,1.220583002706877,0.07290060906363903,1.2400344158303305,0.10989581234926753
841,18,322,191,3.0673682576555543,1.6066682619184036e-32,1.4425427360958425,0.0005246066229541347,1.3616955821262606,0.010727352485518498
842,16,304,182,2.6354290871376165,8.892537987090832e-23,0.9740810077621221,0.8020564735021177,0.9886100917895178,0.9276005787041265
843,16,341,203,2.9767958626524904,1.9500250278124783e-28,1.2821383556886115,0.028344972272345694,1.2485659152686992,0.09218168229396029
844,14,324,197,2.956267546064801,6.789941726202422e-24,1.2430075765213968,0.07777049547090215,1.157345566466867,0.30323282764040715
845,16,318,185,2.9210196159114714,4.586965412317848e-26,1.1190738015131148,0.36388386029202247,1.0753832729104607,0.596992484636008
846,25,323,191,2.646371950273143,7.71204429668206e-22,1.0767626803514176,0.5101472816143187,1.0311612291475365,0.8118852459156836
847,18,370,220,3.057885650151339,2.8761097468450624e-27,1.217724614995142,0.08836599380879197,1.2066500332075702,0.15306946157558352
848,22,359,206,3.2414124195342815,2.1842672396616323e-31,1.4358679615730048,0.0006459846259103649,1.502053898693485,0.0011244082840313053
849,12,315,174,3.056507978342588,7.043639559261909e-25,1.3449229347578966,0.012954603554810594,1.353170386873678,0.020949611529142563
850,26,296,190,2.587672302801555,3.769715678504365e-20,1.0328631823101566,0.7586276058825427,0.9432121853026809,0.6557784303028253
851,20,307,190,3.0305042191561986,5.491771293310516e-26,1.1199289338928509,0.37214855017015125,1.055420678311831,0.7090493079418116
852,22,336,204,3.1011787013511563,4.35477749794778e-28,1.3211980468665474,0.011939555012360194,1.2215423400615089,0.12608273400484354
853,14,317,209,3.2744864863160243,5.900629880381244e-28,1.151993480086234,0.26717112153427114,0.9891151734984894,0.9409546469838291
854,22,348,203,2.7975414838791406,5.989079519146336e-26,1.3495286624123728,0.0025134594507017593,1.3241395739372823,0.01927280815319693
855,25,400,245,3.63613602383451,5.279292697505441e-40,1.5665638430260016,2.9936850938373414e-05,1.4817277782659397,0.0013642322771098363
856,19,328,209,2.9289949469872663,2.4125771272180826e-26,1.1993880219596957,0.09959910192183875,1.0998010453121967,0.4879961837677358
857,20,311,186,2.6012265877871275,3.954328237141487e-22,1.066347787089199,0.5369626966720045,1.0439013957642012,0.7254967538699155
858,14,340,213,3.098092634569505,4.16453209734945e-31,1.232204997945183,0.04028257800941897,1.1714845258452273,0.2177775315098356
859,16,306,188,3.133880231592405,6.832763796820038e-28,1.3035682213465356,0.019971223877127988,1.2529917344118264,0.09146201549544282
860,16,364,205,3.2592583936027655,1.1062745802515128e-33,1.3296299421274067,0.011476432894901595,1.273500993395704,0.06316274123984408
861,12,313,182,2.8118704350022443,2.0013868270812494e-25,1.0530730351281927,0.6329776969366715,1.1269582283956843,0.34710778765195394
862,17,345,221,3.167417697524737,2.0838906522539848e-29,1.326628356639628,0.01005719893782957,1.2372506804688772,0.11371151808902222
863,13,317,180,2.551373404511948,7.176631794763059e-20,1.1863846929458162,0.13536552540649444,1.2245414624631965,0.1176776380742715
864,16,304,168,3.009181376066929,1.1366539851236816e-24,1.1391039186926584,0.25908878548299386,1.2435960684189782,0.09788296273317738
865,10,316,186,2.5110218775485764,2.428737359026617e-22,1.1062124715486323,0.3367137676821652,1.124978214491681,0.364020145378132
866,18,311,187,2.7041221315630835,3.422912886942397e-21,1.0094710163832197,0.9341441726695462,1.0497931484600433,0.7169326891605639
867,17,348,211,3.021307342772113,2.2470172887289365e-28,1.3235659988320452,0.008490432987508734,1.3212537816449001,0.03176091830493753
868,13,285,182,2.4336516961438903,5.01655974570155e-18,0.8605542531982877,0.19503588553786133,0.8363215761656959,0.20554499919797897
869,13,344,218,3.181638055015202,7.245199664777548e-29,1.2614653185184035,0.03229332727746806,1.1280857153050625,0.36466345126891275
870,18,346,203,3.533232898844519,2.11536602507355e-34,1.4798093126317668,0.00020657603140633105,1.6653293985578999,3.6058849266203714e-05
871,15,293,171,2.827762155197854,1.858763653373789e-24,1.2179882111438052,0.08843599874825617,1.2546103244364186,0.1046030382370271
872,17,359,227,3.1319627231387415,1.496009504869882e-32,1.1232228336917311,0.3003444933504089,0.9984173187592038,0.9895214390714916
873,19,346,213,3.287264744544877,6.618377437309003e-32,1.321405786733992,0.01767870844431539,1.2386902511431979,0.13447068857453884
874,13,297,186,2.1089039246786427,5.884628843060865e-15,0.9004655474288126,0.2985606431938381,0.8461262579026186,0.18625960218691429
875,12,325,196,2.492148272671933,1.725725362409395e-19,1.227475843594959,0.048504585280889266,1.179476932695001,0.19531779421063034
876,21,313,202,2.8841502646218093,2.47713003644208e-21,1.1459766376267146,0.260667662765251,1.015084158900582,0.9195899556844801
877,19,332,207,3.368891588158714,1.3099857524896611e-30,1.4602066761723624,0.0009174818715208703,1.360191957467679,0.024626949876741393
878,17,346,207,3.114270654228726,7.828471689582141e-29,1.1545906534226333,0.2453176351799935,1.1666630610146012,0.2870795854075481
879,17,329,205,3.0733538255073127,2.49169426712912e-28,1.227753779668811,0.06278725735265717,1.154308099937355,0.26452537736071047
880,18,318,197,2.9216627399105097,1.7167311302420231e-25,1.0933492193660326,0.4545452504225749,1.0431353780035648,0.7618547445265396
881,36,371,227,3.6105942391782424,5.419315894665537e-36,1.3878129483728894,0.007755442052554236,1.3714888259083173,0.02310604880304202
882,22,357,219,3.443560453791091,4.281859362616627e-33,1.384324840089638,0.0033506057547161077,1.4482692525330658,0.005898576759660103
883,19,364,221,3.4794002501037173,1.8474796990355616e-33,1.3178961124880633,0.015422331575459882,1.2531341567909715,0.08230471970027622
884,17,340,219,3.3858784547600558,5.185048978026771e-31,1.3817184320243197,0.0033658194237144667,1.2254880503812164,0.12462415530937337
885,18,303,194,2.7056657534889212,1.2719186344917559e-20,1.1434370856281186,0.2440009646395619,1.0284760041821404,0.8447962738020752
886,18,357,218,3.1016223822492153,9.077394496444177e-33,1.177880907168276,0.13537675264043905,1.1186007063578784,0.3995503867968514
887,20,345,195,3.0772256716875206,7.449295677897953e-28,1.2345414285481335,0.06603003861181836,1.350712985545889,0.021782870377672986
888,24,344,198,2.81174347520257,1.8432415026446105e-26,1.2863433069809842,0.01610080798008202,1.4006337240879287,0.004641036661359162
889,21,344,200,3.39848251898948,1.978337254788143e-31,1.3807337158457615,0.002356258898485047,1.4796799626614854,0.0014236921675927583
890,15,340,198,3.3338394799341926,4.9896117098775465e-31,1.4977088344625258,0.0002860554938421239,1.5290319721056402,0.0012349482048298027
891,17,342,186,2.999195208899901,6.873688618906028e-30,1.4211468090991386,0.0010551375120159787,1.583794909656218,0.00017679317302879926
892,22,339,212,2.6096921055471873,3.00960784158498e-22,1.0257108106681785,0.8134893807410233,0.9690946549036161,0.8098547006816308
893,14,333,207,2.635320430394043,8.009283502540939e-20,1.0890886330930334,0.46341807272808666,1.013321102468317,0.9248748112820453
894,19,353,217,3.4463588861093735,5.091446726335949e-33,1.3918210940123084,0.005372219641015479,1.4251908027528029,0.010426575206902896
895,20,343,223,2.8893894738134733,3.332422303895104e-25,1.0650555899447673,0.5783957378667403,1.0071534243173177,0.9599961713443532
896,17,321,194,2.704957477703271,1.7893261677175323e-24,0.973654940936496,0.8200919728646792,0.9578639793417262,0.7588709052037561
897,17,337,195,2.5342580133391137,1.995983235523922e-20,1.111592573832775,0.3508975862138397,1.1183156306396116,0.3899537345207126
898,17,293,172,2.68485430064447,3.641398815991046e-22,1.094105165701257,0.43963708420419945,1.082546541015542,0.5596882634629902
899,22,338,187,2.7651361355944526,7.928186414388372e-25,1.2077759787557323,0.08300886785675146,1.2915977275639268,0.04404565224397262
900,18,334,199,3.2058875902380484,7.161537822062134e-28,1.4173897517463425,0.0012728482894851097,1.4133638351801607,0.007038193637754386
901,12,325,196,3.0338740210775526,4.2739081704157265e-29,1.1173882215188025,0.31882810581314713,1.060191955646055,0.6606627098646445
902,18,315,196,3.4404899905256014,1.7821683267912376e-30,1.3252293759137082,0.030270701621710597,1.2117338061546037,0.18800366187100648
903,28,341,209,3.3938220059994366,1.5505556226008434e-31,1.306527192759778,0.014640614246122717,1.2955077872916392,0.04393239077911743
904,13,323,194,2.974002169585773,4.113324763019589e-28,1.228573141181562,0.057847275358356036,1.2434875681582829,0.09533162843501714
905,9,325,191,3.030615049672502,2.6182333776592605e-28,1.345706476888025,0.011291823022536037,1.2925182921107763,0.05119852457352562
906,20,340,206,2.8327443811883586,5.077980816143054e-26,1.167025862708157,0.15452368620713908,1.1731621065789501,0.22173995260148882
907,10,335,202,2.960243386740887,2.400942993150055e-24,1.203815881734034,0.11660331841920855,1.221870128126098,0.1625186773674292
908,21,343,193,3.559177128976212,1.3409601841879207e-32,1.6504794237874916,1.2321896020206483e-05,1.7372472823970713,2.6471629638210596e-05
909,16,357,210,2.9945370254282406,1.7873952076711607e-31,1.1727766025790776,0.13513021253695784,1.1673422784090657,0.19670557998668647
910,17,367,217,3.141662831274037,7.079616235572031e-36,1.5063725271390633,6.187290303568683e-05,1.4333313682742386,0.003603801615131805
911,22,318,210,3.0364241330391595,4.137332193478885e-26,1.1635318835121373,0.14390718758627427,1.1189386636945584,0.395626469495413
912,18,329,197,2.8532731781239473,1.711993256881906e-24,1.165157795156805,0.19246922169777625,1.1166221900009519,0.42733875631568174
913,14,315,168,2.7776090411442733,9.992191439830385e-26,1.0747644178524725,0.5071344115993253,1.145943376673043,0.26577661598890523
914,23,328,206,2.947302910814711,1.0282322547948808e-26,1.2633729221262082,0.03860167457753982,1.196714339772276,0.1760951198317915
915,20,357,201,3.3614751644342356,8.321915005081692e-33,1.4600997449066802,0.0021956154824146457,1.5979314252892074,0.0010859448037729535
916,11,336,220,2.831621624413431,3.506913952065901e-24,1.0212782939359393,0.8440646492158073,0.9290169810999622,0.5739974211768668
917,17,330,204,2.9415174828407347,7.191758374878224e-29,1.0314558243361027,0.7687478262686179,0.9496084151476943,0.6729009750713392
918,18,315,174,2.7330527219801417,5.2702864091051446e-24,1.2547857774422253,0.04080674917761187,1.2715233544523767,0.06720879671590632
919,22,333,208,2.60375217123093,7.356838677302919e-24,0.8889366055595737,0.2805794517220008,0.847607825343798,0.20042030622033646
920,12,304,187,2.7903773515695325,1.5314975469629284e-22,1.1891662601937087,0.14571907230067044,1.0887117043002537,0.5379402904077062
921,20,313,201,2.642123126082927,1.2921218525615206e-19,0.9886207628360342,0.9277878631578196,0.9072535797080948,0.5121968420022901
922,15,348,201,3.112373055207161,2.7663209577374582e-27,1.2792030593805304,0.04509671896898542,1.2758145554387947,0.08481888238495167
923,16,323,199,3.1695325119480415,2.7836303536858254e-27,1.2221724497213324,0.09064470338324379,1.1467017078994268,0.31703574088281106
924,15,308,182,2.652996681924789,1.801661771189934e-21,1.2288067016662507,0.08130442689419808,1.10847478090653,0.43786680859946614
925,14,312,188,2.5699183770834724,4.353077081783206e-21,1.105000672218766,0.3486905633551144,1.1561582350893167,0.2637840711093692
926,25,365,233,3.277334139208799,2.8335184281346056e-34,1.3157814017962683,0.008924150151475298,1.256418575272212,0.06673059500951777
927,17,353,213,2.9569046168390885,9.358216311067673e-28,1.1172338196339824,0.3290854979468537,1.126441461910871,0.3652769913581264
928,26,378,220,3.5480493667669912,1.0239673730498816e-36,1.268578800265646,0.04077310649436495,1.3085089648038428,0.041705176318170355
929,20,331,210,2.9805387065667066,3.6295140754494516e-27,1.271558253748487,0.025145833892359384,1.177684981058319,0.23299834364413863
930,13,319,181,2.7022735062333445,1.5982493429528077e-24,1.179091844382792,0.11199627794483615,1.1327988703103504,0.29212644025765233
931,20,344,208,3.322157541101997,1.1802347872825158e-31,1.3192290465317067,0.009738844943871186,1.3620372828868144,0.014782701793216016
932,24,343,221,2.834128327532764,4.101841598504737e-25,1.192899643374327,0.10893985774999444,1.0984375622598546,0.46796886247496994
933,17,335,195,2.804705365072036,3.658541662750026e-26,1.2076001974628294,0.09036266517515565,1.2812805739403161,0.06389201902599191
934,14,307,175,2.889388963304107,1.2985208217404834e-29,1.1776976106591195,0.14439867382353347,1.2443168987269564,0.09128650709406204
935,26,317,188,2.5907866498466134,3.948837321387586e-21,1.0026697090904253,0.9807050085740034,1.015555339085751,0.9009722185313033
936,14,345,202,3.493160971423382,1.6579172989547836e-30,1.4804173198958408,0.0013626715272399633,1.5330133740565388,0.00218611643950351
937,18,356,222,3.267861145851608,6.822657976925914e-31,1.126976336691845,0.29158924795405317,1.054763955765718,0.6756626696645398
938,11,338,193,2.9110678841768274,8.24068729503668e-27,1.059265268696549,0.6260855264229057,1.069984825652052,0.6174660136971932
939,22,325,201,3.083922646808139,1.48665739863475e-24,1.2393458528668957,0.06926372243352844,1.227416121811113,0.14440952674894203
940,16,307,190,2.4988463321110443,2.6639415426755865e-19,1.1027243893317389,0.37448690360361714,0.9432547092036336,0.6521804463887395
941,13,285,165,2.6785660497734645,2.6235703962669346e-22,1.1173638718732801,0.31881358595072296,1.1300038389038665,0.34358039602183577
942,15,324,183,2.731587966932164,9.625583770160063e-23,1.1797193846803433,0.13070639865693043,1.274734315535042,0.059804343280928325
943,13,312,187,2.614538264465471,3.138723469358865e-21,0.922562375936139,0.45554560947049294,0.9394681392730818,0.650721342765514
944,12,290,158,2.6664069160271815,2.6398309346927575e-20,1.0713010443825568,0.535743679734311,1.190346312312467,0.18303834348189119
945,16,339,196,3.175298971156217,3.2427787393479824e-32,1.5256531515384153,0.00017863182920667864,1.4651053403292982,0.003161462286350411
946,20,327,195,2.5064111771839146,9.74281957707696e-22,1.088553846231697,0.4356182367102224,1.042070162263358,0.7528326970002135
947,15,331,194,3.3794517643010304,4.75218838497042e-31,1.3669343547923765,0.015602519035803522,1.4080784001867648,0.023701940750880904
948,14,325,183,3.386985805330543,3.035707175240538e-29,1.3781821689027052,0.0049738897245807535,1.572405023052665,0.0008198644205795216
949,23,338,197,3.456660139229653,4.0922881295196114e-31,1.2810632941024773,0.051871253639475264,1.3278868788866462,0.04920587354065906
950,14,313,192,3.2246425398556977,2.8754165985806705e-27,1.1785596557513836,0.16295462065915567,1.196812269115519,0.20283857745971035
951,16,295,172,2.369006595749561,2.30645995220177e-19,1.0503354090562136,0.6282171868735373,1.039702854142613,0.748703370502399
952,16,335,204,2.6548134622567248,8.808147545963226e-21,1.057385735259269,0.6533329705368341,1.063756837915436,0.678903663588245
953,16,328,203,2.8597712780701072,1.925693081624703e-22,1.2280080557339046,0.06339330007283195,1.1647301230080294,0.25065861476665696
954,17,337,185,2.8900028568250673,2.4531924532096214e-27,1.1456506169820309,0.19034775839338958,1.2148089684210137,0.09959837380705767
955,21,358,204,3.83983040926422,1.8160674110608212e-36,1.3958557938823035,0.004876534660066093,1.5675800589866438,0.0005139560364455094
956,19,365,210,3.455459951288984,9.09967458853528e-36,1.506236701207161,0.00034381164326997295,1.5699902431816435,0.0005072772874597804
957,15,325,188,2.5821295682277157,1.1357492414036894e-22,1.1446462238877266,0.1798027182466505,1.1007951191685008,0.4228573430778496
958,12,340,198,2.9415777775337766,2.685219587089684e-31,1.2702840973632004,0.028999103139416428,1.2380846265344978,0.10278229657875806
959,21,318,190,2.4281683541573478,1.1437097149691115e-17,0.8652149090654823,0.18292169739996567,0.7905497014995023,0.052508070769118134
960,15,299,180,3.0936225862933857,3.80847808628389e-24,1.1451190702411445,0.25555635908773056,1.178008529739889,0.24048086969568938
961,23,296,175,2.534378394210597,6.652741737799057e-20,1.0080646105151785,0.9438532664500631,1.023493083167657,0.858676630768127
962,15,338,195,3.0015447180625348,1.9646504728576762e-28,1.455379762755901,0.0004915517403683934,1.4760628648181142,0.0017485451472504419
963,22,326,192,2.963496577511998,4.084353449324145e-27,1.1366468343456726,0.2747465690150154,1.173686627238596,0.21316323720393648
964,17,335,200,2.5635130633421865,1.2193257378744881e-21,1.0722409371503254,0.5084823302966137,1.081690878362152,0.5454290222350211
965,31,373,228,3.158958260362669,2.202948402444963e-32,1.0971041778847617,0.38782567936443324,1.130342154599903,0.3258943996757393
966,20,333,197,3.2900138364096776,3.7097540930422556e-27,1.378298439052091,0.011688868521011366,1.326405364978598,0.05682003951754404
967,18,326,212,2.858356016038883,9.051382482505491e-23,1.0895141747200068,0.4716669759204346,0.9751031221447616,0.8612927706634615
968,10,304,181,3.4998462605314202,2.94727305415636e-29,1.3776922994731282,0.013186901805286134,1.508989567518945,0.004467579361512358
969,10,322,190,2.830516046207242,4.636588345357416e-25,1.2110945536783633,0.06731494186293989,1.15695635415371,0.23612208733106288
970,22,343,218,2.858551479512321,6.21946127365555e-26,1.195683453755807,0.10355636906465279,1.016507748938499,0.8947805118066741
971,16,334,195,3.021801790870483,1.0455525230291999e-26,1.240766999744018,0.06027148922176589,1.300618685861678,0.046425055960963205
972,20,318,202,2.8958242960643408,3.9128182233383304e-25,1.133365924325042,0.2852534182512043,1.0396909618847074,0.776429788573815
973,8,274,164,2.495562353170782,1.1858413649158843e-17,1.1424613287186496,0.2770476277653202,1.1491616113691947,0.3424975950105541
974,11,334,195,2.9015753899039547,4.865938401687e-28,1.2519997611138307,0.038932037700250555,1.2718194752085645,0.04889853337028855
975,18,346,212,2.935026214671622,3.5837251168837154e-27,1.2424815616403102,0.042391131567648864,1.228633829679304,0.11149424814777756
976,20,334,209,3.553698745400008,8.693264421560175e-32,1.2681087959345752,0.05202299311118819,1.2985722151599222,0.06456324774990438
977,20,371,210,3.41188326917791,6.685974016078865e-32,1.4781875234527944,0.0005508500297152189,1.5572915768807132,0.0005697134925163745
978,17,330,184,3.079088743345583,9.945103791372404e-27,1.422379308933353,0.00160309408377107,1.5601181816592442,0.0005539070263620898
979,15,345,225,2.968632295096072,1.0612368855104051e-29,1.154656792256633,0.2078701845008335,1.080342105766551,0.5749140746305472
980,18,312,186,2.8710114205555097,3.4565277451228103e-23,1.1891073382806654,0.13624529994624815,1.1699413544120976,0.22668713259899098
981,19,324,199,2.833771682951311,9.67446233750603e-25,1.233997002798846,0.046474821766538735,1.1703948108771356,0.22041060880583763
982,15,306,186,2.6677627940903883,2.756849025064437e-22,0.9803325975150877,0.8594996696940775,0.972697511705867,0.8266668603057066
983,24,345,211,3.141103693868195,1.9112548260370613e-30,1.3059399126075855,0.017032629425935225,1.308776117277238,0.044441626954344726
984,13,316,189,2.857975073173506,1.7024306465730556e-23,1.1936147626294495,0.13489697109606535,1.219455049013297,0.16034642633730078
985,10,312,177,3.3787890842548056,2.1455534203998836e-28,1.5785906037753514,6.855339311756868e-05,1.630283165844439,0.00030202929640875555
986,11,287,166,2.518474464581292,1.9373667992018128e-20,1.1285517416965178,0.2804650144133405,1.1032375061669235,0.4485124635425407
987,20,342,197,3.3815415246535827,1.6427237021662312e-31,1.4629423237193893,0.000621733233386398,1.5663243206001223,0.0005315400910583848
988,16,329,211,3.0150261069635085,1.1310681365917403e-27,1.2669839351691143,0.03663533820316782,1.1455727144857184,0.3203865939248607
989,18,334,201,2.636902260842944,8.10534499481468e-23,1.2366556069348322,0.04741842826575226,1.2255231465904666,0.11686788737101747
990,19,328,201,2.737898582982766,3.374605751500871e-23,1.170486293726727,0.1817387906581579,1.1052744919760102,0.47689968802249494
991,21,337,212,3.049612529998019,1.2711967364545877e-27,1.2102801563452457,0.1008416957375584,1.1353745373475999,0.35335091408599384
992,19,272,167,2.4401896925884774,2.2426869285711865e-17,0.9528617419551062,0.6738293429675084,0.9515648933451745,0.7252351228511977
993,17,299,183,2.4461329227027133,9.39069775277854e-18,1.1310631713796104,0.27726046120705616,1.0349175954104843,0.8018977162810668
994,22,317,193,2.6798529081548286,3.31344499710379e-22,1.1356948914163696,0.254303436649865,1.146109949376105,0.3249570445583452
995,14,321,184,2.7822599634436327,6.462499073233834e-25,1.147220415147821,0.2167096762892431,1.2011012803757386,0.16784281110873323
996,18,336,213,3.0458673206229747,1.6791747567009547e-29,1.1852458345796533,0.1030005141969389,1.1834162976571383,0.17540803479107292
997,24,323,192,3.0136447962424135,1.4115535268362368e-27,1.2571890290009908,0.030939604225352905,1.2989943854730295,0.033719894958645975
998,25,343,218,2.976179972626184,2.394053902324239e-27,1.1563885722040967,0.17269342436710744,1.189395624861548,0.1789375886652953
999,18,349,195,3.687818927475917,2.093465047217603e-33,1.6631522927728641,8.564836718927691e-06,1.788633253042895,3.916267051929676e-06
